SalePriceLog,XGB,LGBM,CatBoost,GBR,Ridge,Ensemble
12.24769911637256,12.214484214782715,12.244640107976592,12.22524225439763,12.209639054687255,12.231820538068375,12.216823696330026
12.109016442313738,12.083166122436523,12.09023994915221,12.114350526771997,12.057874773763274,12.233248800264695,12.09317271953706
12.317171167298682,12.296045303344727,12.279079678512945,12.291832055132396,12.263146354588677,12.251499820286075,12.274070933616871
11.849404844423074,12.033461570739746,12.057782467031151,12.038160401861902,12.02209935537053,12.039285835595575,12.02962971074741
12.429220196836383,12.601646423339844,12.607332157242672,12.617970967278943,12.616716781005792,12.57278484222579,12.611647896940887
11.870606902224587,11.993191719055176,12.018330651831235,11.989943690550415,11.982888910190287,11.868330341804908,11.975796784175314
12.634606283893019,12.545954704284668,12.55967594992665,12.525047636470081,12.508221193722113,12.566917267065312,12.5223486969242
12.206077645517674,12.365130424499512,12.34366585832109,12.358097012929953,12.365025240725561,12.34968118533103,12.361569756846059
11.774527900858468,11.775911331176758,11.791161305764222,11.796084021089218,11.775833715013633,11.63421038900463,11.769275716826519
11.678448377988165,11.785449981689453,11.751968424845293,11.677609810950372,11.713606684818915,11.788435765769737,11.716654088589591
11.771443882099637,11.77187728881836,11.756453142045698,11.746995789879922,11.7603352249295,11.806463826862858,11.761596900486516
12.75130259456002,12.813924789428711,12.79413972675029,12.843872931739057,12.836816688581125,12.864327798222366,12.83911110086623
11.87757552297847,11.835742950439453,11.815821019008585,11.815258303488145,11.836876815021458,11.806410071220297,11.827506679460802
12.540761149388421,12.238860130310059,12.217969265252961,12.270939330802785,12.290646921854494,12.309922455995627,12.281219125365752
11.964007453736912,11.9760160446167,11.913622628164891,11.98499929894341,11.95444167170031,11.90809273614714,11.961686619494559
11.790564777297387,11.71012020111084,11.690810448666895,11.756715623665784,11.778207366968891,11.87526847086814,11.773568141115437
11.91170829631447,11.953248023986816,11.933241753048009,11.918920553890967,11.95565050753495,11.969098115012972,11.945521717341313
11.407576060361786,11.593157768249512,11.576875813843774,11.564165749820777,11.570865786925959,11.67320206009747,11.580245141773426
11.976665770490767,11.95699691772461,11.976904165297737,11.939754971099786,11.934191501800763,11.907438869527066,11.935767152803775
11.842236406331555,11.714385032653809,11.699377861047735,11.661873220953753,11.71209162897532,11.780809726741587,11.703310305160318
12.692506186542177,12.719091415405273,12.736228518200592,12.737942357237591,12.715808443329676,12.690034914480224,12.72051439167618
11.845109950883979,11.682326316833496,11.69129131259997,11.775491331653532,11.75708840372971,11.720464570818619,11.75185572423466
12.345838935721968,12.232430458068848,12.331265535426173,12.34232262990448,12.354805632377031,12.343877819960824,12.337763756150192
11.774527900858468,11.814794540405273,11.846723791593151,11.808876251915398,11.788731953528162,11.768527043220184,11.795624146701007
11.944714374881176,11.915973663330078,11.867981290354887,11.90960781858477,11.912390287760514,11.981131723208858,11.918065112484314
12.454107814022272,12.408120155334473,12.440586350458618,12.446488109103228,12.41067140434323,12.446835311152192,12.42446895277406
11.811554895830454,11.81807804107666,11.824773737622385,11.81053842692145,11.810921997699172,11.75691356420505,11.806689179265591
12.631343648903034,12.562958717346191,12.552732733832075,12.559494063807758,12.594068485283447,12.585616738827863,12.579745811405928
12.242891437918386,12.150620460510254,12.08814811457907,12.102034220009621,12.14210923772459,12.21144426332852,12.137070847833758
11.134603622683905,11.177980422973633,11.225632956424223,11.099035407293627,11.075585231082577,11.24218035919749,11.107870097630181
10.596659732783579,11.412752151489258,11.507876103373938,11.361539940205914,11.440472174240977,11.144863535795803,11.38738320003011
11.914054519303125,11.844891548156738,11.847672287479922,11.84659448083467,11.833081454937519,11.844875816928791,11.839404558167734
12.100161978566867,12.112842559814453,12.081486582462002,12.171081510526177,12.145295581389044,12.17654324767469,12.152619946581671
12.016732516077072,11.992175102233887,11.989497038372988,12.006040534637933,12.080391613077468,12.028026619722748,12.044388450475093
12.533579815765737,12.564888000488281,12.638893296606863,12.59599729944694,12.543597707253653,12.581096402711378,12.564917518761993
12.6410997921206,12.605009078979492,12.61868290673015,12.640350475829429,12.64299826740586,12.621603364963747,12.63646660518237
11.884495917930655,11.89090347290039,11.893982226021318,11.885812641703506,11.892735593410562,11.988015526055445,11.898992297139554
11.938199736300925,11.917830467224121,11.90417837778492,11.932749425051169,11.954334393507027,11.947802071642066,11.943564175156322
11.599112335481124,11.761796951293945,11.78221815395607,11.756227622548895,11.769837243470562,11.771733627474001,11.765089548974162
11.314486721293981,11.421833992004395,11.435877779544626,11.432841868588033,11.350195542271031,11.416542159015048,11.388290132444427
11.982935344196433,11.865581512451172,11.841717839463413,11.854159836143745,11.868293870920972,11.801638283351465,11.857784953267645
12.04355959836804,11.987777709960938,11.987382132540237,12.042557195493291,11.989695845783913,11.999997608082314,12.006388370234369
11.87757552297847,11.887965202331543,11.87020710004186,11.912882313802841,11.908836551817608,11.952620111700659,11.91188188618512
11.777218637129327,11.750215530395508,11.7970971569668,11.76704211747994,11.751272041695328,11.77434231535551,11.757993773711766
11.856522261533737,11.897604942321777,11.92756305715715,11.86473999030255,11.888579333345707,11.922664475549356,11.88533912986952
12.675766851909591,12.538557052612305,12.515424161750596,12.56933010387715,12.551126284394492,12.526677974963716,12.553171584279209
12.387089184491993,12.585203170776367,12.610631610267479,12.566424417188209,12.6227821712651,12.482559144764933,12.589432839609534
12.428019481065613,12.410717010498047,12.372836066781694,12.379845480298226,12.40116187151811,12.39218767893803,12.394881221879299
11.635151947212842,11.51266098022461,11.497406663159008,11.502331365400972,11.497271161188664,11.488847011768536,11.49959098858297
11.751950239425476,11.749526977539062,11.708218037507208,11.752298689255397,11.74968660322765,11.823637203947552,11.757080851694191
12.083910661257521,12.067022323608398,12.097533370237443,12.037113337128426,12.083256721566535,12.090609704924246,12.068350042248209
11.648338835562747,11.71651554107666,11.781362691207002,11.685572341296348,11.718024372276627,11.78155839313101,11.713761896831766
11.608244735642321,11.63719367980957,11.514780356031578,11.569935217494816,11.600995168356823,11.526136192297214,11.588549518703704
12.861001210669146,12.833227157592773,12.763855535950185,12.887694004847779,12.780551007430951,12.881540747014759,12.827239948986652
11.775297421715827,11.718844413757324,11.723829695141095,11.727430577231381,11.714221556110413,11.73133488501945,11.720207083064825
12.103491596905931,12.01347827911377,11.954585341409283,12.011109401074062,12.018863001054228,12.02743706481817,12.01674837408854
12.058158312538197,12.287898063659668,12.255039031649437,12.289943533874055,12.28390492956395,12.16700768224738,12.275662667616837
12.188422799337028,12.191499710083008,12.191545749354084,12.167255557540768,12.166240923868752,12.180964333741652,12.17040315068402
12.991755706536901,13.040566444396973,13.039294900135877,12.981735112836216,12.988520493369695,13.049958640982004,12.99720117258703
11.735276702486741,11.660290718078613,11.654063498709336,11.664601723095696,11.67369204714195,11.713661350902138,11.673179526003123
11.970356641102999,12.054377555847168,12.06458331816447,11.996718620130494,12.047590177403563,12.033926964048103,12.031686703617167
11.522885696764481,11.500594139099121,11.383325874491376,11.416675272186959,11.461502152382872,11.589414009427216,11.46334591269471
12.218500103788143,12.282238006591797,12.303588295380639,12.30156418745725,12.225867909516838,12.203652282152937,12.25240007594951
11.849404844423074,11.840099334716797,11.828149502428353,11.87616578113887,11.835495137047724,11.905554905109344,11.854512310855979
12.299112067295642,12.404802322387695,12.376875409209541,12.385235865445344,12.328665114312352,12.39534358194853,12.359367193047339
12.666660207428574,12.614526748657227,12.602520472046242,12.639154630867234,12.611639218793512,12.651552611587359,12.623812092951894
12.100717685412471,12.494519233703613,12.468845884184677,12.433267059142016,12.3481315565689,12.385987638126261,12.39193611966955
12.328294703023394,12.280583381652832,12.249517042235597,12.265826587096415,12.277533881508667,12.271430157751658,12.273758400637428
11.289794413577894,11.23453426361084,11.303594660099074,11.290445045047878,11.222133669083984,11.311475524122088,11.252007390094834
12.323860125621126,12.4111967086792,12.368616144727042,12.281860655976867,12.263323599441097,12.375286781013347,12.293801836133161
12.404927602627597,12.561456680297852,12.568211539612065,12.53845983161805,12.58655407552443,12.566628032068037,12.567725355335122
11.771443882099637,11.662138938903809,11.57604433363564,11.614992921509439,11.646637117528309,11.703418013434897,11.643722812421462
12.128116509451258,12.204816818237305,12.141745419712015,12.171825698512055,12.167869557330693,12.222283364692863,12.177648132290628
11.88380602959621,11.854713439941406,11.849716072365835,11.849959450910333,11.866072843944815,11.810904667150211,11.855126101525583
11.58432477200052,11.415811538696289,11.415407210475607,11.413212584567223,11.524425263151073,11.559408158345654,11.483062794075618
11.418625774449598,11.41614055633545,11.365921956636756,11.387444777750854,11.444232951578801,11.370159662278889,11.417629685831601
11.818577604251555,11.726240158081055,11.743178677283817,11.659800190516835,11.681142348880309,11.665871643674949,11.677860760061698
11.751950239425476,11.683595657348633,11.711269532263572,11.636246753375026,11.640547684378069,11.712590604927257,11.650024211461815
11.824087219587643,11.684843063354492,11.748290249310612,11.63647764321454,11.698663471221925,11.635782432562193,11.672866165940954
11.608244735642321,11.640473365783691,11.647169232347931,11.589163238034768,11.579480430209363,11.645793899063918,11.594469441559726
12.173037959397275,12.218256950378418,12.23959766157462,12.220617564423632,12.217540064602353,12.235376237663896,12.22013845323097
11.941462360646149,12.106621742248535,12.09142457412923,12.050127255868317,12.098327316468078,11.983009945921994,12.074279903957315
12.409017571151187,12.395648002624512,12.380914498938218,12.35620859279806,12.384984997105072,12.402050485100425,12.378894486596717
11.748005492256807,11.720808982849121,11.793873416491222,11.709438529152461,11.709237702668526,11.749424868588587,11.714059140643123
12.034696963475044,12.03172779083252,12.035127312885573,12.020261620007059,12.025521816352779,11.962482454757671,12.018912309862083
12.468440756144114,12.464481353759766,12.45568464636419,12.483656418989305,12.439101554411252,12.461434990103509,12.457105397617973
12.066816325306588,12.111495971679688,12.11088259827249,12.088019605686688,12.104185246338387,12.120424868995773,12.101492152504374
12.010671928196443,12.028573036193848,11.976229941593202,12.036545983605365,12.050383321615781,12.050122775826413,12.043990393743229
11.350418300109132,10.92199420928955,11.299190215930063,11.142244146186895,11.225457582834178,10.764580834059114,11.12857649991546
11.724813914587886,11.69998836517334,11.68083333009874,11.710081684127214,11.719496744218818,11.757398974096452,11.718087559880658
11.60733523953139,11.547999382019043,11.50135039780867,11.486728183822146,11.563047648863881,11.625355919086186,11.544068375483128
11.498836682527127,11.585824012756348,11.525065571804847,11.596851425513085,11.637257078332135,11.596047253681107,11.61619869116493
12.004574385508691,11.904430389404297,11.831566441001884,11.84071617563293,11.903347513258216,11.88988385952749,11.88333767201118
11.804855999911272,11.97367000579834,12.172758611875887,11.99563679660701,12.05820886834506,11.799869798855337,12.007689313303954
12.229549885708273,12.207961082458496,12.205212916677826,12.212898590924079,12.247652002306967,12.193500589932562,12.228321287339135
12.128116509451258,12.052022933959961,12.042972418781408,12.081773749853978,12.07935526457968,12.19189059219562,12.087416128661378
12.273735966890268,12.316057205200195,12.284774928641085,12.273775411722855,12.303466963425244,12.254923651683526,12.291419132937566
11.459007676978688,11.760770797729492,11.735613802837301,11.700860370100477,11.690670697063913,11.622621273890118,11.694696891676694
11.326607934898927,11.27242374420166,11.30183060361038,11.278897589765693,11.262218496036057,11.205006809905537,11.263157682294699
11.767187766223199,11.711244583129883,11.651948481070471,11.670652960604004,11.701923058444542,11.701124042950624,11.693345170495316
12.230770136157428,12.265251159667969,12.297908627677897,12.286452338750122,12.229404533000714,12.23616897271338,12.250838393013897
12.08954444723597,12.041193008422852,12.073141093506392,12.060942701241439,12.07087066296761,12.023978020704492,12.060692495897579
11.68658461118553,11.636603355407715,11.645001966711291,11.639886534937922,11.657570643478838,11.641874475200455,11.648718676926054
12.200562492481511,12.152721405029297,12.185339774668957,12.162303141067513,12.164792579744246,12.102278686912399,12.157230694551963
12.040614105490253,11.912888526916504,11.892128423067051,11.94097899385782,11.931158607225234,11.930613006903918,11.932239847420322
12.429220196836383,12.433952331542969,12.443823167695903,12.43559710551397,12.44847416560862,12.419140574565642,12.440500231967432
11.51293546492023,11.403583526611328,11.31602672707453,11.368809673872219,11.46170467986729,11.456192352636942,11.427320268557601
11.652696102959753,11.447896957397461,11.483426379573816,11.49684926478185,11.51212300905641,11.441799928452115,11.494761856094765
11.652696102959753,11.741096496582031,11.668454833967845,11.645459651542652,11.69183393205852,11.67614530421238,11.68137424013486
12.154784614286667,12.202518463134766,12.166735071498545,12.234022444320976,12.220594774371927,12.27710825788284,12.227893831916308
11.827013315851762,11.889898300170898,11.894858261604362,11.8765683537282,11.876827812044022,11.88990419703335,11.879233380668524
12.100717685412471,12.041120529174805,12.07745701304161,12.032531227767416,12.079746436296029,12.091259531163018,12.062639128755205
12.85832230788469,12.6566801071167,12.702042059009843,12.73279725300946,12.654237526546,12.789295617153169,12.690299016748824
12.28765724080691,12.355891227722168,12.389730390171286,12.330252173049898,12.308350792098635,12.318860918109998,12.320681461100564
12.466515835145202,12.412819862365723,12.417063975088604,12.354823687857035,12.408314191354155,12.394475562535387,12.391374933568752
12.07824495582233,12.001199722290039,12.013575879717372,12.021119293351228,12.00157431008795,12.094975714275417,12.015801890344017
11.842236406331555,11.627918243408203,11.763429625746495,11.746283716260994,11.759281992590562,11.681329203767557,11.735180138438253
11.951186847493476,11.862010955810547,11.866903646404129,11.870134180502014,11.866719796953786,11.933440018867316,11.873251899019836
12.676079399771027,12.728683471679688,12.765861360706731,12.595260537475083,12.711423748774902,12.766323626259357,12.68299498749221
12.0075668272517,12.05683422088623,12.072847454245625,12.045789239891091,12.06667017312751,12.092111494412663,12.061654533364512
12.100717685412471,11.989424705505371,11.963976778072627,11.973506181264451,11.975996017055829,11.727477232855861,11.954340951664074
11.51293546492023,11.520303726196289,11.448549698068636,11.44170215381703,11.53893355712797,11.464703968648568,11.501054064339288
11.820417517632333,11.801689147949219,11.820942985516599,11.850775796999066,11.8238987773861,11.887493974814724,11.835478060974351
11.944064817531656,12.024588584899902,12.049019733309036,12.01695883873858,11.991850500977659,11.902054257578367,11.994681159436619
12.10625783509458,12.034225463867188,12.080958337083912,12.054819834064794,12.061154638607402,11.955583581838939,12.047083592486663
11.344518647594766,11.36893081665039,11.41425605390758,11.438507895278384,11.340880257649399,11.493430817233625,11.386838633370427
11.759793355371237,11.867192268371582,11.855803640496134,11.809398737167808,11.832833038619764,11.770941819890723,11.823666496147835
11.373674891823535,11.424582481384277,11.451958314622285,11.386241392241091,11.411090179042285,11.445912762525634,11.408059904403354
11.951186847493476,11.938538551330566,11.942721516503154,11.928979501219112,11.923704241722502,11.862136441736137,11.921274747868432
11.918397239722838,11.864052772521973,11.833794124219386,11.830035142057485,11.876304449565,11.656286384925213,11.841401160107162
12.328294703023394,12.280205726623535,12.310070851365564,12.302864082085192,12.288039908992301,12.28460464547994,12.291421822403775
12.404927602627597,12.280744552612305,12.266467555850008,12.263340636262932,12.290021894849044,12.288581439998874,12.280903839155446
11.923384748066601,11.928045272827148,11.933231268778444,11.902283203663556,11.894492928283125,11.938342255281597,11.904142323223036
12.301387370778713,12.245573043823242,12.295644024662424,12.277448624598263,12.283003972817362,12.228584800987754,12.272693407515211
12.100717685412471,12.023179054260254,12.012941376384195,11.994738331325303,12.06374083992639,12.05878855493923,12.038385531445135
12.066816325306588,12.123283386230469,12.09090970131241,12.137713866804889,12.132886430179141,12.102811421572616,12.13068656916068
11.870606902224587,11.878108024597168,11.894444171539865,11.877385062359117,11.870455373695993,11.848662910376685,11.871365468044461
12.049424683420915,12.257704734802246,12.358099510546673,12.193776871789174,12.24472479757762,12.04989852672336,12.213199119305775
12.345838935721968,12.413970947265625,12.387183676347327,12.402763084937819,12.385293873156673,12.381745037423002,12.39313228588392
12.352339472153524,12.247431755065918,12.262066332144155,12.238644357944198,12.237058251271176,12.223165909561386,12.23733542814392
11.652696102959753,11.540094375610352,11.567167252255327,11.542411516633074,11.58333188012809,11.46665689109824,11.556184278888876
12.468440756144114,12.454634666442871,12.482602815318304,12.4249927326877,12.44027662580634,12.3986603310669,12.433377383397815
12.019749091416921,11.76108169555664,11.762698895680792,11.70707983615368,11.763975180851128,11.72545900359335,11.743054809075577
12.225880174775122,12.27322769165039,12.29257216688241,12.306849101996335,12.294587463585712,12.284571432860568,12.295247531748954
11.736077016252437,11.771181106567383,11.840901016004253,11.815285886929548,11.85142105348028,11.747737181922803,11.823164402635282
11.775297421715827,11.740113258361816,11.755654615673407,11.785815821668402,11.78653307915515,11.841402357058783,11.786566102435275
11.561725152903833,11.581838607788086,11.54512935920593,11.555215945952497,11.589295924898712,11.592535443997974,11.578545523440601
12.312686874960354,12.263407707214355,12.261774395706803,12.261746388807412,12.29502969809839,12.260769392214371,12.278734564231955
11.856522261533737,11.876898765563965,11.935525156604646,11.908446343077296,11.90460426570271,11.949137543257939,11.906968660711676
11.652696102959753,11.605781555175781,11.655777493076226,11.560041466098461,11.608669817224184,11.61483082303203,11.594246768245842
11.711784520403112,11.779840469360352,11.78592656144376,11.827328551511425,11.805848642006282,11.874868938726962,11.815902291007827
12.827731880206521,12.676097869873047,12.632670128154148,12.69454520386743,12.679409603013674,12.765825543342626,12.691385118454619
12.154784614286667,12.095084190368652,12.123522097073915,12.121416206221868,12.111020414959453,12.075341535081908,12.109364056600878
12.367345048436391,12.182714462280273,12.226297936169049,12.165639219388732,12.229645800383118,12.284609652689387,12.210524110800003
11.736077016252437,11.63037395477295,11.651381524040902,11.558147218682434,11.636345357665466,11.455420080757866,11.595931626248026
11.277215789596893,11.339920043945312,11.35022156290575,11.317966692374942,11.294249922896336,11.041539191673426,11.28337223745153
11.603688960617083,11.575634956359863,11.53848773106466,11.573331453934061,11.596402354274934,11.655088273347843,11.592603927191673
12.504327379899443,12.51414966583252,12.525427389489161,12.580760453155138,12.59407852726057,12.525547979424843,12.575890930815927
12.448630513463613,12.312158584594727,12.353372922911287,12.35163702488918,12.366625170364138,12.341325199972829,12.35436204706728
12.676079399771027,12.51436710357666,12.538753459118087,12.603835215350376,12.550807579368081,12.627559466511546,12.57003210334898
11.998439434579149,11.998932838439941,11.999182200472735,12.004201910226401,11.986211260898152,12.117632879393067,12.00468942725673
12.929993908996359,12.927390098571777,12.93496591556531,12.930627550858226,12.895765169863733,12.916394829865181,12.911316957832208
12.301387370778713,12.367741584777832,12.382501277399369,12.382061516896673,12.334861893338333,12.41956507841826,12.360002385485336
11.544433821905134,11.508594512939453,11.50744577556407,11.46006558323809,11.525112361126686,11.538432032769977,11.505003108251195
11.931642378754141,11.913650512695312,11.892603211261912,11.887669863067226,11.9074180458329,11.8464572660714,11.896622306176448
11.755879486687116,11.721275329589844,11.748660299144177,11.766326388761595,11.719321173653054,11.620708670952272,11.724882174694466
12.154784614286667,12.06967830657959,12.063495414620668,12.083531136217015,12.138141664174789,12.095391114950615,12.110944935263973
12.693501691489768,12.757040977478027,12.82589501044891,12.791988889677366,12.72652199667856,12.840480988004277,12.759561140107035
12.119975396053194,12.180843353271484,12.181982741728119,12.189893363235734,12.173795659910665,12.142057460293865,12.176522955044447
12.337105293891872,12.403873443603516,12.395005107558193,12.420849112878333,12.38144714189116,12.260785101818179,12.38479448725221
11.763691965388299,11.777581214904785,11.777939943599133,11.736651228167506,11.76906734596708,11.666704632280082,11.750968288501072
12.278397958261774,12.197015762329102,12.181534755610363,12.074581790726473,12.176199106342851,12.27739755209472,12.156665723325936
12.384223015005313,12.248376846313477,12.263133391025633,12.269467327932606,12.260615218656522,12.377641685457071,12.272537354796711
12.001511614739405,11.89856243133545,11.932128693427492,11.935950396528376,11.915496135622881,11.904645419813805,11.919000077948105
12.122696471358964,12.088034629821777,12.03207239571749,12.131437231732157,12.156917091868713,12.126361892103189,12.139566958653411
12.400820837540556,12.265166282653809,12.299457194206152,12.351907989207835,12.270552266200317,12.201618703836814,12.28840630668472
12.259618151783465,12.23809814453125,12.285164417298068,12.25426985293691,12.307476510148492,12.335257988080713,12.286927195560013
12.058158312538197,11.954301834106445,11.903369279065437,12.015020784008083,12.015860463583644,12.02604985920942,12.010335054382386
13.126032637428713,12.96178913116455,12.83834665367908,13.011600956747122,12.94243747920881,13.12282558985367,12.981419055350512
11.51293546492023,11.621075630187988,11.639088701534767,11.603756882020582,11.673909014460254,11.5561620327946,11.636874158685833
12.083910661257521,12.055988311767578,12.045361785857201,12.058958505828627,12.065703407710688,12.069946187182307,12.063070530518612
12.206577518060588,12.13347339630127,12.172848033628243,12.10211215170899,12.10578651044583,11.974091796807294,12.0956665008576
11.695255355062795,11.64247989654541,11.617542356895145,11.676718501302085,11.64380631441938,11.726475392610087,11.661013867790409
12.206077645517674,12.254053115844727,12.29971698480409,12.153513437800992,12.162418645936821,12.14379460550597,12.167267537650416
11.751950239425476,11.712542533874512,11.67433607469029,11.706223017304257,11.690161074669687,12.013679414284923,11.72622749912028
13.07107218827772,12.833297729492188,12.724486122008264,12.639981644659231,12.735044681384721,12.674097027423288,12.710751331705662
12.06105265381003,12.033950805664062,12.043387540298559,12.050935052152091,12.061410939219671,12.096809818041919,12.05865842695031
11.813037464800539,11.795999526977539,11.803608294686663,11.785521064026671,11.762681813411119,11.75986328937317,11.772673435568757
11.940399914116648,11.878288269042969,11.83828496778339,11.805127104205154,11.869626141788288,11.83648016599632,11.848051370639169
12.563750586299374,12.455754280090332,12.473683223499869,12.460845511928067,12.451427232937892,12.606926002923712,12.468629296517575
12.660331092405906,12.522395133972168,12.594051319117616,12.594081477998497,12.619077429323395,12.502300668658552,12.591360408529322
12.122696471358964,12.132455825805664,12.080276519910516,12.104322165328313,12.086878417216374,12.206256373634233,12.107413757286471
12.165255859329688,12.2201566696167,12.212748518651814,12.209165139373859,12.225478370862751,12.202538876615309,12.217963571973595
11.775297421715827,11.866762161254883,11.82223196106538,11.88254797878832,11.847698241756861,11.811356301898016,11.856883119836526
11.751950239425476,11.648850440979004,11.66238598078648,11.674577890331133,11.699384537922189,11.684774804530628,11.685508730005614
11.908346971208951,11.871850967407227,11.872147095608877,11.92617071932897,11.877752330763938,11.912422545368283,11.894884974677469
12.650351332641707,12.60013198852539,12.60186500132118,12.573017346475739,12.584357896628267,12.727917560584423,12.5953722649932
12.367345048436391,12.701838493347168,12.507047481205255,12.57339014386614,12.542914976520295,12.78995923163223,12.590203443706486
11.552155793461898,11.66596794128418,11.707593499421527,11.713658458120934,11.785239572459357,11.719451939261607,11.745751205623874
12.524166311833152,12.59955883026123,12.663813870448626,12.614997819341772,12.656665850976966,12.710858859365402,12.643198571526096
11.849404844423074,11.765058517456055,11.823820494844636,11.732496427896058,11.824553858543718,11.75896006398954,11.784904658136359
12.052344376474922,12.02635669708252,12.04017126799663,12.023319163727047,12.036994059851622,12.003828288680715,12.028826303453526
11.626263078808801,11.707554817199707,11.685171597364457,11.727023617456279,11.65833091392394,11.63167098108056,11.681632326044832
11.91170829631447,11.849400520324707,11.83909212242814,11.850437455481089,11.858137106838873,11.85838801964347,11.854956790804675
11.608244735642321,11.660958290100098,11.686094922648588,11.593656486612103,11.69411573717365,11.570382381987876,11.649369523528655
12.103491596905931,12.102725982666016,12.059367901717,12.15497615705517,12.076514721365719,12.175582288238195,12.11171176626109
11.87688084212164,11.811034202575684,11.83521781950527,11.827370208511615,11.845642237213088,11.651690505511345,11.819281465492546
11.856522261533737,11.765236854553223,11.765137223789031,11.805851476284019,11.821510875255248,11.765775558369851,11.806138308955227
12.531776395271262,12.392778396606445,12.351612981508886,12.420201306361161,12.40025410889308,12.319454996404366,12.39829193927489
11.884495917930655,11.961191177368164,11.95046456352371,11.941128464672133,11.947022395713788,11.986815457568506,11.950229027230682
11.49273296168228,11.395265579223633,11.493724138588714,11.455433783436279,11.50640626354234,11.455365749006596,11.47527847639423
12.133507329024972,12.032827377319336,12.02612642489619,12.030827268363309,12.035747165211454,11.999112596886398,12.03068791553756
12.439875187430008,12.430521965026855,12.3837199155644,12.404084990131361,12.436259742089796,12.428594221388993,12.425280985312787
11.957617696467539,11.905632972717285,11.907022442334465,11.947511211510689,11.892044359387361,11.960775041532724,11.916313189886878
11.993813394724253,11.892073631286621,11.887757003925874,11.92060681586841,11.887999556021338,11.934882413085155,11.902453284030525
11.808955099378537,11.85873031616211,11.918347191280773,11.851801921760455,11.84109140610725,11.776925074904877,11.840352303666046
12.25486757159303,12.266314506530762,12.260192231171105,12.25760851117838,12.211324289015632,12.258931019762931,12.235087985631006
11.580593459194764,11.31754207611084,11.258929496243177,11.265060817816167,11.298014162750833,11.422527448919151,11.301173714297615
12.649157827477366,12.361906051635742,12.370912010944652,12.376990639872787,12.40796859258053,12.416943289258777,12.394790156847185
12.027191164883384,12.033246994018555,12.034950373866021,12.052804395876958,12.051516986102966,12.11183874535386,12.055471522379147
12.230282214644559,12.251151084899902,12.257785258662658,12.263322589131606,12.248273098341746,12.247292138357613,12.253018957222762
12.206077645517674,12.255870819091797,12.300935496677234,12.258213641674788,12.253672882035447,12.181418753276576,12.248795284865901
12.100161978566867,12.039664268493652,12.055650173245791,12.062823489052073,12.074656184420368,12.036555811619838,12.064156218349058
11.48247656671073,11.687409400939941,11.718432242033778,11.641424363918269,11.7112784819446,11.640921066303434,11.681486620647364
12.864242696187505,12.987183570861816,13.009602630645293,12.974069241270067,12.890477709845513,12.987175817650439,12.93409366613171
11.626263078808801,11.493063926696777,11.514197738439302,11.452594433202027,11.483033730268298,11.47302273702229,11.473953080902644
12.577639650232573,12.44675064086914,12.504379537806592,12.471777375582844,12.494842804724003,12.496732682101406,12.483215485567603
11.571203807011969,11.480237007141113,11.494786191155743,11.458196319830234,11.484608438059599,11.474204870511748,11.475261952875258
11.736077016252437,11.669960975646973,11.733046236617572,11.686975860957883,11.731748275616049,11.581715008449736,11.698587049048426
12.167856627501678,12.151907920837402,12.167311518647619,12.199098293139155,12.164709506829487,12.145145900424035,12.172056293645724
11.904974309480183,11.869114875793457,11.862349350099825,11.865156742438408,11.84339178851174,11.857882665024453,11.853845916316885
12.90669432231532,12.843994140625,12.826209522274285,12.82552354855162,12.814774463046824,12.785282501758521,12.818315141235612
11.456365695436427,11.429688453674316,11.369895375673535,11.456227533178852,11.441864138602426,11.462307309308361,11.446808822695004
11.761354623750297,11.798234939575195,11.812233612267235,11.792924474068824,11.767373515253114,11.806504751604761,11.781693406452934
12.285350445351659,12.262609481811523,12.223050896039343,12.247388714470436,12.238584917610718,12.27839170773954,12.247221239998755
11.402005077384885,11.322144508361816,11.332802356402945,11.313517420027857,11.301394575673703,11.41184184827582,11.317029310368865
12.130815551850676,12.111042022705078,12.116188830602571,12.094903499495862,12.078524145461154,12.12190120287323,12.090621017763254
12.178192583415596,12.266593933105469,12.257771454110731,12.289676250844519,12.310100939803101,12.343060889672786,12.302513683347827
12.669809806411457,12.451255798339844,12.469062516842731,12.436763665484204,12.4970550509228,12.47802946778657,12.472544010159385
11.635151947212842,11.758176803588867,11.775638162175637,11.750864762610334,11.73510849951057,11.66137036573736,11.73558147098978
12.47801017053037,12.577630996704102,12.547194285103933,12.54005934244599,12.513712265170774,12.43971325404074,12.521463886489883
11.612779849672751,11.488134384155273,11.443948655184082,11.527675431645923,11.540891850806906,11.561523841045663,11.533448168042575
11.277215789596893,11.38858413696289,11.463127050910314,11.382106661093637,11.394237259822553,11.450426912305936,11.395037401003561
11.695255355062795,11.783561706542969,11.80261241204064,11.776871837221861,11.789605063652846,11.7655719455787,11.783000916492076
12.230770136157428,12.353714942932129,12.356976790136436,12.353033871466339,12.358886979882223,12.278059407587065,12.349362642466897
12.394628892852941,12.34679889678955,12.27855333739167,12.343804254084258,12.31973989410977,12.285250940387012,12.326636962056519
11.827743504053695,11.821908950805664,11.817524994558516,11.87507269880133,11.857250755737576,11.93558929368193,11.866096481167354
11.849404844423074,11.887927055358887,11.828130800526647,11.867622637674666,11.933623657159378,11.840249929397684,11.900741666249218
12.100717685412471,12.176386833190918,12.17200927276637,12.148181307106762,12.122710232681861,12.156786202111608,12.138845374890929
12.531776395271262,12.50228500366211,12.473293840857295,12.550131204234315,12.51016209154716,12.523435915555128,12.522628961270941
11.245059091624615,11.364851951599121,11.395674632392874,11.421068726716577,11.414534749367245,11.315357500019015,11.402636415527423
12.367345048436391,12.300155639648438,12.502520070280264,12.420079153184084,12.532467076970695,12.451012839488717,12.467897277271998
12.06105265381003,12.121282577514648,12.115393571846704,12.087503470183595,12.087966688952685,12.085037040740751,12.090911414448033
11.970356641102999,12.035828590393066,12.008412401288883,12.03284058693063,12.028832649043498,12.198610735724602,12.045947605715376
11.884495917930655,11.888193130493164,11.863270094994233,11.879049821054217,11.90613312432215,11.845491799384783,11.890722592013878
12.345838935721968,12.360285758972168,12.348623263152948,12.357355427907372,12.321967275356569,12.327347266263573,12.33698482219307
12.242891437918386,12.217273712158203,12.23660491598058,12.192644365140367,12.227947616235673,12.199176033772094,12.213638419736473
12.301387370778713,12.340995788574219,12.370236072949842,12.37884700858278,12.336951694921405,12.365657059602293,12.352579567486938
12.352339472153524,12.273542404174805,12.29294659586006,12.270286998366565,12.22848662842405,12.273579807167069,12.249673234234074
11.48247656671073,11.633225440979004,11.587256511916532,11.503149400262185,11.597716066762375,11.587001930419843,11.571767242239783
12.07824495582233,12.066875457763672,12.112142621386411,12.074347537902257,12.09349572297756,12.069153357747819,12.082859565792265
12.52815976788113,12.777045249938965,12.812848502334539,12.77462557262497,12.722186831991198,12.72724347489035,12.743985885129938
11.92504173829169,11.955689430236816,11.960263146571656,11.90553476799018,11.957239449337537,11.956724861562332,11.941424136541924
11.775297421715827,11.706113815307617,11.689007381285066,11.686203443835852,11.705695613787121,11.789542366207908,11.70735907462442
11.19822841866684,11.362541198730469,11.273383083517766,11.391431449117341,11.369687914692594,11.285640057425663,11.368010354033045
12.075400019877522,12.07823657989502,12.039850501560815,12.078057918422157,12.093610506888655,12.093377943428756,12.087348720477992
12.128116509451258,12.103372573852539,12.080545768801587,12.089153333945447,12.122468164208916,12.125888914597727,12.110795861094605
12.097936057925594,12.086477279663086,12.138423362726899,12.124437749666749,12.105581512639342,12.03797013002551,12.103302517929325
11.699413330633599,11.647528648376465,11.617496343299416,11.699536031150421,11.697540217926694,11.607507932580567,11.685057278933678
11.904974309480183,12.023208618164062,11.906915945237891,11.997723435365781,11.996497993897107,11.941349553833797,11.994613441013117
12.491255347155265,12.477910995483398,12.450346671234051,12.492516733781581,12.478109588284141,12.488712085012265,12.483389577682471
12.394628892852941,12.294803619384766,12.228809158114519,12.382385503011214,12.330902574455076,12.078368782890937,12.320210869611536
12.577639650232573,12.578768730163574,12.595651549728816,12.631057788816594,12.63204921488929,12.69293843335091,12.631849244002014
11.842236406331555,12.061885833740234,12.015876973592396,12.03053658873915,12.047997950503515,11.993485799550207,12.039239246301147
11.732069026983156,11.709295272827148,11.692385782801791,11.703538626288315,11.706223801780043,11.801967890104546,11.714294384707472
12.230770136157428,12.106542587280273,12.138079453002835,12.062446748481362,12.067726204475424,12.105169529363422,12.073384104016547
12.211065162153215,12.232166290283203,12.25325165784984,12.203950383931021,12.228061408509642,12.162679265629258,12.215338575125305
11.856522261533737,11.57895565032959,11.562838669240673,11.542644208574897,11.624768836338358,11.576898698286659,11.591080575319953
12.936754021718041,12.875454902648926,12.949952660086083,12.840090316791683,12.87277711389421,12.807950583928701,12.85737099461984
12.165255859329688,12.311851501464844,12.300304294892793,12.309792604250552,12.298820494568591,12.333277778237077,12.306528184682934
12.339295865674435,12.27238655090332,12.280573144731402,12.294524303276013,12.278483039426542,12.289896895758337,12.283736635894702
12.128116509451258,12.13011646270752,12.130421321576184,12.116995268890532,12.129437792346161,12.231344844245239,12.134873347196134
12.242891437918386,12.238519668579102,12.244030011966617,12.257141947249751,12.20245486068454,12.320713117275423,12.233180861700204
12.407383590534293,12.455199241638184,12.492408569753989,12.436921620521627,12.440528928949918,12.315197847888735,12.429691314098607
12.09626335986454,12.159221649169922,12.123645729449057,12.12612096408263,12.146092899116567,12.134441609149778,12.140337541834434
12.011886987792716,12.007570266723633,12.006317568077003,11.989003308937045,12.026553734721077,12.05219940430704,12.015603659631527
11.976665770490767,12.132685661315918,12.145427126876987,12.143079164453653,12.089183097925236,12.069068517047471,12.108027595346213
11.385103457032141,11.534269332885742,11.558142058634077,11.467720700768208,11.491079517566325,11.468079691780622,11.486305209014102
11.711784520403112,11.671656608581543,11.650300333644214,11.620962020708559,11.657553617113388,11.626474431154719,11.6451378460186
11.941950837487406,11.836362838745117,11.82930565209981,11.844172757006248,11.863335825753758,11.87814006976732,11.856164907346878
12.359784657728284,12.465898513793945,12.482757348681874,12.42054076283269,12.411673575762016,12.393781379805127,12.418196641614701
11.819681958463892,11.745132446289062,11.766944993419639,11.678470734096344,11.707359723517934,11.67204332559577,11.699268418429893
11.782960235741939,11.851698875427246,11.811063656032175,11.80447924554935,11.846621832247294,11.812325697450797,11.831335007077067
12.367345048436391,12.421610832214355,12.388157231570917,12.438511002497531,12.384822285753623,12.290129784090354,12.396252006604291
12.025755079404917,11.993934631347656,11.864740496722852,11.989501604787026,12.01743609859311,12.062557899006912,12.010679797929857
11.86710429621008,11.919136047363281,11.921152525684231,11.904379512459228,11.917183396618139,11.936544932903285,11.91524672985276
11.931642378754141,11.75732135772705,11.740343574322283,11.758858100136464,11.775427605056592,11.8242785339463,11.772979156856861
12.384223015005313,12.352887153625488,12.331350371152508,12.3510637269522,12.335396877639381,12.439994110384763,12.351250537412424
12.07254696717504,12.037463188171387,12.04538360600689,12.088630975973246,12.064556890584047,12.317590694331066,12.091761340620474
11.973516181427835,12.034675598144531,11.91739568493377,11.929058353233119,11.994733192803025,11.981853897235997,11.977760454377714
11.964007453736912,11.961771011352539,11.988355754334698,11.943695015492931,11.965138294241621,12.011930055723175,11.962514392602555
12.495007682693725,12.518916130065918,12.524460541001243,12.5523562248815,12.537555787848039,12.491215815204658,12.536003345707167
12.230770136157428,12.291033744812012,12.312511694543181,12.308163209417842,12.290253550090181,12.316467236274594,12.298087358541315
11.917730355182513,11.777139663696289,11.731351897007727,11.77155743499178,11.784839693827072,11.790381591277008,11.7805514547883
12.59473402514672,12.852616310119629,12.842502088799908,12.635423947016593,12.641011195013997,12.362773666936004,12.635668656677458
12.631016799175821,12.616827964782715,12.675825765896862,12.621449928722338,12.60583026001159,12.59940031412403,12.611076108485802
12.323860125621126,12.34147834777832,12.326531408028035,12.333321353879475,12.347088717040826,12.302280371867859,12.338355581088345
11.402005077384885,11.520886421203613,11.561661956951063,11.540143043751357,11.540434244694575,11.500664713256501,11.534821584486615
11.320565693461432,11.602155685424805,11.61917857421485,11.646273164012033,11.6209445971729,11.595601192950975,11.624436415225404
12.793862088206213,12.811573028564453,12.770363270120638,12.839622786008118,12.830891587174303,12.826308347148114,12.831177061158906
12.017336559562407,12.093045234680176,12.094234343470948,12.094670439086402,12.082543045816621,12.058062368882016,12.0850682812679
11.790564777297387,11.833073616027832,11.817034502676162,11.850152415665425,11.819468788752733,11.820522723497886,11.830195591409653
11.694421681264394,11.754246711730957,11.736730634085783,11.692726695177381,11.76075723319769,11.709803732444776,11.734997310974903
12.834683971615659,12.495951652526855,12.429878517411469,12.483263082925216,12.44377294671805,13.00851855408842,12.511506910308864
12.08954444723597,11.955211639404297,11.942758092500858,11.989409137791627,11.996930612669486,11.969840761521567,11.988042601621379
12.146858590895919,12.139183044433594,12.139131568840687,12.158313688906421,12.133718981774384,12.145535847918755,12.142752966429953
12.468440756144114,12.379902839660645,12.37892261332494,12.446713675759717,12.450515223419877,12.470279905689582,12.444043227307525
12.506180941677357,12.482117652893066,12.51495863378574,12.486773852360047,12.480482902455572,12.444770660028812,12.479349183322675
12.468440756144114,12.679281234741211,12.72836702439961,12.696911147922295,12.698413299324518,12.68362523539602,12.694713557736653
12.141539457711714,12.197774887084961,12.147742594991938,12.199389966283777,12.189663117684,12.143425041104544,12.18927515962434
12.74444728628135,12.860040664672852,12.843776664937804,12.811018908613839,12.798181661817871,12.817058440360533,12.809962782760913
12.777055016970678,12.726583480834961,12.6837952935664,12.727922539162341,12.748600760565582,12.732369756908254,12.738691275361878
12.614868865984631,12.459770202636719,12.513514712445263,12.569087889600885,12.504307591910898,12.498812112083268,12.518903319232173
11.745433036677353,11.708910942077637,11.719543483946218,11.692539695933728,11.664514949337015,11.65710623835284,11.676774386229555
12.396697137361691,12.43089771270752,12.417680291366125,12.453858131206953,12.48411850924674,12.555729579330327,12.476046071960413
11.373674891823535,11.42452335357666,11.365478096640002,11.360963845442857,11.449262835672442,11.506091053498235,11.425201781255275
12.688501881189456,12.510276794433594,12.530754242490694,12.5128335078427,12.5211188040624,12.57583609474906,12.522427018663194
11.886218559372042,11.896571159362793,11.893614483790639,11.89161134861078,11.903193012915432,11.888084600231782,11.897677606448966
12.276069679344003,12.095311164855957,12.069248947421418,11.990183646642906,12.081922336398927,12.001150744285198,12.048332343229273
11.264476926102367,11.297802925109863,11.203280132735177,11.237096598358061,11.384224865161048,11.336869030137311,11.326873611418613
11.686887175419702,11.848519325256348,11.846002992028248,11.829619492884566,11.812943479202243,11.891640325286794,11.828599656087544
11.842236406331555,11.801837921142578,11.815785726032223,11.8066327388845,11.8089904699382,11.76996491036374,11.804065617567476
12.556733038263905,12.758249282836914,12.874518711258178,12.660302191079223,12.651166626512028,12.68625690940455,12.667824864255909
12.240478903153711,12.114540100097656,12.06653458486192,12.1179520069374,12.153680769024417,12.166891908836101,12.140142410163799
12.165255859329688,12.184389114379883,12.16812528994058,12.184770127907923,12.179015481635819,12.22001059166493,12.18496375956431
12.34126328584159,12.171036720275879,12.18266177792742,12.165313430149574,12.211454276242293,12.535093510886348,12.222439028203754
12.841132451487937,12.776895523071289,12.763399957669197,12.783207015247848,12.828626000199513,12.860949671380483,12.812607986431756
12.273735966890268,12.316015243530273,12.324643445166211,12.314330692576595,12.294907451278602,12.266451217619258,12.300345323552087
12.218500103788143,12.263644218444824,12.299172227933143,12.254407611863803,12.280512746739909,12.216709031621878,12.26522207778417
11.951186847493476,11.904224395751953,11.881775783271998,11.91473114462411,11.91974580064459,11.86249394655804,11.911545911981484
12.220473454337986,12.305706024169922,12.281470835300581,12.32110025365869,12.270423717177097,12.283384646432012,12.290431751953069
11.314486721293981,11.309077262878418,11.336943001603297,11.235617524518743,11.345775330623928,11.327527394649533,11.307189815396926
11.37940550085183,11.424627304077148,11.462706036753998,11.432368958841339,11.423503202551334,11.415171012738327,11.425547306856469
12.491255347155265,12.51144790649414,12.546593158520526,12.490772301870697,12.522836706098019,12.567307383938822,12.515991817134553
11.350418300109132,11.396964073181152,11.434608233430934,11.394339984915856,11.359589798016618,11.379092789900469,11.375584406125663
11.850832386224807,11.869357109069824,11.8583811526792,11.82945935026816,11.846103434263242,11.839266382205771,11.842801222573652
11.928347504569842,11.870829582214355,11.85663732505157,11.881170072203172,11.866465395072026,11.667465135896935,11.853525883982112
11.967187086434018,12.083803176879883,12.08354720940591,12.124060981245307,12.12719789115964,12.112354125562959,12.120562072020654
11.944714374881176,12.126265525817871,12.110751019235295,12.116030600399116,12.117365705286618,12.15399592764063,12.12113646770505
12.988043102265232,13.082757949829102,13.080049958998174,13.055603815888976,13.059509812540021,13.023696191995917,13.057459081086172
12.670001611311875,12.607888221740723,12.586617631160061,12.629499766956055,12.59877467397036,12.58437251501558,12.607678872011173
12.154784614286667,12.194894790649414,12.201763506903061,12.238836656372408,12.19498569436708,12.157960376146532,12.204903228152563
11.461642696843066,11.448307991027832,11.533553485683827,11.424547207862485,11.4608765862187,11.480848170274621,11.450431622401831
11.570259974415547,11.56466007232666,11.595885951292939,11.583430135498023,11.57328800405652,11.563971807463053,11.574649741782219
11.849404844423074,11.923924446105957,11.944496919844436,11.962370425337573,11.892124024102177,11.879018851127151,11.915357931807291
12.086731521684555,12.075516700744629,12.074999807370562,12.062576060722392,12.087877237111677,12.033969350830924,12.074168285457203
12.06105265381003,12.030229568481445,12.0515986916951,12.03107603593185,12.043983964859263,12.023611397962576,12.036880172269797
11.80560254159177,11.882038116455078,11.87807984602957,11.873631049533742,11.88890730691072,11.761738836293222,11.872217576560347
11.775297421715827,11.76848030090332,11.726300290955194,11.781539278861086,11.768953005746628,11.720279801236103,11.768348083150874
12.54254845357358,12.535012245178223,12.50410049971101,12.576035855019848,12.567217735149177,12.594369715126797,12.569076387448874
11.957617696467539,11.917058944702148,11.907402701197372,11.916679195725182,11.93343891125917,11.988666610962277,11.931677419818792
11.884495917930655,11.870774269104004,11.86065752701015,11.797172020154605,11.869536117443229,11.891672954467907,11.849790475220955
12.198549416880068,12.150689125061035,12.119914561402013,12.10883209455817,12.113504493373688,12.17551322500498,12.121381356991394
11.678448377988165,11.574827194213867,11.535981482031843,11.547476408540872,11.56146145789972,11.63937700686558,11.565557568157692
12.154784614286667,12.124531745910645,12.133065205595166,12.140952824541102,12.11897253255144,12.077297058568568,12.122436910654594
11.898194668458823,11.796429634094238,11.789584385157402,11.725425809695986,11.7491978154022,11.61073899692828,11.734366654635101
11.976665770490767,12.033585548400879,12.031596076260806,12.055361553339653,12.061571948499852,12.05061312286,12.055903793575377
12.013706813470414,11.960054397583008,11.990059878780283,11.911335307960002,11.953010895701942,11.9728228825544,11.942907457803924
11.790564777297387,11.842856407165527,11.837748040797363,11.858347465781028,11.858484954379053,11.827793223255405,11.854125264955526
11.995357787034976,12.015168190002441,12.010847384493134,11.996126159325526,11.999040394211368,12.042548838451268,12.003676296183029
12.057578437658945,12.085287094116211,12.087113472183175,12.081969491979686,12.096009128524777,12.10445569099171,12.091448671048973
11.808821212646512,11.728655815124512,11.661525450247055,11.681492472924381,11.710115743409885,11.680603371322555,11.70069224986282
11.736077016252437,11.669578552246094,11.644845516737147,11.708028892178575,11.691637586414387,11.698270351462778,11.694965187634667
11.719947764402807,11.73508071899414,11.72735853127133,11.694239175839611,11.712017040624497,11.733265644588391,11.710868143971016
12.299112067295642,12.211987495422363,12.208521218159477,12.227053396381717,12.227562834847125,12.215633043003898,12.224776105797398
11.0186455364637,10.996878623962402,11.004350426359194,11.078502356380525,11.086778129786307,10.781334248193426,11.047898426395555
11.904974309480183,11.748064994812012,11.743034753633209,11.800035899115644,11.814576273191634,11.861311794210183,11.807688373741733
12.73670383776449,12.597980499267578,12.558492016312105,12.636909833364111,12.585612094458645,12.497348589470423,12.594442193377155
12.885204569609956,12.783075332641602,12.73925999864911,12.579780817641653,12.611684531112568,12.755322526813345,12.632129658205491
12.095146671399466,12.092379570007324,12.07474507845046,12.071757144572159,12.100761174968584,12.099219682352288,12.09102263943788
11.751950239425476,11.891692161560059,11.855677786868505,11.871431128467604,11.87407170713725,12.05689795645018,11.891414646055216
12.142871895843887,12.246940612792969,12.229693198406324,12.23447040576012,12.235771718947177,12.267056771036174,12.239302033599081
12.271396795480596,12.235716819763184,12.250520232695605,12.233979711830017,12.252924966651936,12.220080800517701,12.242534386858427
11.23850177707664,11.207026481628418,11.119873167649699,11.33211896921011,11.262119790720135,11.383109996274664,11.288556503435487
12.388398368982115,12.48117733001709,12.406317400577064,12.44067889522057,12.440820722576126,12.435993944593044,12.44439994514923
12.165255859329688,12.107245445251465,12.057053663896436,12.153476065056468,12.11478821865137,12.124933655001932,12.126621649059715
11.302216779257382,11.301392555236816,11.219563556382012,11.369432376012258,11.320890646751469,11.390083476648321,11.339785742365855
11.736077016252437,11.83623218536377,11.689010071726042,11.786751557957425,11.768133437162364,11.806737817900629,11.784053484090663
12.160033942617156,12.179023742675781,12.206732812379933,12.180149279315248,12.199659967818452,12.168012947533896,12.188861447147817
12.962196972666593,13.000872611999512,12.963923968002844,13.02919809370345,12.977729749637406,12.942958167538153,12.992483412669154
11.686887175419702,11.75740909576416,11.753145905611722,11.79741765016237,11.736785625266844,11.77542717673631,11.760626767207595
12.278397958261774,12.315574645996094,12.293320827553597,12.262064069449865,12.275481841887663,12.307807317266946,12.27835215329754
11.575909653758895,11.594910621643066,11.58233419103481,11.592998873625708,11.566976813692044,11.555631175975869,11.576625182269368
11.51293546492023,11.40097713470459,11.452512113142465,11.381872507153682,11.402734124106281,11.372486936288198,11.393549611397521
11.599112335481124,11.678607940673828,11.696307911065139,11.653566802834703,11.648098596397027,11.590338466586132,11.647643023765966
11.767575435251748,11.764299392700195,11.76064814365773,11.814160613219924,11.793656141472164,11.745932813597253,11.792625667791373
11.719947764402807,11.764969825744629,11.747702483567512,11.745883688652413,11.771785814242376,11.717378638639804,11.758407691952598
12.040614105490253,11.907276153564453,11.941292855938675,11.919024561491625,11.926079384802863,11.978051938361418,11.926713622111231
11.112462823634855,11.242831230163574,11.307623549927817,11.265672869783359,11.281770498920961,11.204768841462633,11.266102875492873
12.392556361841777,12.277873992919922,12.27894145555291,12.237386827702673,12.251791381058752,12.267943243250834,12.251508063492173
12.411056299528171,12.349437713623047,12.29996124488758,12.369535512412,12.303933716996069,12.37933199103575,12.335066289895112
12.013646205940514,12.101594924926758,12.057600205343501,12.119784229156107,12.112472161205128,12.158589678309154,12.117716831627067
11.58989576532275,11.540863990783691,11.510456166086405,11.537560173625076,11.513177317689536,11.57248396658796,11.528632030808396
12.460718739865236,12.439033508300781,12.383694810103549,12.406053791967077,12.390494489900258,12.402804265393549,12.40117146726892
12.031725210748633,12.055594444274902,12.067557313972223,12.032340740690168,12.031343917485044,12.033393806760492,12.034264695208709
11.918397239722838,11.937677383422852,11.936412372097383,11.858885273042445,11.970076123112975,11.925926188419332,11.929291314334238
11.652696102959753,11.703200340270996,11.76709868903708,11.722231286645707,11.732478981762013,11.489445849153535,11.704682026720056
12.083910661257521,12.004494667053223,12.021949154598557,11.982197905065414,12.021087373850273,11.97590839962536,12.003631514702251
12.54254845357358,12.516552925109863,12.520557047059004,12.533057727439708,12.472700598309668,12.607004933398507,12.507357905041419
12.73596827534975,12.653266906738281,12.6240159314857,12.673340810208238,12.650082751987425,12.679705883007733,12.660078425832051
11.002116507732017,11.436322212219238,11.505119204481362,11.524131795138164,11.453870899697847,11.56978482599987,11.483703862031778
11.884495917930655,11.83911418914795,11.846417777466105,11.909673184867808,11.866323301288146,11.789713970897198,11.8698208850315
12.310437165348775,12.374341011047363,12.340072874176785,12.387090881618082,12.394286633534021,12.442473495958566,12.394424580030435
11.652696102959753,11.572049140930176,11.549675063264111,11.545779303225537,11.538838502301848,11.475427914397043,11.538593050132459
12.337105293891872,12.380253791809082,12.346432713746964,12.342722742935685,12.406477859132826,12.481151980658087,12.3912772125818
12.106997888588934,12.205774307250977,12.205679313423506,12.161069563175351,12.163350008498954,12.150870181312648,12.165805892654685
11.915058360753719,11.96774959564209,11.972837742360538,11.943082260976938,11.959566523685742,11.98467731739421,11.957659170406384
12.384223015005313,12.44973373413086,12.393239137560418,12.265458381176796,12.307184758914081,12.377654709875191,12.315214797315774
11.744045122410057,11.632411003112793,11.57303752873074,11.584932354820376,11.643809960676826,11.55683141246502,11.617097236538946
11.863589378812122,11.81108570098877,11.789316479375989,11.838459152306118,11.830340203485997,11.855313729006326,11.833093726380637
12.237091546357338,12.158047676086426,12.065852905245707,12.124217402492029,12.209983946803144,12.182809676347903,12.176433888533198
12.278397958261774,12.276871681213379,12.27518625162434,12.29024046502301,12.264034675285833,12.242248478133913,12.27128705345671
11.635151947212842,11.603553771972656,11.61247502182484,11.633335332118513,11.661020662342871,11.61694543509242,11.642940767902275
12.660331092405906,12.68114948272705,12.734434979059268,12.706114779472841,12.676053193706101,12.630033629470965,12.681522447338969
11.842236406331555,11.886001586914062,11.912010603462189,11.872271475931981,11.877344917250744,11.859243871068816,11.875061758061237
11.813037464800539,11.821138381958008,11.91394615725547,11.829790523948772,11.828788812890066,11.888018524628887,11.833626138544677
12.524530013005734,12.371184349060059,12.31825305955126,12.403781590941307,12.395615195331537,12.377332981265102,12.393989931456243
11.599185726610004,11.682162284851074,11.72452226060072,11.642948949210727,11.645193910479032,11.614352868058365,11.645468351924455
12.182809136284991,12.189162254333496,12.216758075959932,12.190356365741536,12.176500288330178,12.189464612064036,12.183117321755496
12.07254696717504,12.077628135681152,12.036508532999617,12.056486389014644,12.077597976914362,12.188201074443755,12.081129180870779
11.355113089309977,11.529495239257812,11.574844179353333,11.50314955092973,11.519013987066867,11.45886172894313,11.509890270827157
11.288543647320601,11.61048698425293,11.60148309005348,11.580568536498077,11.556889082312129,11.726779439730745,11.58463604631842
11.715874472198905,11.722982406616211,11.771745200012317,11.720404640090688,11.738364231646848,11.684377811284346,11.72656170354785
12.10625783509458,12.084176063537598,12.081013079308681,12.067306709272586,12.072198209598831,12.099888875621314,12.074403806337624
11.302216779257382,11.335232734680176,11.33422686126586,11.296060856277686,11.347444562126784,11.282791533936358,11.324912163209227
12.264346270624157,12.267464637756348,12.254045962584753,12.247267073181398,12.288923731069373,12.47093010565109,12.290485433744612
11.661354090741,11.586614608764648,11.577694022854882,11.651234336424716,11.633904823516396,11.65599663363977,11.636365202237435
11.686887175419702,11.57070541381836,11.563223809233685,11.620432254891892,11.624389237572567,11.71944681989314,11.62631264136052
11.411457364027745,11.497818946838379,11.398441393877,11.58102038161491,11.583624639097794,11.668112667873583,11.581783165972574
11.608244735642321,11.743738174438477,11.728786876358134,11.817742871168385,11.76719494732207,11.721939860152041,11.77605056382644
13.22672519452875,13.143933296203613,13.117214527104046,13.097086009994415,13.131208532427745,13.284855754998725,13.135940213030631
11.678448377988165,11.62124252319336,11.678228001099484,11.65411440914145,11.633291113450836,11.540375932572534,11.630049244052186
12.000897933306716,11.88499927520752,11.906299898232948,11.869695652743674,11.910461090932744,11.911448348702784,11.895681443623582
12.058158312538197,12.141186714172363,12.156088892459213,12.128743080852153,12.12246143444597,12.142036111728995,12.12799218928898
12.25486757159303,12.287348747253418,12.26764004301504,12.295627702155523,12.270697759539205,12.275967378768184,12.28037058191969
11.755879486687116,11.917744636535645,11.887535416879263,11.92481217458164,11.918746917739016,11.979532543358287,11.925920498738495
12.154784614286667,12.269021987915039,12.230219008470362,12.257196804832741,12.335075646943807,12.171757977269076,12.290299028159218
12.20557752297723,12.224373817443848,12.214348070354616,12.20246357947474,12.249120503735138,12.222435767687566,12.230155880533513
11.691080018519527,11.75832748413086,11.75314815661531,11.764550826721436,11.766081919154447,11.757829706825317,11.764101655425568
11.695255355062795,11.607932090759277,11.538062836653078,11.582195565592153,11.591495952409586,11.674690867457763,11.597787879071511
11.608244735642321,11.52010726928711,11.573138997329364,11.53396951644944,11.540704720687899,11.589157029278791,11.540940026039717
12.54254845357358,12.31351089477539,12.264736869352978,12.346264651089593,12.315103330067,12.368642818962956,12.329147192647516
12.225880174775122,12.202333450317383,12.207724975562234,12.194404406979325,12.16938573809409,12.243541193141883,12.18689053124923
12.25486757159303,12.31612777709961,12.343773379887086,12.32611994985131,12.33710123340095,12.216756456284642,12.320902548672677
12.144202560946876,11.838765144348145,11.848767962907093,11.92345694993826,11.93458370754922,11.906172888712177,11.919053849681573
12.075400019877522,12.02353572845459,12.030878005861622,12.038377525577314,12.03057423260003,12.050044576952178,12.033966906477609
11.49273296168228,11.431947708129883,11.410615869940239,11.435672114213482,11.370863462029188,11.3857720990927,11.397905510670883
12.45293662970407,12.124346733093262,12.121492461703605,12.218661440587457,12.186329471420557,12.181481628949467,12.189432038129542
11.989165855127435,11.953195571899414,11.942624090751707,11.93448223407039,11.917610348396526,11.858811504849378,11.921015320467582
11.608244735642321,11.674731254577637,11.620376285487971,11.678208645304501,11.688277442019327,11.715894917291171,11.686348917521627
12.481565733211923,12.481781005859375,12.422514170663671,12.49084348832924,12.454961959059867,12.402533325483844,12.463797100754322
11.951186847493476,11.886127471923828,11.929317508146635,11.974520461642875,11.95039421278889,11.95955244544514,11.952043502374801
11.04106411122238,11.770516395568848,11.74482148095086,11.725522125230164,11.745291741569373,11.713814272416101,11.739037411826995
12.147919030759663,12.137901306152344,12.153719251978794,12.138749671485627,12.159681223557493,12.191627940317103,12.154032893325963
11.728044909070785,11.704651832580566,11.68426992256358,11.647002340375378,11.705651350074268,11.698850210786725,11.687231432581159
12.093693109638318,12.051881790161133,12.035525694259233,12.066361463787217,12.091273749594691,12.059907604167046,12.076985023651405
12.025755079404917,12.008635520935059,12.025046616647558,12.05574378802745,12.022224368926732,12.146120828137098,12.04207488253943
11.89478753335453,11.863076210021973,11.84554078207174,11.883735795165776,11.875477852347357,11.914678991767895,11.880235721999513
12.429220196836383,12.385622024536133,12.391891001456084,12.385835112775636,12.415174115614457,12.418343217638217,12.403629417006503
12.138869243416009,12.120599746704102,12.082136724523169,12.107844690241556,12.091913960543895,11.957110994756603,12.087536236154369
12.264346270624157,12.375764846801758,12.332242604651372,12.377010457121889,12.370763383021465,12.28789952279022,12.365732703343008
12.154784614286667,12.181139945983887,12.163656355501587,12.201688271767129,12.193717322254942,12.166291507351568,12.19240512862511
11.904974309480183,11.8368501663208,11.85674150934682,11.847107759505466,11.84144458378734,11.774186298215344,11.836670891331334
12.994532278619134,12.83743667602539,12.866901337983068,12.798222927725638,12.815241747614081,12.745104724267893,12.80605216524849
12.433212202169729,12.413969039916992,12.447205005636908,12.411781904452813,12.417239556684883,12.496224742470503,12.422335218976587
11.794345471549745,11.815040588378906,11.829658709974249,11.793787201998894,11.790935485657045,11.85734997661633,11.800164959657328
12.249615734512616,12.237361907958984,12.262094063265474,12.23937417636603,12.241054184950048,12.3105288846472,12.246396666860365
12.847929163278053,13.036615371704102,13.062474563674469,12.982566311200472,12.907532031059272,12.801660494398728,12.933678578982263
12.601490784782536,12.637988090515137,12.699655713960029,12.626487312833653,12.61886736110617,12.602964662544618,12.62166535121265
11.401681006153428,11.724602699279785,11.746243396541807,11.696727000516903,11.696119516260906,11.809505392257062,11.709316906001847
12.694655727828803,12.780789375305176,12.753136593722932,12.824274609290773,12.768956431116582,12.772796692536573,12.787193734858993
12.832013750189885,12.778547286987305,12.75106224993389,12.775761815359038,12.811290212433214,12.832762512574707,12.799194778398409
11.951186847493476,11.996028900146484,11.945802712643246,12.045408816636767,12.010712185745618,12.028695689644731,12.021324847252494
12.00762780434872,11.95057487487793,11.942895523102482,11.942651217418998,11.934082313937955,11.892924906542937,11.934641543073472
11.794345471549745,11.815393447875977,11.783449448048135,11.795225280797842,11.81686626697064,11.808915479315498,11.809471360606343
11.898194668458823,11.841360092163086,11.812484851563612,11.856220133717844,11.862463959317006,11.872453510305178,11.85935283795155
11.957617696467539,11.8873291015625,11.901443371898496,11.87992301413247,11.908926658701452,11.92159748710987,11.899133124859418
12.07254696717504,12.022284507751465,12.0485866503478,12.077912787451925,12.081622338190165,12.0686984339121,12.0733838485174
11.982935344196433,11.571173667907715,11.670820747728612,11.709939488625048,11.591357240183315,11.675026325435198,11.63263015500074
11.362114203075018,11.424811363220215,11.437453984962403,11.506249369074636,11.454160340088892,11.38184210328955,11.46046617816806
11.652696102959753,11.616756439208984,11.656321751140238,11.553882243808777,11.578827385831218,11.613398242125804,11.578200398916541
11.798111925972618,11.926650047302246,11.879288504152843,11.92561109195379,11.951000767131225,11.849092903085648,11.931762659228728
12.059809113551397,12.065418243408203,12.063613486917907,12.003615214966306,12.044737770894168,12.109990160347103,12.040240020312154
11.951186847493476,11.874608039855957,11.860043990050597,11.885148321481761,11.905427477834358,11.992369960219134,11.903992334930885
11.421917019425596,11.494458198547363,11.514893196053889,11.52982703555996,11.500128134398533,11.521242145796544,11.510417394626957
10.460270761075149,11.167717933654785,11.336825107250858,11.248418769570623,11.324991932205249,10.910178645130182,11.248926778533736
12.971542813248437,12.694053649902344,12.653205283885873,12.792189384281386,12.861967867754998,12.955656996364958,12.832416669519914
12.122696471358964,12.108383178710938,12.106631623294577,12.089972974482004,12.169626803198861,12.053998000272465,12.129067437781819
11.775297421715827,11.770284652709961,11.813440363726853,11.785308338159249,11.784918659353533,11.803114836897905,11.78519547209056
11.695255355062795,11.770720481872559,11.737478724153075,11.771588948015955,11.746356465766784,11.784063656122044,11.759799944851164
11.635151947212842,11.68789005279541,11.691718013059893,11.653363893956929,11.651680427537382,11.593488922113131,11.650615984981277
12.331387247601905,12.290168762207031,12.33250880816986,12.268924225559998,12.271856618062996,12.252332823963455,12.27106260213475
11.849404844423074,11.835208892822266,11.861794116547328,11.861878652317055,11.84510359576044,11.858456906139558,11.850370867150549
12.574185427296195,12.512062072753906,12.511408348984704,12.48636252608309,12.556373583151112,12.6391449846633,12.538191754690041
11.898194668458823,11.85692024230957,11.857465132899547,11.889110287420747,11.868485539429912,11.83969725128238,11.8709741552984
11.732069026983156,11.759777069091797,11.769974303318845,11.765590713017858,11.741413895731085,11.736478610467394,11.750117557777111
12.278397958261774,12.32029914855957,12.311824017034771,12.300072499961308,12.295276919143896,12.308688180187197,12.300439643769076
12.246739428005663,12.051036834716797,12.033831348393567,12.072935202054325,12.103340485738945,12.130123427547122,12.0913025391146
11.989165855127435,11.928466796875,11.938599069944715,11.963552919713875,11.934782882055584,12.153427132320772,11.96241349519801
11.732069026983156,11.872467041015625,11.894570768531011,11.875254917351661,11.883941255837176,11.866765248907535,11.878627564221826
12.013100572810686,11.973087310791016,12.033651631358493,12.000761326413867,11.999934772112407,11.953017460763935,11.993286313371078
12.2193145828011,12.17724895477295,12.179437547478042,12.185940511361895,12.165889601129738,12.197742902844665,12.17593776800633
11.774527900858468,11.74146842956543,11.68378043666667,11.706073021067766,11.733791503634773,11.648562089892565,11.718561042134194
11.80560254159177,11.885770797729492,11.859299626756888,11.866395918156485,11.839338839975209,11.810140674386874,11.849559582040074
11.477308649967686,11.513090133666992,11.497087400498168,11.512761439174989,11.600774546372469,11.343995194100597,11.542396087797716
12.90634935052389,12.964227676391602,12.933332560466459,12.988042639027855,13.018220550770057,12.927544620851604,12.995564356188371
11.970356641102999,12.043902397155762,12.014854383709267,12.042018818191051,12.0267571405804,12.077519091108794,12.037633403602156
12.487488878546145,12.528841018676758,12.47581033691928,12.526790604206129,12.539575716563993,12.500172893669035,12.531108411811656
12.259618151783465,12.179293632507324,12.174588980164424,12.159035973571985,12.173470366607003,12.248171396944501,12.176385240833696
12.36308066783498,12.43513011932373,12.445792104592002,12.418711127986024,12.351559779182558,12.405005438823224,12.38501880985734
11.573559498507079,11.409046173095703,11.356084483010239,11.407924153255722,11.439892785705428,11.425324203514952,11.425835733240532
11.918397239722838,11.923337936401367,11.900189655454849,11.956311499545794,11.949279022796947,11.916769625215412,11.945885729642981
11.976665770490767,11.938136100769043,11.983389574610253,11.949662381448658,11.992850021887657,12.036195786165306,11.978193013324173
12.126764251515691,13.438438415527344,13.365099323772458,13.32838424812192,13.498899383499484,13.582755239632887,13.448842557102967
12.662709207270272,12.551528930664062,12.53640079953115,12.593228448596834,12.581438743946212,12.58967550272089,12.58273170556639
12.07824495582233,12.10690975189209,12.145382652858398,12.062591793981369,12.099217469978136,12.146963441692838,12.093205350905762
11.790564777297387,11.77984619140625,11.741708501756298,11.788558421497648,11.76741880522427,11.76597060534365,11.774921229209966
13.008661502470739,12.895326614379883,12.916481182584837,12.961874567204148,13.004058764588791,12.989634089159424,12.979105345230096
11.362114203075018,11.377809524536133,11.32639923401893,11.312984543901946,11.36279481076004,11.405080562041562,11.353047983317696
12.209192772866418,12.409568786621094,12.517284836600886,12.247281246125702,12.357469941067023,12.420300984238233,12.335055436829334
12.07254696717504,12.114009857177734,12.11157158824037,12.073788157652963,12.176503090947088,12.12031755000097,12.13417683215181
11.759793355371237,11.8865385055542,11.874452317951796,11.836171164554942,11.89751090023904,11.818716949949138,11.870830371888331
11.58525542883217,11.521327018737793,11.55348302446492,11.55612330433682,11.591183834514164,11.452555469627505,11.561165877328401
10.579005242826247,10.962530136108398,10.968358331240692,10.964846628154586,10.881134139957199,11.016734072539384,10.926731838005232
12.08954444723597,12.125112533569336,12.124739462544916,12.12396661607691,12.120403469107647,12.169892085577189,12.126383710593217
11.58525542883217,11.775077819824219,11.76518819425029,11.817817323329436,11.789899436737814,11.801461201261773,11.797876190754627
12.144202560946876,12.216775894165039,12.1968441232405,12.179036546654444,12.20584120896452,12.18008156813735,12.196538867658939
11.619544188752133,11.721914291381836,11.643680804715547,11.635807097312835,11.724513354140637,11.684248512360188,11.693859885240455
11.970356641102999,11.844139099121094,11.884276682326455,11.86745218869075,11.851017368102182,11.831613990797651,11.853551911248884
12.513561021741964,12.469499588012695,12.448304788836909,12.486279470857113,12.442061253393858,12.38118100515183,12.452719327058112
12.660331092405906,12.791659355163574,12.775377568291093,12.787201265380785,12.779088368606585,12.717858059497738,12.777318614864388
12.421188057397055,12.442601203918457,12.455009145520588,12.434898483183911,12.412178625973977,12.424936656069526,12.42323806489294
12.270225154674701,12.29978084564209,12.315442754383765,12.324210637449259,12.262601359949764,12.237321306335485,12.282677321964567
11.798111925972618,11.79446792602539,11.797765251442312,11.779283316544525,11.793802306420774,11.812582289322107,11.79116635302228
12.098854850641,12.222721099853516,12.121333639468839,12.228327669814055,12.192884255125831,12.273871059113652,12.213836217739662
12.34148164933907,12.37583065032959,12.37987683530936,12.381968158497736,12.348229772104682,12.373605456083467,12.363462840964818
12.25486757159303,12.0790376663208,12.070660448268766,12.00368988424246,12.169383954349781,12.135934229270376,12.107277196886937
11.771443882099637,11.795938491821289,11.792452398848152,11.796122169891632,11.786745382723158,11.755256760848546,11.787681005407412
11.736077016252437,11.81091022491455,11.817678461107777,11.741239434966417,11.734460953671022,11.567384670293343,11.729228077859279
12.479913113434042,12.296658515930176,12.333220048345531,12.338401703093504,12.34327075662938,12.307507333519125,12.33391550396198
11.849404844423074,11.787731170654297,11.768020657644437,11.757478103289777,11.768562277529359,11.830683677712603,11.772703166439225
11.630717389475995,11.639608383178711,11.622444238640753,11.639293617097739,11.647421871997206,11.63674443611876,11.643226344228578
12.450981602512561,12.49142074584961,12.434089801901301,12.472402933990896,12.501243308193281,12.5277959577567,12.493924969133529
11.58989576532275,11.569548606872559,11.48527258700504,11.58770376970741,11.599518741179004,11.579117519109456,11.591113390239176
12.556733038263905,12.417340278625488,12.417115763244494,12.453889373852116,12.450618911766137,12.531693648753958,12.455522718466314
11.635151947212842,11.659872055053711,11.641592866509257,11.64562543267582,11.620430495022223,11.67127691094511,11.63655381133362
11.856522261533737,11.905208587646484,11.942392806377619,11.923217136522188,11.924644421848482,11.79679144443416,11.910812995310252
11.58989576532275,11.472243309020996,11.701133427774355,11.660434803436084,11.72240317788377,11.19066921616563,11.630947941080668
12.07254696717504,12.172045707702637,12.180160585987995,12.216649184715044,12.171148333669295,12.229983483913314,12.190246673847449
12.36308066783498,12.147880554199219,12.156544032677356,12.146994933654577,12.125237633016347,12.146332237741603,12.135971309734346
11.707677772181546,12.007617950439453,12.023058109749355,12.021614463363695,11.99590470283812,12.000840423896655,12.005287066650173
12.04355959836804,11.96761703491211,11.99103583377376,11.987776660587821,12.001777402128454,12.031225933964224,11.996754573118334
11.58989576532275,11.674341201782227,11.62103432333559,11.666576150484103,11.696537663079177,11.64840791915201,11.680950658068893
12.128116509451258,12.025110244750977,12.015946023245595,12.084790840517222,12.04460646514514,11.943350242110798,12.045716113747597
12.498745990829315,12.457517623901367,12.451750300054014,12.454267315813215,12.484065926604869,12.482042372662713,12.47221925164032
11.759793355371237,11.749016761779785,11.687195520593272,11.763936233374245,11.701930600066897,11.697595953076759,11.724996920829314
12.691583538230217,12.7135591506958,12.741811573884497,12.675163072500823,12.662539939030271,12.745698714253015,12.678923211931187
12.273735966890268,12.20067024230957,12.152588743374077,12.191886794652161,12.201982219688867,12.249943279375112,12.203096261286408
12.665397584983758,12.48906135559082,12.565157330676076,12.66314201277624,12.608382164414921,12.645016264967655,12.616211460916524
11.820123358887447,11.84787368774414,11.883298718550327,11.84011924530471,11.836539328011032,11.870575629789059,11.841806620543702
11.867805799560465,11.834064483642578,11.796352606480976,11.801396694420275,11.813252837878576,11.91145530510828,11.820556323562768
11.695255355062795,11.681050300598145,11.690122414027467,11.721460270114346,11.685639157894107,11.650688132178768,11.692865742951975
12.32163544049751,12.288572311401367,12.300210984022922,12.242384018808398,12.273549373726492,12.290844524570016,12.267196023972387
12.04355959836804,12.012024879455566,12.065472181629426,12.02536453735635,12.02722266942236,12.065069027960565,12.028523528983374
11.842236406331555,11.741738319396973,11.785528025910688,11.68016796682554,11.676194502166554,11.696553667948532,11.68580189233827
11.682676678340282,11.650667190551758,11.665683332756219,11.62814977344521,11.663169561799613,11.638910510339539,11.649166325314784
11.884495917930655,11.962352752685547,11.948170309136295,11.98743880407971,11.928063981156104,11.888918530464585,11.945933290910444
12.010671928196443,11.956462860107422,11.954551233838764,11.914763058873138,11.986266228296097,11.968122067525934,11.960055382976426
11.891368749982085,11.954946517944336,12.019143118725673,11.983773044562675,11.92247816222249,11.95995433315997,11.947605064054228
11.78676973513378,11.775739669799805,11.800749501773003,11.768439074326915,11.770712458944388,11.78784547801779,11.77206507084701
12.111217862017215,12.144427299499512,12.070311651037768,12.10675435080164,12.128048893635414,12.107404403432522,12.121415356703197
12.442306148381938,12.77955150604248,12.857640896651512,12.850705771851292,12.864740429046503,12.84587862886848,12.850255329725801
11.682676678340282,11.66546630859375,11.694789870574422,11.627017250924807,11.64610814736776,11.399261981111014,11.62018541877338
12.691583538230217,12.616647720336914,12.565238029536083,12.67130593579367,12.621819419420852,12.438099735527118,12.619793391201933
11.798111925972618,11.823762893676758,11.795147936345044,11.780141252603867,11.798041349585722,11.823835580205008,11.797529565074955
12.820990681250251,12.833852767944336,12.822465919915167,12.841184809103067,12.822362985150482,12.774808752014444,12.824942990668681
11.775297421715827,11.693648338317871,11.675939794581632,11.714454919321037,11.737771798460491,11.742967644422151,11.726763259756124
11.827743504053695,11.808819770812988,11.795839686761637,11.81627496816971,11.813940949863541,11.773748133774173,11.810532445045093
11.870606902224587,12.28934097290039,12.236202123711719,12.328682738874996,12.360859836542172,12.317410627443314,12.340067928057483
11.283524879179666,11.623159408569336,11.63754183791989,11.538099358609285,11.543108440463863,11.656625297380874,11.559802012393936
12.132969552931216,12.140031814575195,12.135362531495518,12.14153934133613,12.141196629317314,12.148617032348817,12.141847521283779
13.02132904585825,12.96894645690918,12.926999910478813,12.989695546532912,12.974169850557537,13.01589433863271,12.982069468630371
11.835016210489899,11.867372512817383,11.879797442435223,11.896742919596058,11.890913919629256,11.870253475311452,11.888459228527381
11.849404844423074,11.873190879821777,11.873292996573836,11.863434989137337,11.888805293342543,11.80460199858081,11.872035945504644
11.608244735642321,11.635936737060547,11.630618581146662,11.678808094124507,11.669936545084807,11.651958832543613,11.667590183761176
12.672949516558306,12.690234184265137,12.659201475853642,12.697881506058211,12.717404877582288,12.74010425001753,12.710812220953581
11.648373769145277,11.711002349853516,11.716030307494131,11.675534732307423,11.674250390368526,11.654907646158835,11.676598403932013
12.176654133447505,12.132152557373047,12.072711411090605,12.120321758354157,12.112708922185746,12.243115562910015,12.12863766789894
12.289958727201455,12.216087341308594,12.188270955299702,12.14284888325925,12.205325960358634,12.288002599054343,12.194943361467098
11.92504173829169,11.936684608459473,11.950493127663902,11.930618924495429,11.935565737524318,11.86302041741091,11.927688654077855
12.524530013005734,12.497008323669434,12.497749210915734,12.492826519046613,12.477764884462541,12.583594622696399,12.49372226579897
11.856522261533737,11.80955982208252,11.73500986620097,11.816090790553982,11.75558052257369,11.799017416918634,11.783165207226357
12.301387370778713,12.321123123168945,12.353139719483703,12.345389798494539,12.327931044255271,12.262949179197712,12.326700781933825
11.92504173829169,11.93059253692627,11.9430415602184,11.94982769625543,11.952683332982724,11.965042177799024,11.950708358150182
12.30592250537653,12.288540840148926,12.31120940098019,12.296930681175258,12.282071283445925,12.306290462823274,12.2893769571847
12.230770136157428,12.224187850952148,12.267906764313775,12.206343337492608,12.2386450467607,12.183644443231955,12.22251363669266
11.931642378754141,11.93254566192627,11.94200377785544,11.946277225042419,11.9287633474357,11.933595848201751,11.934864772993002
12.323860125621126,12.073402404785156,12.116664629803973,12.113869496319612,12.120621069080167,12.140974304748333,12.115661078720755
12.791358964949923,12.724947929382324,12.680893299579282,12.59246212214549,12.674713004089242,12.597961818728885,12.648049648063207
11.682676678340282,11.696565628051758,11.678514527048543,11.701305603964059,11.727068799164908,11.594895831806836,11.704389898030964
12.653961664405365,12.685094833374023,12.659929910328879,12.667554855585333,12.715105014200278,12.643935063880164,12.69135870029195
11.904974309480183,11.959712982177734,11.991431865807472,11.965885810639985,11.942604882908064,11.845831198761667,11.942688759211196
12.474193386571581,12.463031768798828,12.45625396767963,12.452717541263395,12.437568332054614,12.44233923347249,12.445128264022136
11.898194668458823,11.598173141479492,11.636677278752098,11.5227628204776,11.655216822919417,11.726510702189382,11.615872015957512
11.231901180182515,11.291023254394531,11.255336526143148,11.245588631674377,11.264189565377235,11.273266978451982,11.26208105665531
11.83138646878959,11.841776847839355,11.825264305310395,11.8581594081329,11.852880608038971,11.866486534020364,11.85457745410244
12.118339189722553,12.104527473449707,12.127418239822198,12.102995431239354,12.138909128872259,12.120698395962812,12.122979517398234
11.566475710526321,11.690523147583008,11.72392599842487,11.648186909237662,11.670371746304273,11.686985811155251,11.667184511533451
12.659737267217572,12.739562034606934,12.66222260780119,12.6878311906645,12.687482709124723,12.770233162706525,12.700229282412543
12.628070334272698,12.650567054748535,12.700204627340058,12.673394117035347,12.734887246073743,12.653215875356786,12.700534209983397
11.112462823634855,11.025206565856934,11.016718220902021,11.003799055311546,11.096784508864767,11.204351181794696,11.071145948239696
12.388398368982115,12.450573921203613,12.475659002272195,12.436743611501358,12.387346445093248,12.389763575630283,12.408831436581801
11.813037464800539,11.759434700012207,11.770738215255847,11.755137729794711,11.764041440634575,11.766070229030953,11.761071604512496
12.034696963475044,12.092977523803711,12.110879846753294,12.108651844718763,12.116601852391634,12.191077696035169,12.118496370703541
12.014615485902027,12.013588905334473,11.989663156407845,11.978485475805574,11.956363214439302,12.022355342021644,11.974701398452432
11.982935344196433,11.85233211517334,11.884208491190394,11.850408529791645,11.838300039880167,11.921031051513548,11.85077386155594
11.848690308590857,11.773191452026367,11.729279206466968,11.787688875308541,11.771357338337635,11.691135519895559,11.769290288448905
11.938199736300925,11.928620338439941,11.950170942166798,11.984603204124348,11.95583123394045,11.987199071916855,11.964594694732696
11.813037464800539,12.075383186340332,12.123167675300214,12.058768200180326,12.101864202305329,12.090827059252424,12.085201734905413
12.034696963475044,12.013321876525879,12.009396546443888,11.990645742591337,11.978608844212427,12.149942662926303,12.001072113898164
11.728044909070785,11.639226913452148,11.668773544021159,11.593197033979703,11.623462589988872,11.728678612203886,11.62532782775235
12.252483791602627,12.353131294250488,12.346883832839776,12.320832533954,12.337391827705213,12.253570249776859,12.326467184728857
11.320565693461432,12.118612289428711,12.095556271765345,12.077599839386552,12.066630820561915,12.09003344439922,12.07726072493589
11.845109950883979,11.871594429016113,11.872930225840438,11.847954450933189,11.866110381960473,11.842605821972104,11.859074087224938
11.87757552297847,11.878369331359863,11.853255926554667,11.880541122908564,11.896716200549635,11.72450961376673,11.874569307121305
12.206077645517674,12.17689323425293,12.30929228144842,12.041918160155788,12.19463917158529,12.026470510395177,12.131680742714046
11.002116507732017,10.901320457458496,10.8524062829075,10.896552088481354,10.92000121297578,10.775048907919476,10.898064531640784
11.440365524765756,11.630033493041992,11.637371346782533,11.60497081503834,11.559848302470005,11.547210036415727,11.579393376960876
11.350418300109132,11.476387023925781,11.486572470177473,11.458189978997646,11.495753719295982,11.496989918918551,11.482575512667546
12.485830907348902,12.477126121520996,12.508533395881255,12.507011923573568,12.470897493240814,12.502617608741723,12.485269081887026
12.520887034998584,12.551480293273926,12.55254219637254,12.52951722962993,12.50702264803953,12.545061864094196,12.521687691623933
12.328294703023394,12.386982917785645,12.361347314925835,12.389891170060292,12.423412241156907,12.390511203635597,12.406684071160512
12.75130259456002,12.851103782653809,12.839345967762279,12.715068981184505,12.792834620042486,12.749892999754993,12.771360109025773
11.931642378754141,11.920613288879395,11.97396731202319,11.936402151650245,11.898227546967583,11.880633041041726,11.910428799219753
12.823631142839984,12.72019100189209,12.69260218163252,12.73119273650169,12.740576684582596,12.719476015092924,12.733805670962294
11.872353615355413,11.870101928710938,11.860464263152123,11.83467746774112,11.802293666403676,11.855202755618842,11.823622258925775
11.495789479023493,11.514419555664062,11.501204303887702,11.513015052993753,11.510309389808736,11.568645264744475,11.516762706171855
11.951186847493476,11.868965148925781,11.84525604473178,11.914698955273726,11.839376088917074,11.839094583242368,11.865069032804826
11.951186847493476,11.95305061340332,11.958965049469718,11.98247192973823,11.971093110412188,11.99895724123478,11.975211614548016
11.344518647594766,11.307271957397461,11.232149909539324,11.25803674020418,11.237575591785795,11.221532085608196,11.249319539687537
12.235393555399902,12.212567329406738,12.216014147222618,12.217169568644003,12.218086079368115,12.229852335824392,12.218308445306157
11.58989576532275,11.676349639892578,11.679035398487224,11.631905353815602,11.650999067016432,11.686363259829744,11.65094646198135
12.160033942617156,12.169586181640625,12.15977919238602,12.183310698461264,12.194003253081313,12.144331408126442,12.183873829572759
11.813037464800539,11.800529479980469,11.86997114063902,11.787505218321494,11.777387884547906,11.860670494126703,11.790224962059021
12.765691290604371,12.844500541687012,12.793438342245748,12.820375514347122,12.829819778944943,12.797062175020681,12.825509581907998
11.385103457032141,11.370992660522461,11.34222475137564,11.366247538526586,11.406184597402872,11.437779164342233,11.393418171904369
11.8879382384223,11.88292121887207,11.86028897759168,11.903670084353621,11.888604685549545,11.885347232755056,11.892291425791406
11.91170829631447,12.097600936889648,12.0274327386455,12.0354189502826,12.014491789554402,11.904386581277372,12.019301676240772
11.487617913343598,11.825721740722656,11.830249416482399,11.745124463277065,11.773259948576493,11.709928905661169,11.764363434375003
12.025755079404917,12.001225471496582,11.987042340729442,11.986183841893446,12.011070224946689,12.059662574963028,12.006917086821591
12.19552218463499,12.252065658569336,12.284261973669686,12.230207610177237,12.26011499260918,12.20787436478109,12.245597472165102
12.904209855160254,12.927090644836426,12.86721350867324,12.868563873845796,12.87539415964718,12.9598880926887,12.886090574644681
11.608244735642321,11.849508285522461,11.899152195284266,11.791021580050202,11.857366104446193,11.610053052167723,11.814398030154974
11.83138646878959,11.797062873840332,11.816676368253127,11.812421135859493,11.848142946247657,11.854660590035024,11.832807917901878
12.955129822091815,12.652640342712402,12.503643168610594,12.734312372756085,12.755585149170534,12.897954380736351,12.751567102804602
12.348010479804223,12.401969909667969,12.3956705203282,12.402142905872259,12.43681877018231,12.298416720156721,12.41045414739786
11.767575435251748,12.154755592346191,12.17949570130401,12.137320453012654,12.150000648801186,11.921218611723823,12.126164200574037
12.173037959397275,12.222575187683105,12.277107795408629,12.194425270440457,12.26444242817186,12.267623167140275,12.23937780148887
12.031725210748633,12.007583618164062,11.973141201521628,12.035901366125865,12.026196923512007,11.959604280376102,12.021294851810454
11.83138646878959,11.630624771118164,11.59643702058715,11.598603560732814,11.636726349953317,11.742692975279764,11.634089452500639
12.063938642041201,12.07125473022461,12.090847029780168,12.047153959853164,12.059039563924767,12.077561557906604,12.058335998314194
11.548302261270587,11.714249610900879,11.714888402313937,11.651668530063855,11.673103817166444,11.501665033852067,11.655413873358631
12.013706813470414,12.039389610290527,12.018582931969366,12.03705538936017,12.03673645290445,12.11537618072761,12.0441406627347
12.458778882573533,12.446638107299805,12.453090946898863,12.381006698611634,12.420037115224279,12.55730699739838,12.4232143260833
11.849404844423074,11.928318977355957,11.924256115947207,11.940766118817663,11.895822145654355,11.929635171582097,11.915686346132023
11.908346971208951,11.884049415588379,11.90536130721157,11.883075004076742,11.869465006253206,11.9234501697448,11.879873844576206
11.373674891823535,11.607748031616211,11.58219715076787,11.552693123243262,11.561118401826404,11.372474763517328,11.546367549285653
11.603688960617083,11.613641738891602,11.597329181108176,11.585771331654056,11.64919792796733,11.548183673402317,11.617427928785347
12.827995001361906,12.774822235107422,12.809873875339147,12.768204813810046,12.794234075846788,12.747661796914672,12.780253710762723
11.763691965388299,11.765512466430664,11.743061504433946,11.774550909892016,11.768449962284064,11.745964118364613,11.767983822937827
11.870606902224587,11.688029289245605,11.692647088737404,11.771416005935526,11.78376149352934,11.660764496807598,11.75940308622569
11.979391594635791,11.59550666809082,11.6637045014128,11.581925415909442,11.6669286165836,11.63409423203496,11.631144727569396
12.06105265381003,12.103752136230469,12.115199583282397,12.172648853220942,12.088489321369629,12.136928488440722,12.119773922710074
12.560247968016562,12.562079429626465,12.568578222524188,12.553833456003797,12.547349130949586,12.524539275241978,12.548744662658487
12.30592250537653,12.271063804626465,12.23209832144072,12.241847518725026,12.244137487978842,12.307521673292129,12.25182638947799
12.242891437918386,12.319809913635254,12.327120406405797,12.312758170246777,12.288147820565383,12.379167491674616,12.306910171276353
12.336556900342153,12.35916805267334,12.351910060370072,12.363693997408419,12.34745055217118,12.363004584723777,12.354925510924101
11.910365121788654,11.938959121704102,11.94743276880547,11.922363225082321,11.958795361141405,12.014971259859664,11.95083097335152
12.879019669789754,12.37337589263916,12.350909459407422,12.403864638152474,12.39911007988168,12.496490796621865,12.406679993350547
12.179220327453931,12.140904426574707,12.138664775364658,12.09775193803213,12.115964393895243,12.174651692537175,12.118225002782781
11.856522261533737,11.897464752197266,11.908762498993706,11.907444230076777,11.90737914298603,11.889349855916997,11.904788461319374
13.534474352733596,13.187060356140137,13.164114971601677,13.236728083968922,13.199732671903051,13.40678663794581,13.228170805237122
12.721888795877375,12.565285682678223,12.495863153891058,12.620259620879947,12.558683057238834,12.642680481110542,12.585462029667996
11.59433032142082,11.538400650024414,11.507340668314463,11.536809863401933,11.584490230623759,11.454685705088552,11.553839144576951
11.860062063178267,11.78191089630127,11.781758812584767,11.735192246453913,11.78406336121953,11.740974582915847,11.765231121062067
12.07824495582233,12.026007652282715,11.991415018497946,12.080912008710985,12.024374775070063,12.059203095559791,12.04473015629948
11.39640288460621,11.446263313293457,11.495639158798419,11.442985023265296,11.45345501024791,11.409095881556773,11.445598961399357
11.724004532183379,11.780435562133789,11.759636721298943,11.817594665035783,11.77235784538634,11.82272451360183,11.791339530646496
11.83863282480007,11.79621410369873,11.827860046673955,11.816802713606238,11.866292731841249,11.66794728003578,11.826548108464367
12.185875040240456,12.166720390319824,12.180244160512956,12.180670403791295,12.175687351163287,12.147148463097038,12.173735926873146
12.652362948153474,12.636374473571777,12.588150680495971,12.624009416129685,12.636575668551776,12.633361013768784,12.632472923711626
11.849404844423074,11.88596248626709,11.888814548504921,11.882283039740965,11.885833651689605,11.876024350385576,11.883896078456058
12.799178471909892,12.764726638793945,12.718880851962185,12.710822781886119,12.715309941328075,12.84882625618284,12.73087433325276
11.849404844423074,11.864226341247559,11.91942139226226,11.900566835898397,11.920305649507098,11.782983963998511,11.896415560161326
12.269052139516223,12.255069732666016,12.262092745855485,12.23285658792625,12.25654806141636,12.250908002351443,12.248740307114401
10.915106645867503,11.060555458068848,11.029335007124152,11.075486742515917,11.057633277429327,11.062782414142697,11.063779192010008
12.618185607609803,12.545629501342773,12.52793904564947,12.55288874113855,12.511809704044516,12.505849559157763,12.527078426160763
12.445093483000798,12.281961441040039,12.28862697600109,12.312884346149778,12.292105542098252,12.256173464287091,12.29414380151897
12.09815887308463,12.118202209472656,12.084967343998674,12.082717208822563,12.087459588617117,12.144399099289831,12.094214257671345
11.60733523953139,11.629927635192871,11.515794606648488,11.567356038356309,11.583916701543968,11.544818260256784,11.580037213963784
10.859018228147887,11.11327075958252,11.164773739166064,11.1291872310856,11.137920685813793,11.147734469033045,11.13368578224862
11.54031687156214,11.41887378692627,11.537446936615968,11.485152106635388,11.53022784742495,11.270699831206553,11.48219142563512
12.149507585033072,12.108121871948242,12.092939408155457,12.127013393905097,12.12460438681282,12.176163946872602,12.128292625064287
11.767575435251748,11.790773391723633,11.69769767248202,11.682695220376326,11.747602260159598,11.761963304392571,11.733624823396356
11.779136168550774,12.102892875671387,12.115335399850945,12.071674751752754,12.089609921532855,12.0923950832383,12.08577774050945
12.013706813470414,11.91600227355957,11.943326280392947,11.902356166827646,11.920648393552128,11.887211820142973,11.911663953461808
11.979805470779858,12.267410278320312,12.304023334476373,12.212859882088319,12.22082891623235,12.181025746700582,12.219538090294739
11.964007453736912,11.942554473876953,11.982326937426246,11.9929366659676,11.941439239478278,11.921950173776734,11.955357170738187
12.739640688812674,12.672706604003906,12.649999842225235,12.6408652972719,12.650856513512418,12.714396385238201,12.655723811630168
11.763691965388299,11.789848327636719,11.807217093621436,11.821728034472413,11.805371320922392,11.882006091137884,11.815613033546663
12.524530013005734,12.510222434997559,12.51195893469777,12.502554001661364,12.52915325896941,12.505124754451995,12.517067650956765
11.870606902224587,11.86128044128418,11.895593292280473,11.859773286570197,11.86114104793538,11.83045049871549,11.857994005255508
11.732069026983156,11.712556838989258,11.755654858224522,11.685660892693631,11.69542514203709,11.671465460039071,11.692052300800613
11.813037464800539,11.757143020629883,11.73015157396529,11.821602838970943,11.738549486371626,11.852866227952589,11.77573329949486
12.676079399771027,12.682178497314453,12.661960444865855,12.681783861702497,12.680405252016016,12.580216084656671,12.672028810529575
11.699413330633599,11.61961555480957,11.67050970987972,11.652385564953393,11.684948195278135,11.590911954133347,11.660131798037058
12.310437165348775,12.36100959777832,12.344028226060928,12.242469878545316,12.400439669620013,12.493008675694796,12.357064165533002
12.178192583415596,12.195929527282715,12.173985454162684,12.18018572539843,12.192637392553387,12.174787764187021,12.187609782442625
11.608244735642321,11.816065788269043,11.772140905545253,11.809379429134017,11.847616524292473,11.981494258672981,11.84488762527927
11.542493975902508,11.471658706665039,11.397758122054054,11.396681740778355,11.542841600071961,11.62806555758687,11.499184829229089
12.373707715234994,12.469746589660645,12.474047322435714,12.493310390431834,12.481358676147346,12.45094726963252,12.481078218932792
12.141539457711714,12.108929634094238,12.118928179166865,12.108132367961938,12.142971356451678,12.176362755395184,12.132020859158004
12.312686874960354,12.35296630859375,12.350576818681402,12.351555979549152,12.335365460925201,12.331311860963638,12.341659822558423
11.786008995353765,11.784357070922852,11.776345200973452,11.796924840560099,11.787681556943562,11.797184861266885,11.790989739713595
11.58989576532275,11.592342376708984,11.64794302396468,11.592472473349162,11.610849262930206,11.56700670423712,11.599515083074408
12.001511614739405,11.996578216552734,11.980023314415039,12.078639963473767,12.07160932372017,12.068662352454496,12.065930880935685
11.445727410406752,11.365111351013184,11.362481582707776,11.376107574522258,11.361724155126918,11.24005362143415,11.35551354833061
12.3879816172226,12.355335235595703,12.358111234030034,12.38874407082654,12.35348791058417,12.340815065971485,12.363185252476224
12.095146671399466,11.783808708190918,11.802119272695302,11.78155423205118,11.856346971409582,11.729882993898885,11.81515069420619
12.154784614286667,12.205809593200684,12.219677627311063,12.17966207244404,12.210394345683468,12.148976665347515,12.195154073152064
11.790564777297387,11.749934196472168,11.745792313878441,11.661785536636758,11.700971518315662,11.577045660728913,11.682960878840358
11.863589378812122,11.799556732177734,11.823575970583638,11.85916860423156,11.809855938668226,11.828008063626156,11.825337801612074
12.095146671399466,12.140188217163086,12.139137662762252,12.082252517118025,12.077249330440358,12.091614607869042,12.086369288973822
12.07254696717504,11.935786247253418,11.900507858431626,11.951635204773591,11.995170087319812,11.940108122549688,11.971127699842484
12.100717685412471,12.299479484558105,12.286594369280305,12.372299398307486,12.275185858507292,12.295718946526492,12.308790788388421
12.61087420020211,12.768000602722168,12.730301581090178,12.738840660967433,12.791569849608637,12.715310391000909,12.766450944413277
12.371591321286905,12.35831356048584,12.358589718859493,12.38304770764088,12.356962265311003,12.35503922304515,12.36480298021848
12.491176396967154,12.350211143493652,12.433066688872456,12.308702427720036,12.36054542194238,12.454658759902042,12.352278809676042
12.469978029554953,12.373462677001953,12.422565638843688,12.411063166550845,12.413856267349862,12.438693498665602,12.411178780505328
11.49273296168228,11.280428886413574,11.273734517868043,11.367673317662472,11.356269127965016,11.308436686045969,11.347811079433745
11.477308649967686,11.473387718200684,11.435094965509979,11.407909982057982,11.442368646345118,11.460268098491799,11.436681885261814
11.995357787034976,11.987160682678223,12.007314435004952,12.007319569569662,11.968702998402621,11.978918815525034,11.983133221937074
12.28765724080691,12.210447311401367,12.226629432028236,12.196352555531304,12.190769474988452,12.236395350619002,12.198517585840156
12.526346537332584,12.487908363342285,12.4529752598274,12.470949079366875,12.471465324061963,12.548206498056505,12.479832670610682
11.957617696467539,11.969656944274902,11.918460946382037,11.942460392555828,11.95793487740705,11.945505674005416,11.953326667828433
12.058158312538197,12.005098342895508,12.003220307917347,11.97894914285715,11.99078520316235,12.069755412089414,11.995719864589102
12.264346270624157,12.269946098327637,12.29432843084332,12.2772291514805,12.288903385292338,12.232263182858933,12.278402067719577
11.97603664577121,11.906305313110352,11.88079107784776,11.83258795304075,11.907723332753205,11.799503086110786,11.875201884543479
12.097378802727306,12.039506912231445,12.005549696582245,12.051330612745655,12.024952985303843,12.019804725832834,12.03391948924338
12.577639650232573,12.654544830322266,12.705929634746742,12.630685570875656,12.67915527734894,12.63994857390491,12.658535715168991
11.755879486687116,11.744958877563477,11.708676253518762,11.69637209393534,11.743895103175486,11.643422505363105,11.72065494314437
11.51293546492023,11.626557350158691,11.637470714002145,11.615375811305132,11.654642407730925,11.583454917781793,11.633589350590983
12.279327754099118,12.180848121643066,12.18346419309284,12.20589103774795,12.199438333787906,12.43296168829804,12.220428874654017
12.727841176689147,12.640342712402344,12.587219163618332,12.667240167605216,12.690207367509215,12.652637716556368,12.674898459625183
12.506180941677357,12.436402320861816,12.455405781683574,12.396305590274926,12.439021566149004,12.395872810982818,12.42199576088261
12.484208043148733,12.559581756591797,12.546011397859624,12.543360782103191,12.535264036627146,12.398755648566771,12.527929124772244
12.188422799337028,12.173829078674316,12.173555215961823,12.15413812367032,12.14377047804439,12.143150346823392,12.149865418644366
11.982935344196433,12.087061882019043,12.079618682219124,12.132815499895164,12.112560836521917,11.962757759511609,12.102702312536112
12.28690580994122,12.244287490844727,12.319258255479497,12.377928674845885,12.317927851583471,12.329887275661491,12.329719506287026
13.195615697878253,12.982820510864258,13.061645189779142,12.960392650592912,13.08015787786474,13.107693307365649,13.03667873710969
11.812296455066814,11.777426719665527,11.779444484297237,11.758761691519378,11.79628241254688,11.809103443792926,11.78420583217543
11.532737896139919,11.664310455322266,11.687807433973504,11.663002328919557,11.676887566336749,11.701061466339794,11.673595589868494
11.580593459194764,11.795807838439941,11.803978118532232,11.82993803544289,11.797112308301182,11.781850134945039,11.805527242584121
11.648338835562747,11.686070442199707,11.667796861474956,11.672484726098599,11.698133927034176,11.607189443662767,11.681033484170468
12.886643575525625,12.624589920043945,12.586213879104315,12.597788344048167,12.599769769076639,12.62387654885231,12.603823377857857
11.995357787034976,11.990811347961426,11.978736108814488,11.954651868777308,11.971571770267209,11.934681196855744,11.965092033780378
12.308182383129823,12.297646522521973,12.287820963924487,12.318451827483326,12.303090745147495,12.35207590681486,12.311568586547452
11.86710429621008,11.838676452636719,11.815630806255694,11.826836871466154,11.847419743372978,11.757870229727159,11.832307657938184
11.87757552297847,11.836621284484863,11.874207546158079,11.772069869184936,11.810277032468585,11.815382891697432,11.801843152513001
11.813037464800539,11.89254379272461,11.902131510568562,11.897400724936048,11.884842421316222,11.910121840030925,11.891671903963237
12.07824495582233,12.064821243286133,12.058616947118555,12.017767022616322,12.001685347433495,11.996766172756395,12.012443803993833
12.077676615757813,12.065900802612305,12.08326516432123,12.071570173212066,12.047509909073282,12.039876111156435,12.055939536286031
12.139403856983334,12.14652156829834,12.153299558329103,12.144699287835945,12.169112273316763,12.148229642431708,12.157600871838936
12.016732516077072,11.950631141662598,11.947687999234606,11.990914300031752,11.950331366285015,11.999880831070506,11.967053147766396
11.759793355371237,11.84153938293457,11.831558445994181,11.797215562655587,11.806037576339834,11.735619598229075,11.800634881421733
11.992266613576142,11.991803169250488,12.006581806576392,11.993285876955088,12.020565755599753,12.078013641909736,12.01458227015201
11.842236406331555,11.693160057067871,11.73594836598259,11.704723047101323,11.72540665952231,11.679594573799033,11.711819229908247
12.358798024384122,12.328527450561523,12.351752516839062,12.33909230696637,12.362768920022914,12.324146799572167,12.348721059920663
11.588969419043872,11.64571475982666,11.658136624066527,11.624899309561348,11.6403609209212,11.580314483073371,11.630853221150005
12.141539457711714,12.229928970336914,12.314423633969591,12.242418755167257,12.303012658878655,12.265762902098361,12.274037478267692
11.984184555794167,11.97992992401123,11.993303846996538,11.963338311604293,11.997213764754099,11.995682790536485,11.985110801562012
11.896833207128452,11.981813430786133,11.939289146629214,11.941929490861542,11.952180971111426,11.898174155839545,11.947226423797227
12.505402864156405,12.3697509765625,12.343410062407015,12.393209763382522,12.377553536858496,12.439516713489194,12.387045630013874
12.323860125621126,12.370316505432129,12.394834796172203,12.333610580546631,12.318965424912916,12.310068418914316,12.327750008986781
12.178192583415596,12.191340446472168,12.21629923596652,12.202652711165852,12.196146267694518,12.159601664524958,12.194356071101282
12.049424683420915,12.005452156066895,12.007674666084714,12.018739656309414,11.99462330796184,12.031245702093601,12.006272862924083
11.874097282798648,11.892016410827637,11.82850611404589,11.843830700369637,11.867665191008241,11.902036358479123,11.86599167934814
11.608244735642321,11.56286907196045,11.470292436682746,11.520741970727375,11.51216005841313,11.48944236069851,11.51781169446374
13.091906231773164,13.124866485595703,13.16185545955121,13.081163549867643,13.160099493831172,12.988367394861932,13.11734648572369
12.07254696717504,11.859572410583496,11.85385137750149,11.9265516735362,11.934934571953939,12.002856038216672,11.93091389255378
12.206077645517674,12.278332710266113,12.253775867049058,12.192863898168108,12.26042968492014,12.306920874923227,12.245987847881503
11.60733523953139,11.699413299560547,11.676048208280752,11.71718693072556,11.676001693088228,11.73501137804248,11.696074240897765
12.149507585033072,12.149176597595215,12.12130162478458,12.145927396403046,12.144460633819396,12.140331753674236,12.145007628880293
13.275829251377,12.941725730895996,12.820512712863,12.965577913354414,13.013863781615937,13.059012005429539,12.996078193161344
11.678448377988165,11.667583465576172,11.659932027632532,11.638065294410715,11.665036894294095,11.553041981230507,11.647120006134907
12.335700805443338,12.269442558288574,12.243197729440242,12.259845409532394,12.23867191277345,12.263557677597353,12.250385267775965
11.816734299348461,11.760760307312012,11.74570271022773,11.780213394518592,11.750322490814908,11.777118753162965,11.76279670706874
12.317171167298682,12.195477485656738,12.088214140502235,12.147571548467099,12.252092400310456,12.214262017129974,12.211454848792195
11.982622797311857,11.88070297241211,11.912892595269286,11.883872158873903,11.889851202761633,11.783581995406765,11.877611354986856
11.571203807011969,11.692760467529297,11.67237384371621,11.728793729391112,11.702680089179415,11.96482391168184,11.733041454173398
12.10625783509458,12.080965042114258,12.07766203807867,12.14353978880694,12.009413038243116,12.155259776899722,12.070163146604937
11.881041706925902,11.924839973449707,11.87626428413281,11.879351711174762,11.892922790080414,11.97053585524036,11.898980509347652
10.932999821119937,11.447797775268555,11.50212210918048,11.472239268972553,11.509070516131915,11.272318988726058,11.470594306766127
11.969723533345908,11.961801528930664,11.965861216621827,11.920356328545411,11.92625859828798,12.05623501028347,11.939684937919765
11.661354090741,11.662137031555176,11.717133988682095,11.664757705437701,11.653733282925142,11.7336851126114,11.665065473215332
12.323415584358154,12.212072372436523,12.254885681644813,12.21780752591858,12.245897150018598,12.227729899798609,12.232390050743035
11.827743504053695,11.84054946899414,11.78315923337189,11.790267088589061,11.844232062503986,11.80771647355659,11.824296447065466
12.509877789891931,12.58420181274414,12.578540702267812,12.580309985360934,12.60631708146521,12.509271097487655,12.587552432346259
11.951186847493476,11.873041152954102,11.89988922559412,11.952025918280075,11.907892639289635,11.952714462556823,11.921731918218764
12.319405795112926,12.294747352600098,12.23501870491023,12.295027240081167,12.278924145083042,12.292805846011651,12.286619442523419
12.117246896289503,12.17389965057373,12.172439866675528,12.144399730062561,12.155169740007938,12.131760489943645,12.151703026678513
11.440365524765756,11.364437103271484,11.399477229380713,11.391167697245177,11.373609467005554,11.443675130114563,11.38426379942444
12.323860125621126,12.042372703552246,12.16096950353686,12.150798907509241,12.152804288699963,12.09760634606665,12.136162323816572
11.845827048676645,11.878239631652832,11.885258246895539,11.893375901880672,11.898990712691258,11.893005837014133,11.894674636901543
12.357079818283598,12.387694358825684,12.404858082937734,12.380170833282447,12.360088454120536,12.342622385459023,12.367362225968192
12.861001210669146,12.945916175842285,12.916877527896874,13.021732579766068,12.951620784479418,11.460695825860064,12.838723031817258
11.603688960617083,11.578873634338379,11.594741508621073,11.542200777007992,11.555384886020406,11.514572510064829,11.550108982338873
12.149507585033072,12.15803050994873,12.139687365675957,12.159427073796033,12.183245236920586,12.192882906098031,12.174382619222527
12.128116509451258,12.084118843078613,12.100084466795542,12.083045426226851,12.159870197878421,11.888449225392858,12.104758132593231
11.900912042974875,11.941590309143066,11.926635194758008,11.924565098114467,11.93115307129168,11.971125029849908,11.933791265623425
12.019749091416921,12.0483980178833,12.017334031576935,12.088397233754241,12.039098603776704,12.064787387405545,12.057219940904375
11.92504173829169,11.931207656860352,11.918382763887756,11.942153028151758,11.92876553141346,11.996865690019677,11.939151211707816
12.37581963951765,12.336942672729492,12.341841221669421,12.317169706985986,12.376366911716412,12.372455453296633,12.354180033332165
12.025755079404917,11.968135833740234,11.955273130742267,11.983401109438729,12.004567759953375,12.003222198038364,11.994395516209424
11.849047640327147,11.831100463867188,11.808969874213494,11.839543656481148,11.817979841888606,11.804586588796912,11.824610451768525
11.759793355371237,11.746111869812012,11.780753172265271,11.788556649069863,11.762760023151667,11.777823310760335,11.770226239636301
11.941462360646149,11.792295455932617,11.798440308840593,11.81258500434558,11.845555562932946,11.876494712112557,11.833019026251467
11.51293546492023,11.482146263122559,11.478250970987714,11.494232959776255,11.490541430014828,11.490082453391214,11.490771701944821
11.87757552297847,11.839076042175293,11.859729510109016,11.903271283198302,11.866012521823636,11.944703952421124,11.881603680167613
11.779136168550774,11.754000663757324,11.774667476009576,11.800399377647631,11.754481209530972,11.756912993174327,11.76851681350089
11.849404844423074,11.786018371582031,11.78522622873239,11.787257027484982,11.777976929132969,11.79024801936462,11.782685880145996
11.967187086434018,11.878131866455078,11.880143740407378,11.849464010729278,11.864820139416977,11.968155278112492,11.87077284955565
12.071975378543236,11.995135307312012,11.993633661020308,12.000417782838388,11.989423370423905,12.042490012339083,11.998068791839287
11.856522261533737,11.659148216247559,11.818854151725239,11.64643410169367,11.702802552898861,11.709818374480632,11.682023353549711
11.944064817531656,11.867609024047852,11.910614293409687,11.839486160729571,11.904282736516025,11.798229200383073,11.871535556251626
12.049424683420915,12.079392433166504,12.147507149514754,12.058008810805232,12.187352470692753,12.080865030042142,12.127913384888853
12.269052139516223,12.189875602722168,12.18630767726863,12.209780883255299,12.20887035193352,12.200855890044437,12.206519479912938
11.80186424743109,11.757852554321289,11.75644945862148,11.794109505907137,11.74680059978778,11.778436756997332,11.765029675693116
12.388398368982115,12.283729553222656,12.284915845146845,12.325237904394085,12.243707156840165,12.39648358594421,12.286027593094099
12.138869243416009,12.10722827911377,12.065557821102612,12.048697549163089,12.10107594369404,12.070463440570435,12.083136015151947
11.78676973513378,11.85971450805664,11.87159043965628,11.875696779424954,11.869869194028183,11.835027826577665,11.867489157411173
12.278397958261774,12.179184913635254,12.204941106989606,12.17001140266991,12.17295991194303,12.138813380318915,12.169637438202043
12.00762780434872,11.995219230651855,11.910538166312898,11.969468813384811,12.01663208701599,12.07586252465845,12.00554227832831
11.970356641102999,12.026679039001465,12.022024637580092,12.037362197863297,12.041698660165755,12.069851759311506,12.041401095236449
12.04355959836804,12.000338554382324,11.967312370601151,11.91040343433597,11.957936223852697,12.109894506118549,11.961448530315456
11.751950239425476,11.838211059570312,11.832154536014105,11.838773054550368,11.853361616938296,11.919688532112822,11.853373084541431
11.898194668458823,11.937536239624023,11.941799604356929,11.915461262377477,11.915013696132302,11.912222937615713,11.917161589023205
12.066816325306588,11.95263385772705,11.967877372013513,11.954094703090242,11.947177721186971,11.952091401918818,11.95025457063896
11.931642378754141,11.819770812988281,11.878302631490255,11.834785356313128,11.953253707718577,11.870026638015762,11.896617380534831
12.429220196836383,12.389327049255371,12.365175161430763,12.4331440082154,12.394186761766498,12.319780276654841,12.398800348657963
12.154521423145216,12.063042640686035,12.033631914906932,12.106518210560292,12.054111780481312,12.040202838986156,12.06958900999972
11.78676973513378,11.787379264831543,11.822402372093443,11.79818220169053,11.764595990563413,11.83848661280846,11.783643131526254
11.931642378754141,11.864588737487793,11.876359722443626,11.865471967576891,11.883610463720549,11.867869224963657,11.874812699668839
11.794345471549745,11.899898529052734,11.901377707247297,11.8517853680245,11.921166844195232,11.930009904182349,11.898870553725503
12.43153750053306,12.186392784118652,12.146331421178393,12.163060124624778,12.201564033412836,12.21392188350536,12.1895192223287
11.908346971208951,11.832902908325195,11.841991378143975,11.853913533763912,11.801923426511767,11.851128134329155,11.825141113398521
12.424810506025395,12.438435554504395,12.41182672709981,12.457090705582461,12.439753592822221,12.44743432974468,12.4455442863199
11.767575435251748,11.778986930847168,11.791482991390648,11.836738493519217,11.825881772862184,11.773578330119125,11.819765935629663
12.037659911047468,11.9934663772583,11.99987571513371,12.011849696474323,11.997524780838939,11.931324379739802,11.995515287921188
12.371591321286905,12.313730239868164,12.242141957295416,12.317667989433652,12.31914413646833,12.309716718761301,12.317310368841127
11.603688960617083,11.487383842468262,11.453338948316523,11.52235940887691,11.523633783247469,11.538945589248593,11.520978284413978
12.208574513247495,12.117793083190918,12.12811581460075,12.127120285345345,12.111401015714504,12.135735933565092,12.118968927847021
11.661354090741,11.6522216796875,11.67372693823605,11.685885678664226,11.65940557585063,11.88503344212959,11.686882814813663
11.798111925972618,11.771913528442383,11.736168099472923,11.758685997736762,11.757075773786797,11.633800551231854,11.74801462512232
11.104972264124868,11.453047752380371,11.481174873558153,11.50910060049486,11.463444231030952,11.478115552580864,11.477500542549615
12.623064399210183,12.588850021362305,12.552464365770131,12.663248062001113,12.627010493457586,12.759083488491296,12.645945469681013
11.792456911128632,11.800939559936523,11.820890299317815,11.824060074166773,11.834807555242287,11.85374656482627,11.829855483988752
12.765691290604371,12.736297607421875,12.715544112978812,12.737315065992684,12.721781971757862,12.795216047243898,12.734506073962581
11.904974309480183,11.912538528442383,11.957936178572705,11.933590938910372,11.905354925544657,11.898166569766097,11.913959521181834
11.824087219587643,11.818319320678711,11.78434136856495,11.784166224323327,11.820597868701126,11.886274906406491,11.815248208129166
11.964007453736912,11.985872268676758,11.905469137195144,11.956734075517552,11.936876555102971,11.9278304981459,11.946985176166415
12.141539457711714,12.294706344604492,12.299394372333126,12.301679622565832,12.296518797500244,12.23255902820131,12.29216823228561
12.08954444723597,12.056303024291992,12.065552953650146,12.049462189168114,12.046887020103803,12.071786528215224,12.05084008121191
11.682676678340282,11.684452056884766,11.629517559364743,11.752668463148911,11.690803522015475,11.725472619732958,11.71195137133465
11.51293546492023,11.677862167358398,11.691833878161265,11.698384163857703,11.712562851882035,11.60475251913547,11.69514191690049
12.70351207261035,12.562094688415527,12.555659115676702,12.49909805084056,12.506630632084141,12.39758471467518,12.500164001391765
11.884495917930655,11.980731010437012,11.995373536753316,11.896174957157045,12.037312377876434,11.983997522203168,11.98423443601063
11.816734299348461,11.825385093688965,11.842044061453356,11.83834816369413,11.844569897515447,11.88464507117013,11.844352088668595
12.498745990829315,12.655574798583984,12.62975936489582,12.636179200961664,12.619633699352704,12.516807295411912,12.619033657237571
11.915058360753719,11.954039573669434,11.870078732674076,11.91526990491869,11.944541095564658,11.989752720519196,11.94070437417265
11.719134432217524,11.635878562927246,11.648600560489811,11.681678629930225,11.662174302675979,11.656245468290361,11.664891578394533
12.058158312538197,12.052496910095215,12.041222581498223,12.016185996664875,12.057909299728177,12.010782437967485,12.040546458955212
11.947955847790901,11.879664421081543,11.889283091667577,11.92242948993101,11.898520741016958,11.950966794255303,11.90854226683243
12.013706813470414,11.925148963928223,11.879579860966315,11.947339123023873,11.946456731632678,11.900467641262544,11.940464766198575
11.685693195625964,11.674108505249023,11.683199426714186,11.69236978713889,11.679647491192114,11.692518668287398,11.684085336976807
11.849404844423074,12.017542839050293,12.024869930119229,12.03195023960695,12.006309211254319,12.020452928708593,12.016447116297847
11.575909653758895,11.400513648986816,11.288047204523263,11.418233026799593,11.437636155866315,11.392117848401005,11.423971870001662
11.870278179170796,11.85423755645752,11.857411462850644,11.863207966418203,11.831809584260677,11.917749568893829,11.85123925567985
13.323928581764989,13.079490661621094,13.105772132521677,13.00659451819574,13.081901142730077,13.13301528896682,13.063495001750198
11.813037464800539,11.820511817932129,11.788436747576716,11.821122106383635,11.806066674970058,11.770924135897054,11.80891755742657
11.608244735642321,11.691130638122559,11.701865074207392,11.65784680488695,11.662976150355343,11.607168234767293,11.65925861254918
11.938199736300925,11.90444278717041,11.956838768937914,11.886398941414157,11.89002928207789,11.917769424804108,11.892864833955203
12.100717685412471,12.090215682983398,12.083199823002195,12.101058436349076,12.099421085512812,12.087604907912414,12.097932732111232
12.388398368982115,12.335397720336914,12.386816886535595,12.426762127413122,12.357013393634075,12.35591702488923,12.37580608187225
11.74006900564972,11.661630630493164,11.682295846141617,11.684499339927527,11.687448725576886,11.684494448782846,11.683699865961128
11.759793355371237,11.786468505859375,11.813617822877026,11.748193721302583,11.775560269234989,11.730643564669474,11.764370281571464
12.449022745701502,12.471500396728516,12.458515658066354,12.451769051149949,12.467461888755425,12.450542799620195,12.461613827101703
12.429220196836383,12.382887840270996,12.404719049751419,12.372290196530793,12.35423197194163,12.377304210884576,12.364629759194955
11.782960235741939,11.77015495300293,11.776105350226825,11.774668331416432,11.789297175303929,11.75921073653167,11.78026267139745
12.066816325306588,12.112592697143555,12.055207326612129,12.087595341104866,12.106596231174551,12.123431527023765,12.102968268229287
11.946660519211651,11.912156105041504,11.901482375358245,11.929419517946187,11.88619160760575,12.012224566422399,11.913138686228995
11.874097282798648,11.907604217529297,11.91947966903732,11.924448339040715,11.916522736268963,11.995821523749449,11.925120486649396
11.385103457032141,11.606220245361328,11.595489318817824,11.578215210580732,11.574750970588038,11.572605092626592,11.57876635742664
11.884495917930655,11.969151496887207,11.926879231582408,11.883161791522651,11.936335872029781,12.062696308780735,11.934889547689405
12.065280672855897,12.071250915527344,12.025518603204194,12.04780576449975,12.06069953145185,12.096615911985761,12.061081866412705
11.225256725762893,11.251503944396973,11.295691827602022,11.292575858081676,11.26684402946642,11.371030181695325,11.2824021045072
10.471978128496518,10.926284790039062,11.032521018006952,11.045797900964308,11.017699531197405,10.73849750499633,10.992001371458445
11.813037464800539,11.798589706420898,11.7647287251159,11.814130450674496,11.801282802543325,11.792358919397824,11.804092881790918
12.380030154325457,12.492086410522461,12.498973568966983,12.498795568673154,12.499370642668271,12.510599589413271,12.499470642595238
12.081081821061819,12.0568208694458,12.076683234976006,12.07093917344509,12.148285852019052,12.136882870160758,12.114719468536027
12.211065162153215,12.175487518310547,12.159376389652834,12.172671988183687,12.165985428836446,12.145864715412948,12.167157587071316
11.890683588496984,12.018003463745117,12.084263816029727,11.963509117007767,11.987214743590167,11.896663875993529,11.975041402497476
12.043500773454495,12.086214065551758,12.072321519710128,12.060159578541361,12.097822406427333,12.105551589761319,12.085975063207497
12.170450649220749,12.207574844360352,12.159569233795041,12.184764883896097,12.197318247080373,12.140924644087876,12.189508371308298
12.242891437918386,12.149584770202637,12.130818246699926,12.196223422805815,12.219439995413408,12.19399531888992,12.20313318804821
12.07254696717504,11.929532051086426,11.927848941405765,11.959959827104568,11.939759457537319,11.9578896649262,11.946455385307567
12.560247968016562,12.522327423095703,12.479350640154275,12.529438991850375,12.544002882833889,12.632028927376801,12.54530923592405
12.07824495582233,12.134227752685547,12.064027706478756,12.118472053943087,12.089416398176223,12.072255000668726,12.101155620575787
12.373707715234994,12.365449905395508,12.409686978908272,12.397371525575762,12.392998576652413,12.38392425396264,12.390739038951859
12.310437165348775,12.34826946258545,12.36721330207319,12.362609075326388,12.314819765310741,12.271863960133132,12.32876506882773
12.211065162153215,12.364779472351074,12.342283982857188,12.333085969400289,12.29372560851502,12.289896591271559,12.312406700159736
11.674202123168433,11.761935234069824,11.747888125243037,11.762396768361649,11.742642400472041,11.729796324388854,11.749395659057626
12.676079399771027,12.550149917602539,12.604692850501133,12.605765203979862,12.594926131289638,12.644005698062486,12.598095586912361
12.154784614286667,12.201526641845703,12.231930495595185,12.204370937077906,12.203369903730936,12.172058149282222,12.200683377238597
12.396697137361691,12.359930038452148,12.33456501223533,12.349588861503085,12.33551446890965,12.433989869292958,12.35103481803567
11.288543647320601,11.37658977508545,11.28690904715898,11.397666501469343,11.354551180914026,11.527278431019576,11.385250846192982
12.127575825689417,12.089303016662598,12.109900630693524,12.099562287091988,12.11509589579459,12.154521096351882,12.111344085775393
12.441148720271016,12.341381072998047,12.359150857940143,12.329651689663454,12.355719541435976,12.336645269790896,12.344699353708881
12.387560521575551,12.447690963745117,12.423570988362325,12.44116812494689,12.424316303476965,12.401394202561994,12.429700925026879
12.406565597924235,12.454073905944824,12.45565851880466,12.39972492959757,12.368246565012734,12.313410942475404,12.381464533252087
11.924379271639218,12.11005687713623,12.006861751654151,12.110906847211012,12.08052338267844,12.065758648789016,12.091343347308253
12.273735966890268,12.323948860168457,12.334883792635706,12.360376605041093,12.271011824381636,12.313461664074495,12.307116764117417
11.918397239722838,11.741206169128418,11.757253306639578,11.829616515317378,11.770924758028485,11.75602607901984,11.78432864217851
11.870606902224587,11.87193489074707,11.870270950272161,11.842446895881128,11.864621478477384,11.794948061290658,11.852421493653317
11.83138646878959,11.97099781036377,11.943904599157191,11.994811259104946,11.991867152459056,12.055217099031385,11.996331980596421
11.735276702486741,11.82672119140625,11.796557815545093,11.841886404084953,11.87846553869535,11.901962832052583,11.864325235922932
11.870606902224587,11.895367622375488,11.886560366950906,11.937842203486563,11.926636369382933,11.849187367910666,11.919944237616491
12.506180941677357,12.558509826660156,12.491723033553013,12.593573865090393,12.54428812108145,12.53310269180331,12.559598363411741
12.167856627501678,12.2114839553833,12.220051975969845,12.223369546178043,12.243199383770714,12.205962840025117,12.230690984480269
12.193498926601634,12.1065092086792,12.07218984561038,12.101327556457129,12.079600918575029,12.07562208637644,12.088508773275494
11.767575435251748,11.880806922912598,11.828099752887324,11.847378651259346,11.904640026635875,11.827456049584587,11.87804322626184
11.694421681264394,11.664632797241211,11.71455398183157,11.65619795061942,11.662813204766081,11.74520507713364,11.668375687290956
11.804855999911272,11.763443946838379,11.769864919975515,11.794915602787421,11.766415390407406,11.740891410462455,11.772437825582264
12.055255569732177,12.054252624511719,12.039010104371101,12.012924827974834,12.057252068644559,12.044205051842905,12.042396801387168
11.755879486687116,11.746651649475098,11.738738203407918,11.751068872528954,11.78515804106278,11.963179201746817,11.786935525073895
11.884495917930655,12.044703483581543,11.962237701692839,11.911545633373082,11.994193858907023,12.044084338146053,11.978777542784844
11.728044909070785,11.777939796447754,11.782175664181104,11.756151588645853,11.784350103975745,11.805563867604572,11.777090345325862
11.790564777297387,11.80920696258545,11.787748597073747,11.76476492408708,11.774174816803683,11.763218597238062,11.773871590968266
12.128116509451258,12.193203926086426,12.218395430444303,12.178770380919431,12.181054790795951,12.175082964640218,12.181050747945635
11.951186847493476,12.063623428344727,12.055013363047395,12.05948455070559,12.057659789338095,12.062596217936775,12.059251936165037
11.665655135642039,11.718074798583984,11.74058977093129,11.677982537900625,11.756870587380766,11.771680283099034,11.730476983144799
12.513561021741964,12.440168380737305,12.425789494993845,12.478271276882714,12.455260689378088,12.565145574489396,12.470532171015735
11.951186847493476,11.933563232421875,11.932037647097188,11.96664649533818,11.948088174051364,12.02153857754799,11.95880985518023
12.384223015005313,12.621127128601074,12.570971035449624,12.505734094630467,12.495525699474523,12.499747241053106,12.511604335635786
12.277932735946903,12.257128715515137,12.255963061724794,12.279408199926724,12.275518968244544,12.319567608482085,12.278790021339004
12.094587859196112,12.03827953338623,12.028792934364972,12.042130007705092,12.043813025424813,12.100089410032561,12.047787859040756
11.982935344196433,11.904457092285156,11.795047153345235,11.837889064454963,11.916702885198337,11.857178651096875,11.886343094663912
11.813037464800539,11.783476829528809,11.759715542249582,11.796845140038917,11.797153720829526,11.782229358719972,11.794350232181058
10.542732775946709,10.907102584838867,10.943061939705473,11.041607902630378,11.046094450565677,11.152580544343085,11.040311167876768
11.849404844423074,11.715840339660645,11.65185718193628,11.697258218750067,11.751567318376656,11.881041059356264,11.743171197632359
11.813037464800539,11.260479927062988,11.064471217914276,11.192586530617099,11.248524054989883,11.314665305642876,11.238755666163051
12.06105265381003,12.05168342590332,12.01220334633649,12.017047520444528,12.034367896245266,12.085681346539037,12.035471680215215
11.507922973347437,11.720037460327148,11.704973379532047,11.730582959013052,11.737625112879753,11.718104162458276,11.731983800872007
12.111767460549332,12.243237495422363,12.294112668539878,12.258965978488838,12.23393833602761,12.23143299236261,12.242205927915151
12.02874460037869,12.172959327697754,12.114363695809423,12.043617865078232,12.170664154489096,12.052005388098252,12.121905277787512
12.013706813470414,12.08385181427002,12.071001283608522,12.056945287663163,12.072888708539072,12.111843959121428,12.072663584839049
11.356283350762888,11.43453598022461,11.429808034674329,11.408788745105689,11.434912319560029,11.475191981478652,11.43059246664219
12.20557752297723,12.179634094238281,12.167402175758193,12.193802268140242,12.174551307173031,12.218515053121074,12.184811726527608
11.608244735642321,11.637085914611816,11.556938939201592,11.614551057480853,11.642095486425962,11.535204579559405,11.623703535728108
11.842236406331555,11.840153694152832,11.838453700079201,11.824139550597708,11.837736138602498,11.822684518478146,11.832525462756706
12.091789104493502,12.081863403320312,12.026927820363268,12.102097006311354,12.069379085576044,12.24291123479646,12.09605124047156
12.724869415131389,12.65260124206543,12.682922681022179,12.671557650693053,12.645738695583335,12.687407810659764,12.657955820125139
11.982278882874377,12.081192016601562,12.050816591384702,12.049853004964122,12.05161089457958,12.10985695745795,12.059267108544915
12.45254592991672,12.457091331481934,12.446841744617172,12.419068373014658,12.41994780840419,12.415821940446495,12.423044263399035
11.744045122410057,11.739192008972168,11.776473468390652,11.75211101543731,11.718398372394695,11.728586560576279,11.731579928869166
11.736077016252437,11.783754348754883,11.768540681056697,11.724754550529083,11.750424393402858,11.856691781768124,11.755536209674274
11.669937760751914,11.814598083496094,11.834598498949628,11.845564636441258,11.779133972879224,11.796416536269518,11.804304581278409
12.887129532148373,12.865205764770508,12.844441855172025,12.948706093412378,12.950437511348316,12.851495617071274,12.932493049102087
12.180759965737863,12.133904457092285,12.168433209460288,12.123011029597894,12.1236334077336,12.093233582985029,12.121755313007679
12.190964083849375,12.163935661315918,12.159512610785724,12.15838228634826,12.184884730595595,12.198113563063757,12.175961607444407
12.759960632315702,12.632219314575195,12.671269001708778,12.674907714834262,12.657089475900769,12.639896428246622,12.658432217145469
12.031725210748633,12.069160461425781,12.111652166817295,12.192841611493353,12.09909320199087,11.954134399226316,12.111416286666023
12.138869243416009,12.236775398254395,12.203306026607718,12.205843412729049,12.202408295452905,12.243645995673063,12.210590548629328
12.066241450757124,12.060332298278809,12.033665706562997,12.04145860541995,12.075557705662591,12.096411649785482,12.065598331935835
12.729323752253295,12.78148365020752,12.761773926022329,12.8346047334776,12.782554176501206,12.833083273697223,12.802688948405205
11.7085004721646,11.709446907043457,11.682512769199931,11.624005392898408,11.674347839531183,11.754557042412195,11.669853634840582
11.824087219587643,11.792149543762207,11.812701902575695,11.808543198307076,11.790045478007821,11.816792146469123,11.798237585664006
12.128116509451258,12.000903129577637,11.969478721874774,12.007973702767641,11.996834417835569,11.975617240256952,11.998707172120435
11.418625774449598,11.297182083129883,11.291405049989606,11.356979845276438,11.381568581270637,11.299351371292095,11.358304214090527
12.235636302128867,12.118062973022461,12.11168643845522,12.154291560035213,12.128950624174383,12.151622982040703,12.137539247960536
11.314486721293981,11.162900924682617,11.190488487969624,11.167648102484856,11.234320391395876,10.865102337227803,11.173952603246795
11.362114203075018,11.406805992126465,11.509695289634848,11.394852566405268,11.405825860636359,11.448575255120765,11.406438423799825
12.354496960983985,12.400701522827148,12.402680551304998,12.378484920030546,12.38268682089137,12.318385481513808,12.377470205005062
11.827049837927534,11.919112205505371,11.91192576559392,11.879012216659975,11.907799351926409,11.850096974804956,11.895076207618873
12.10625783509458,12.164868354797363,12.205090242725428,12.171972089515137,12.150042010212257,12.125029508283877,12.155914198606343
11.917730355182513,11.796165466308594,11.83207942053699,11.828689415830622,11.80598884286052,11.899718558852962,11.820249500756132
12.004574385508691,12.031744956970215,11.969323292426678,11.998292711700852,11.997034146222322,12.059548575683257,12.006498771873147
11.385103457032141,11.365455627441406,11.40015328301919,11.383442788650225,11.319054148858188,11.405447057441652,11.350894994497633
12.388398368982115,12.398693084716797,12.443171712142686,12.378323072394323,12.394183460624893,12.371880664480656,12.387850076917397
11.532737896139919,11.6590576171875,11.65402173852158,11.650105629943381,11.648302799800943,11.6764407652534,11.652447101328733
11.813037464800539,11.746225357055664,11.704560927064922,11.739641311880668,11.731854786446792,11.797960377597851,11.741568856388103
11.51293546492023,11.555509567260742,11.533779373964135,11.593241157628947,11.566520061334527,11.512572257759675,11.568652587278002
12.013706813470414,11.980403900146484,11.925382297699404,12.014232327643937,11.988670762756431,12.010075219917827,11.997475769085499
11.350418300109132,11.554985046386719,11.588964056910521,11.512403973789883,11.547684984690854,11.421248744138033,11.526443330074388
11.688566422839942,11.74675178527832,11.737328324221682,11.775527335584137,11.691127199678874,11.652897269481631,11.718778906666554
12.33270970174018,12.259363174438477,12.247513850875244,12.283998970740699,12.256426031894163,12.237539320734182,12.263356329889996
12.220966184120165,12.328953742980957,12.302337138115272,12.322602363615966,12.339471566956503,12.318348078338405,12.331429478486795
12.141539457711714,12.08665943145752,12.161563615260789,12.10261982685082,12.041563115906467,12.220153511168117,12.080522002074384
11.982935344196433,12.006616592407227,12.034412900574454,12.012240687078558,12.059977703336271,11.982962638855685,12.033305752301974
12.271349956195543,12.196703910827637,12.197061301242753,12.22220560924437,12.1855960356466,12.191683488822243,12.19831218017402
12.07824495582233,11.914905548095703,11.863356770185735,11.9251707115873,11.940991891273343,11.91579215404608,11.931337275883376
12.175618592671356,12.199581146240234,12.208422255281269,12.217035792221568,12.1890482573989,12.238002334703149,12.202941254499285
11.373674891823535,11.657547950744629,11.69729154046977,11.608602547966866,11.620753069349608,11.554399669681352,11.614839091346843
12.160033942617156,12.172941207885742,12.220810332797774,12.179196942341441,12.15292960165978,12.136538514533342,12.161404404859514
12.567240979056246,12.650825500488281,12.688625684219343,12.629056070236624,12.59127845672256,12.507821093070753,12.60119573692332
11.630717389475995,11.731324195861816,11.733195043793016,11.749091702359237,11.721111048087385,11.735051335589583,11.731834728902678
12.02874460037869,11.839031219482422,11.886993997882284,11.829797808086195,11.853995232976501,11.871143143357784,11.846720341026113
12.588194064175278,12.742599487304688,12.793277292598997,12.744987399530345,12.659244702613591,12.635089839251654,12.691347888923048
11.561725152903833,11.748159408569336,11.773848785878481,11.768300712692634,11.767919929695825,11.626213455180352,11.753361441237386
11.678448377988165,11.741178512573242,11.728284221726948,11.710514312004353,11.704988744310263,11.662688658222129,11.706505435210987
11.982935344196433,11.828512191772461,11.871966958403245,11.702997745831613,11.773923593371594,11.890643546574521,11.768440795155618
12.190964083849375,12.318777084350586,12.347223819376223,12.223791848568663,12.186161525142566,12.158323216946407,12.20835491715424
12.644330802262578,12.6921968460083,12.687211057646097,12.720871300313075,12.66876322784346,12.687954392847779,12.688571079689833
12.345838935721968,12.356371879577637,12.341445266467469,12.322833241851205,12.355672790659963,12.402916663837464,12.35005649122429
11.693169865968983,11.673587799072266,11.680487720764207,11.703412839004356,11.719636652486495,11.78153729955313,11.715653936222063
11.338583982516495,11.326560020446777,11.360164400819633,11.35822526546403,11.28502599614808,11.310821687952213,11.313612601112352
12.66191713053049,12.72226619720459,12.633685174950415,12.768064150560189,12.690922674133951,12.691549758359717,12.717422401434339
12.567240979056246,12.512722969055176,12.488343221590284,12.501912138747256,12.478271236440998,12.439170405591547,12.48537016168622
11.48247656671073,11.560333251953125,11.59165507620399,11.51334207659348,11.556366151144669,11.397529310109954,11.529550320912016
11.289794413577894,11.165194511413574,11.19844151651886,11.204712834868074,11.239020662728665,11.271218094694635,11.224126898525357
11.951186847493476,11.986515045166016,12.044493189617466,11.954613943849505,11.969519108699586,11.931586355298156,11.963329059102739
12.06105265381003,11.970301628112793,11.933038692551241,12.01117033000121,11.97939766030252,12.03028326945328,11.992634694002234
12.185875040240456,12.1443452835083,12.158904667283794,12.139185633253554,12.174831654526905,12.150521537626872,12.158828060393333
12.47717172708952,12.474234580993652,12.51276466185782,12.478399628186624,12.487416012825724,12.42619111091187,12.477887031895092
12.535379989788607,12.686293601989746,12.635358117937654,12.640993251528906,12.597354579997733,12.725839105649714,12.630971651940325
11.846543632608535,11.678499221801758,11.66530665433213,11.691095507198519,11.730386817188375,11.811501876600392,11.720572180461579
13.229569788348705,13.018458366394043,13.023082837658214,13.00246139765846,13.018711663467984,13.049790847205253,13.016561857630668
11.884495917930655,11.871318817138672,11.873799664163252,11.871417464492525,11.884546585352398,11.931669031797615,11.883472373324919
11.652696102959753,11.77553653717041,11.789417989505255,11.821090609612137,11.765471581037097,11.70205354801925,11.777599847349627
11.349241150793087,11.591196060180664,11.554729530954189,11.57428295354362,11.577660862520625,11.491551862358364,11.570290412055686
12.080996832096167,12.11713981628418,12.102326018533049,12.08871286208584,12.122262228144086,12.106887661368532,12.110239927927246
12.206782393599413,12.1177339553833,12.06842703107271,12.107710876489257,12.112299036569775,12.162403722005267,12.115945869141157
12.013706813470414,12.020697593688965,12.003702678197566,12.014357720834411,12.019845523899729,12.00026766477058,12.01652095203284
11.881041706925902,11.835122108459473,11.866942442808677,11.852329912948026,11.871866489162677,11.915949136757355,11.866222717004465
12.449022745701502,12.502618789672852,12.48867332728829,12.504902927282588,12.476661742162138,12.41856711110816,12.48259576357417
12.100717685412471,11.980897903442383,11.975341950100292,11.985609913424506,11.991497212130236,12.029112623104082,11.992022650099381
12.13270055639427,12.276728630065918,12.272026406729724,12.28405491022802,12.238367570548068,12.28001252272427,12.259746638167778
12.421188057397055,12.396929740905762,12.39717295587669,12.352362740228118,12.39310468565333,12.418907282971809,12.38349625444917
12.721888795877375,12.780706405639648,12.71115250588893,12.759019543086078,12.793771235831946,12.799909635144923,12.782514225255595
12.301387370778713,12.127262115478516,12.146867186527519,12.090806760130254,12.230427579293835,12.254674098179052,12.180072566116788
12.271396795480596,12.265504837036133,12.196707142735443,12.255143114936228,12.213223634429086,12.334716490720593,12.24201286637139
11.302216779257382,11.53235912322998,11.602232174319441,11.486979052465482,11.514094435147337,11.248293026714908,11.483941418693052
11.407576060361786,11.751946449279785,11.665475449904177,11.795829237837626,11.702253767223668,11.753192937155381,11.740064431614872
11.612779849672751,11.819271087646484,11.8114129582966,11.784653095611185,11.783024805905193,11.63406903514258,11.773820396933859
11.944714374881176,11.91609001159668,11.935473881000028,11.923178812847492,11.966235502403768,11.975115039510294,11.948990895006366
12.700771936142122,12.49839973449707,12.562108964575264,12.501385734718546,12.498863047217668,12.53817079596222,12.503097887414112
12.08954444723597,12.078983306884766,12.084958865356523,12.074340465201567,12.098768657547502,12.089843278224178,12.088605137134072
12.031129798974042,12.071842193603516,12.059650002600637,12.058293023682467,12.055877128831677,12.166190390593892,12.068087918715404
11.927687224983487,12.033180236816406,12.03809087541454,12.030228275557112,12.053802799167606,12.03572335012164,12.042993307983854
11.813037464800539,11.722084045410156,11.714317669077403,11.750554091710729,11.736172733750708,11.790828457329741,11.74399403626133
11.813037464800539,11.795616149902344,11.816975225817139,11.76550733175588,11.783642714086893,11.785966503230167,11.779577208163392
11.944714374881176,11.935447692871094,11.981263011285652,11.974546821027893,11.912228560023975,11.960179773087365,11.937673246669462
11.424105180165641,11.607158660888672,11.570786422244067,11.631432131484713,11.577795286385667,11.563488999172014,11.595661149517165
11.979805470779858,11.91162109375,11.900509436879227,11.91607055262756,11.915312887330623,11.844233547245018,11.908806395922566
12.175618592671356,12.150715827941895,12.177139331236232,12.146505851938741,12.16574844272173,12.119093246151033,12.154249996815713
12.299112067295642,12.195221900939941,12.193809436181807,12.138177228902274,12.141681686203906,12.209641864875664,12.152087215861062
12.04355959836804,11.971494674682617,12.03971862652461,11.978957584766203,11.992462353782171,11.989037045092665,11.985971130656166
11.840796531639839,11.79840087890625,11.803819585176937,11.843991402739109,11.793047020393447,11.790951813200142,11.80878119712674
11.956976469393481,11.846445083618164,11.817942469630232,11.861971363331502,11.855010093252714,11.842848920878634,11.855162873816424
11.744045122410057,11.774150848388672,11.779807348933682,11.809988406376386,11.790756058428096,11.820294171147069,11.797540409740424
11.884495917930655,12.007325172424316,12.020250557152623,12.02411892989469,11.999055258218233,12.034245828787355,12.010605605032984
11.798111925972618,11.78296947479248,11.782275623969227,11.7579908791481,11.80364682518047,11.742141813995099,11.782275489189383
12.165255859329688,12.157069206237793,12.137657179887677,12.17162692173553,12.183394326603409,12.148871766652226,12.17410510136395
11.982935344196433,11.940387725830078,11.926297764956312,11.945628237364762,11.938264136829943,11.936761687355599,11.940566719009693
12.141539457711714,12.140993118286133,12.104452240901018,12.114641019667793,12.13988140475323,12.117049487939692,12.130326764021904
11.898194668458823,11.963400840759277,11.948662920577968,11.943166926354634,11.908966488675642,11.99046271349366,11.93205979033952
11.332613886815139,11.489897727966309,11.518659539657076,11.43527110285826,11.434492090379669,11.457026084252892,11.442311083965308
12.437188334739655,12.493799209594727,12.475774189996752,12.49287324991336,12.491015430342394,12.445511394563603,12.487781696186842
11.83138646878959,11.813780784606934,11.771107907558624,11.825919674532098,11.812362544120186,11.838716511914761,11.81895865666295
12.190964083849375,12.223955154418945,12.239385224476903,12.245606970885806,12.22962062793467,12.235332893528714,12.234390421990277
11.439289689006644,11.449369430541992,11.473624079652366,11.414489471055902,11.44393110432831,11.460474325506702,11.437068074772714
11.982935344196433,11.930220603942871,11.965742076813335,11.97423285951611,11.982418756122735,11.994125994216047,11.975751236505479
11.824087219587643,11.975503921508789,11.991806408410934,11.98283080753511,12.00250232529082,12.024045148426165,11.995778683620687
11.891368749982085,11.966226577758789,11.995984294798353,11.955922203005361,11.940644238876445,12.032603943225649,11.956061838392554
11.767575435251748,11.8103666305542,11.797347110099919,11.784608756823076,11.791253686149172,11.815300626744325,11.793320327359112
12.080696479888447,12.029621124267578,12.045813165109694,12.042795996995833,12.063649847852115,12.056330281779896,12.05327857897427
11.751950239425476,11.758146286010742,11.749987033469568,11.746892564232086,11.737717918356706,11.674552959285865,11.73688491382734
12.04355959836804,11.927292823791504,11.971555909544367,11.922559019306075,11.934198335794983,12.001918238800275,11.936053429372302
11.759793355371237,11.560663223266602,11.558787805458824,11.516812449908235,11.6026543533434,11.675055755260392,11.578996586561647
11.964007453736912,12.032761573791504,11.934098816132963,12.002672117583703,12.034898343209026,12.024620439970294,12.024031889667746
11.002116507732017,10.896552085876465,10.805948694522003,10.891740041268035,10.888956673539008,11.142906154128834,10.913298728222163
11.691080018519527,11.707066535949707,11.700962403557451,11.680651402680622,11.689487043179401,11.61303386384335,11.681739362807885
11.813037464800539,11.767251968383789,11.789202439374943,11.746653603884871,11.778551579203496,11.790413003052896,11.768846091243036
11.979805470779858,11.888520240783691,11.885880109455558,11.840727876902909,11.920475310094227,11.95898307010449,11.89663132723846
11.571203807011969,11.594505310058594,11.565940943160324,11.609246131375857,11.630604177806989,11.637257994642095,11.621123856818775
12.691583538230217,12.713997840881348,12.629600582529822,12.744502196771162,12.692293376847054,12.716109424061333,12.712372050150005
12.100161978566867,12.140636444091797,12.109650156089119,12.12896874034397,12.152333236004347,12.110346724774107,12.140343227474723
12.52352951631214,12.364748001098633,12.30640368879932,12.332732980954434,12.37301419365766,12.455311613387547,12.367388719611052
12.10625783509458,12.066543579101562,12.04577135797784,12.048878551540882,12.04362932572398,12.06652278618467,12.049566303224037
12.54254845357358,12.624523162841797,12.597052647565226,12.622476015838972,12.63890401503538,12.650853838235548,12.633568445900915
12.144202560946876,12.125931739807129,12.135497202832356,12.131779861942373,12.122695218771874,12.126003758696836,12.12605994093099
12.230770136157428,12.202317237854004,12.162269568639037,12.228115999227677,12.186418117566134,12.14874452476879,12.197233791840095
11.774527900858468,11.699334144592285,11.732523063583212,11.70620602539282,11.712019127072198,11.748474388502267,11.71225356399717
11.80932691294063,11.798882484436035,11.7888112791846,11.820162280684581,11.776380230885673,11.808414834066422,11.794730261827091
11.669937760751914,11.66165542602539,11.680597407328603,11.679669053822453,11.693072065719056,11.677847354191988,11.684505352018459
12.669809806411457,12.554712295532227,12.510847979378687,12.587092360166842,12.60209162815659,12.735612562438753,12.604757878358283
12.123239799036943,12.088319778442383,12.075227218844269,12.131942282569769,12.150008159623345,12.102057907662646,12.134062039462622
11.775297421715827,11.831155776977539,11.813993945190116,11.839992999013948,11.836452652849784,11.78085679744014,11.832011597890338
11.849404844423074,11.866044998168945,11.868038199333775,11.840369944760088,11.82066878020638,11.769152719102667,11.826563827035109
11.803361242493628,11.770768165588379,11.73557044337801,11.693035897607466,11.757700136698986,11.779959057096239,11.741479023874284
11.681832447342321,11.660158157348633,11.631833596042323,11.63290614901128,11.68066510371165,11.600728332565849,11.657025459937918
12.268582547911404,12.295588493347168,12.290908366640348,12.293764540146393,12.278315609324146,12.330743966577222,12.289410448856403
11.626263078808801,11.316343307495117,11.256691869340154,11.28347267313404,11.26647065737854,11.33849030214494,11.28306366715435
11.678448377988165,11.588775634765625,11.549856987335215,11.584650102540044,11.582364952572458,11.712228368342052,11.59532693534207
12.007017865994577,11.988578796386719,12.022838445286572,12.005844139509879,12.025504042322996,11.962324964657963,12.01020069756887
11.652696102959753,11.646195411682129,11.644553468617358,11.654203271607177,11.651964379912368,11.5636913264952,11.644156991701818
12.066816325306588,12.143092155456543,12.129491786121411,12.169642315984555,12.195203746470845,12.169276417617615,12.17992816556698
12.464587201678082,12.203227996826172,12.41860096346526,12.39932306784037,12.372000537436882,12.312773568460576,12.35799316006272
12.278397958261774,12.261631965637207,12.248694066853327,12.252977557987792,12.269716176701719,12.226097486477846,12.259943793978655
11.849404844423074,11.78853702545166,11.7998660555687,11.745323654284158,11.787779342250305,11.846553579540588,11.780297518580776
11.813037464800539,11.797666549682617,11.842251905306963,11.844218418847252,11.814605699770071,11.96156130507385,11.835004619576459
11.445727410406752,11.521309852600098,11.473240967738803,11.574582064443293,11.613994951468394,11.75307638078072,11.605235350561697
11.674202123168433,11.792801856994629,11.726273563162648,11.75672445727396,11.798746211006113,11.794255601787635,11.785057433013424
12.386312871189734,12.442617416381836,12.427616774394616,12.443826024085558,12.412766538581732,12.307924980320186,12.415757095255076
12.037659911047468,12.093880653381348,12.078724657375803,12.068386345425468,12.071046485707704,12.095442519093345,12.07472152652933
11.532737896139919,11.571266174316406,11.583046405823541,11.58257632484371,11.579855577467821,11.499094269700652,11.572582953751631
11.686887175419702,11.740325927734375,11.676945775068551,11.694322796111196,11.703828480263738,11.723799456401288,11.706412738147032
11.451060699493427,11.431337356567383,11.39588064120117,11.417983158444834,11.48123094541656,11.414381043027102,11.451133661263318
12.185875040240456,12.167684555053711,12.215989721766768,12.22846764128786,12.20514013192518,12.29785164480024,12.21672299952821
11.87757552297847,11.767481803894043,11.735884803220424,11.744772724651265,11.77804544666919,11.604249919501296,11.751375124568433
11.842236406331555,11.765933990478516,11.779061088208685,11.777672243503082,11.724155144783404,11.752806689363679,11.747078532643972
12.193498926601634,12.071737289428711,12.050805466715191,12.10112940979645,12.134358903604806,12.188598962754611,12.122890066672326
12.959540872420414,12.839193344116211,12.841822054198671,12.773361331395678,12.828489795480461,12.864590314811117,12.816150081743775
11.289794413577894,11.440394401550293,11.42407388922272,11.392009385476255,11.479304213082374,11.515760738931228,11.452298763564007
11.289794413577894,11.183961868286133,11.115710849723662,11.266589718947975,11.270764089605228,11.100683890661962,11.245554458043099
11.91170829631447,11.749067306518555,11.752004548557538,11.78497975691067,11.803188552049651,11.784749058284964,11.790601849695895
12.100717685412471,12.038566589355469,12.06099077326031,12.077767751567416,12.048993888501291,12.041616424660742,12.055974771599145
12.069685751267224,12.114118576049805,12.083024099319575,12.15590396418908,12.054466680484543,12.095740503907674,12.094786491525788
11.669082701743504,11.618385314941406,11.705399588414222,11.699528272987692,11.668845455409583,11.698175954357477,11.675667895170172
11.870606902224587,11.879632949829102,11.804835419390336,11.8620557807818,11.818060027047897,11.871544961908864,11.84232029561091
11.728044909070785,11.703265190124512,11.750874639087177,11.75618219435033,11.735279548882756,11.702196231232886,11.735413188529561
11.917730355182513,11.911696434020996,11.955983881500806,11.91360697414809,11.922229817699433,11.93954027437351,11.920117716888875
12.345838935721968,12.191280364990234,12.183526184712656,12.118465911835202,12.212283903230663,12.495381592262024,12.207191617915727
11.699413330633599,11.636763572692871,11.681748823903215,11.638246487875508,11.679754749630906,11.684147076265093,11.663294670890066
12.215037342290755,12.28636646270752,12.267122250296277,12.276880665303045,12.311879029162766,12.293291177692568,12.297083050223653
12.292254928916668,12.164554595947266,12.169653315577479,12.161773358306109,12.18198330710928,12.236261131064445,12.178989522827983
12.100161978566867,12.090476989746094,12.080911894267093,12.1043347007793,12.152056147491399,12.172661996390445,12.13330423814768
12.345838935721968,12.245233535766602,12.242836077848407,12.259341741397762,12.208504522942732,12.226001120062742,12.229112537639898
12.367889578686164,12.374611854553223,12.411714341336536,12.376980016777468,12.371392306609847,12.346051003679992,12.371134044675598
12.128116509451258,12.093234062194824,12.079356385622937,12.116505846433812,12.119817127460369,12.112412598782877,12.115483661998608
11.891368749982085,11.872258186340332,11.90392979246181,11.862602452674489,11.895379098751162,11.892071180550728,11.882862446997907
12.319405795112926,12.246587753295898,12.262924560058746,12.194398404937285,12.309411091778772,12.33173937547419,12.27036814497308
11.767575435251748,11.72629451751709,11.714091611146312,11.709873049199263,11.745643190869568,11.783590314075633,11.736295494441926
11.59873612138334,11.74657917022705,11.80577692330364,11.879010285994191,11.855373969150943,11.869082065967081,11.852809400586843
12.175618592671356,12.115203857421875,12.143807313705743,12.141230863049863,12.10174881575453,12.229083535658551,12.126424592323236
12.359527368950229,12.308323860168457,12.334459275234726,12.327315194540613,12.347605783591286,12.311589629352422,12.334307389340724
12.41044511731981,12.470585823059082,12.413559346535429,12.412423880742978,12.454718246110847,12.34955102222381,12.434123846287756
12.06105265381003,12.14311408996582,12.134142570350834,12.17286012633283,12.163009157698932,12.1768429522149,12.165223909944164
12.367345048436391,12.244290351867676,12.197140710700161,12.246171542170888,12.157417042547912,12.193541594871752,12.196180578897339
13.345508528717259,13.371871948242188,13.307657829524487,13.378961366347909,13.341441420060939,13.236870238630708,13.34646531569029
12.049424683420915,12.0372896194458,11.94957369301254,12.014719208934975,11.89949971217386,11.988727327566725,11.956124936229841
12.001511614739405,11.976866722106934,11.981698396200976,11.969594608622925,11.970005488403512,12.060491806303897,11.978672794469231
12.05467400868968,12.020538330078125,12.01401957625411,11.97604796270528,11.987828266033384,11.969657222325907,11.985929946591442
12.208574513247495,12.281497955322266,12.234303571700055,12.218645656475026,12.261684135282941,12.292066384459854,12.253398504753331
12.384223015005313,12.302183151245117,12.343484277138284,12.357082672812766,12.308139319937917,12.34990779812679,12.326060559162746
12.560247968016562,12.627084732055664,12.590172480842057,12.64428116849045,12.617380010159117,12.645372172077034,12.628984831360754
11.691080018519527,11.822257995605469,11.833738251481925,11.802506605841826,11.808386273069855,11.744884588589729,11.802318409289965
11.652696102959753,11.648012161254883,11.635769258926144,11.633704449096827,11.62065063315405,11.686559515180223,11.633242755839833
11.950541482162043,11.778362274169922,11.731340181937403,11.767202710306924,11.785867616759019,11.783182785647053,11.779236893888783
11.440365524765756,11.539133071899414,11.502471126877367,11.510697536821668,11.512716548012847,11.447782593866489,11.50894651605784
12.429220196836383,12.3751802444458,12.48677244237289,12.404756343286044,12.423371230773364,12.20931997649895,12.39374267522998
12.880294363972055,12.646642684936523,12.616872510652982,12.58854135196355,12.601447573300348,12.596480600897312,12.601645792730793
13.521140839642674,13.050470352172852,13.12129836584515,13.105573726523245,13.161058705637037,13.182454561306496,13.13510966029798
11.695255355062795,11.865947723388672,11.893621730395513,11.888337628454833,11.89427824178147,11.871104225242982,11.887563241902413
12.137263685701864,12.189088821411133,12.121614330386224,12.190502221625492,12.193344374119674,12.271633633901901,12.199068582054903
11.560772327227417,11.721559524536133,11.747395798081927,11.741637423880862,11.727006935991477,11.630092666104128,11.72220007360591
11.461642696843066,11.611897468566895,11.598149411235815,11.620033780548631,11.684310967889777,11.49761129870573,11.64090918466292
12.476103599529843,12.550812721252441,12.602069521153053,12.560827679133237,12.568772505783471,12.525407026020343,12.560686197416546
12.180759965737863,12.15557861328125,12.153440636315404,12.138239040404452,12.1137127474296,12.116521446192964,12.125576423145285
12.149507585033072,12.215298652648926,12.21476826143592,12.216392622895155,12.189025199468825,12.142874624877345,12.19579661775244
12.031725210748633,12.043085098266602,12.020841871053424,11.94370610564463,12.017335638680807,12.054245191748755,12.000993022231297
12.066816325306588,12.052735328674316,12.03441776324569,12.049166621349839,12.020140359820372,12.048294033423526,12.034700932553738
11.736077016252437,11.776837348937988,11.720106767754846,11.745303608029538,11.728435727998203,11.72424812052008,11.738016892785344
12.013706813470414,11.999423027038574,11.981523459750337,11.960044265022514,11.954579676129393,11.970015058043774,11.962116899686562
11.970356641102999,11.917993545532227,11.931576433904178,11.91381512084922,11.873406434458007,11.960247913821766,11.897863826380572
12.07824495582233,12.039478302001953,12.033368029547194,12.037337797857122,12.027550829584408,12.019958021429243,12.03102463097239
12.29779001527865,12.331645965576172,12.29516204648782,12.34148906737314,12.299597067858926,12.321998355200051,12.31747284761181
11.87757552297847,11.874064445495605,11.906193588125813,11.916624601912645,11.915044316076335,11.927430340545783,11.912513709940734
12.08954444723597,12.114180564880371,12.117822274462156,12.05788924231681,12.094655553186119,12.036711027339635,12.080326211536647
11.904974309480183,11.809466361999512,11.824654183381178,11.800231757414295,11.831223868632684,11.879883119692899,11.824036184359352
11.6617850286409,11.560778617858887,11.572711813158834,11.567093418054638,11.532125433977575,11.548650965236073,11.547043087329726
12.19552218463499,12.211114883422852,12.199762664850798,12.197351395526345,12.201236239499018,12.207927982147151,12.201654700858331
11.669937760751914,11.873777389526367,11.796640369564816,11.804279066377259,11.798110221721613,11.860542315455989,11.813164745876708
12.269052139516223,12.240281105041504,12.290906362671125,12.23930000581655,12.24886793838118,12.17819980932042,12.238788436813714
11.941462360646149,11.908589363098145,11.917123587187215,11.931626244042258,11.907232380653632,11.899751608627863,11.914065216001513
12.513193308436527,12.56714153289795,12.512917177789488,12.567037751249515,12.552136564563332,12.507397941378356,12.554137880635455
11.580593459194764,11.656900405883789,11.644562808364578,11.604776755756681,11.685034575199646,11.71430748424083,11.660593433394679
12.206077645517674,12.22741413116455,12.222242689361522,12.229914772703594,12.244057494248159,12.275228154056183,12.240905753352296
11.849404844423074,11.879753112792969,11.885588575394749,11.851186536617865,11.863157315203775,11.821522235053793,11.857481674344113
12.577639650232573,12.562227249145508,12.516978520548493,12.54916069225957,12.55069111551274,12.617523372377814,12.557372016629236
12.149507585033072,12.171175956726074,12.14112381876093,12.165058408443958,12.18603025198731,12.209085829182014,12.18026939684523
12.00762780434872,12.290987968444824,12.272086528698074,12.299100315794652,12.23777937516969,12.262891574984792,12.263890653306108
11.635151947212842,11.24853229522705,11.16636537880704,11.288050490231646,11.312846815132126,11.427436173582766,11.309158160648359
11.884495917930655,11.765363693237305,11.77331795866502,11.750154459241042,11.749079402096744,11.883994030877702,11.76312015619945
11.80932691294063,11.758772850036621,11.757535711993707,11.731902536686812,11.744436047993513,11.736114604552816,11.741346422854068
11.736077016252437,11.686774253845215,11.64992593528818,11.647597706817917,11.688379912121253,11.616263052208406,11.669446092901847
11.626263078808801,11.73176097869873,11.745998183519381,11.730711732050487,11.733636505753497,11.612947937363675,11.721758487041571
12.343470927093518,12.419559478759766,12.490381813852006,12.460446549871376,12.37792710125745,12.395425198406484,12.408595085533415
11.296024885689746,11.268110275268555,11.123001549610292,11.188914194895453,11.219832882830051,11.261196511962842,11.21904985341725
11.424105180165641,11.533411979675293,11.540034240773554,11.453929893768615,11.543230078515432,11.447025097084639,11.506663179325752
11.652696102959753,11.619695663452148,11.607549934127993,11.61428332333825,11.666173048541157,11.55900171658564,11.636238447467242
11.80560254159177,11.711514472961426,11.682316081386512,11.747064239076476,11.718842753354615,11.74262506376314,11.728758191364221
11.870606902224587,11.97517204284668,11.97823092527858,11.92655472022303,11.961160551846746,11.912933311876307,11.947799811730436
11.834291315386718,11.767508506774902,11.874559639312261,11.796778101228117,11.722934303354906,11.822773970735959,11.75865081779911
12.122696471358964,12.183818817138672,12.155888730247774,12.170449039235006,12.161789671584652,12.198353378784157,12.169891535517474
11.884495917930655,11.83177661895752,11.827555108042688,11.853467002681779,11.857410802739206,11.939760342851244,11.861018191743764
12.273735966890268,12.229914665222168,12.255434771509542,12.168538747999914,12.248684459418408,12.310162066728564,12.22810151225249
11.898194668458823,11.82352066040039,11.904766389259313,11.817270157357262,11.895183576112899,11.958447012174632,11.870120967207479
12.813920618864572,12.859105110168457,12.812398187571782,12.823371131880274,12.78860710143565,12.826100859196911,12.809544395400966
11.751950239425476,11.853022575378418,11.88807259994821,11.817860901852184,11.8606903698781,11.875549059264166,11.848317071478924
12.154784614286667,12.13919448852539,12.10095896723357,12.193260345921736,12.19253562710213,12.409625987649788,12.206833967956303
11.794345471549745,11.861163139343262,11.846121192250196,11.856042796821084,11.868552833601164,11.82078876548159,11.859755973254703
11.530775206233024,11.47030258178711,11.50962639750133,11.499959215169586,11.517647123932827,11.484077928389834,11.50454380018187
11.863589378812122,11.835075378417969,11.7920264428817,11.822123036316679,11.81705377397892,11.81376639599166,11.820100670682221
11.775297421715827,11.660128593444824,11.704017652478106,11.606587323984634,11.62359734168698,11.634214566146767,11.623081344146106
11.841423131921784,11.865667343139648,11.793372181992543,11.875879334310042,11.912379736919265,11.859149733042686,11.891898597121235
12.075400019877522,12.024534225463867,12.025066604341847,12.000076408179032,12.010769055247593,12.028227756383432,12.01048624003242
12.180759965737863,12.258443832397461,12.278066347917301,12.271840882171652,12.265596019340792,12.190302139417334,12.260021524381683
11.86710429621008,11.807243347167969,11.907315104904345,11.800005716596155,11.866886384040164,11.736786603519244,11.829049265530418
12.490879338036375,12.366061210632324,12.400325339755698,12.326748816321672,12.317511700508902,12.34048094950818,12.327235033580715
12.323415584358154,12.251921653747559,12.263895843225253,12.240592549477528,12.246344770541175,12.236699074436402,12.244304328284365
12.42250975887691,12.352601051330566,12.373329473767676,12.372385246200745,12.39560669860346,12.440460709743126,12.388290244526985
12.04355959836804,11.968687057495117,12.037489466536634,11.990504638439674,12.109675536682847,12.063464947420055,12.055387481564036
13.049794835104816,12.976824760437012,13.062396502652692,12.916558236407457,12.97185435329805,12.989333217130067,12.95722068558168
12.345838935721968,12.192085266113281,12.16851571114167,12.117273971355358,12.192018865678289,12.212744709405348,12.171310228107066
12.08954444723597,12.196586608886719,12.143419533551057,12.16131128392987,12.195295651343525,12.215405647522633,12.186963550838586
12.136191879981927,12.151517868041992,12.172078243604393,12.165036177627439,12.180570077043482,12.195124409146848,12.174263820746152
12.042971193457888,11.883874893188477,11.876719820362084,11.894205231537764,11.85860859214115,11.853986289015722,11.871482269793391
11.771443882099637,11.786373138427734,11.80172169843076,11.793856650569955,11.838652697351012,11.757266654188646,11.812586123417521
11.686887175419702,11.721920013427734,11.713826607601739,11.710254251550904,11.70420485845798,11.697344670685238,11.70719703653369
12.404927602627597,12.39849853515625,12.334625481035854,12.317698995528175,12.365267055383844,12.47887850511859,12.364413848158087
12.053801032483948,12.154881477355957,12.174326019013668,12.160353632754855,12.145692067355037,12.142487693537312,12.150755746794777
11.775297421715827,11.695409774780273,11.698659380138153,11.668979478333652,11.705497479830525,11.641837166613584,11.687756429308742
12.591338447675579,12.497570037841797,12.455470749852909,12.569512594237047,12.510600591317372,12.452202476168058,12.521852551951705
12.016128107502665,12.074753761291504,12.046990889744265,12.10883205755442,12.103345540124431,12.060448697211848,12.098289029792063
11.755879486687116,11.777427673339844,11.809729006074809,11.776405517882546,11.801927861414088,11.768022994603768,11.788723629735848
12.616528611893463,12.683205604553223,12.594752001556662,12.690417478241182,12.667875875107267,12.636134928672027,12.673380837065844
11.511934974596555,11.35954761505127,11.412754196900336,11.413704409063055,11.435729078890295,11.419429788539155,11.419965533647938
12.154784614286667,12.095927238464355,12.097636967754338,12.112926188422342,12.106116414357789,12.13897109554705,12.110090979656983
11.92504173829169,11.922138214111328,11.957821517919207,11.91963867589918,11.923220568968162,11.98615196509242,11.927665038813426
12.10625783509458,12.14771842956543,12.16312208511257,12.12778120350732,12.145545066470628,12.161578909462648,12.141834822920703
11.766799946849087,11.769189834594727,11.786282764212503,11.757104618679055,11.742539043989543,11.743843694575192,11.749731648515999
11.992266613576142,11.822844505310059,11.80786244985011,11.840394426307473,11.881260491367847,11.933442555061966,11.867723827702314
12.103491596905931,11.994905471801758,11.931462574910348,11.974494674143413,11.998243138063026,12.013640965864102,11.992115106286432
12.10625783509458,11.987488746643066,12.026504477010096,11.874541394449942,11.991116658916201,11.95583722979249,11.952390479076945
12.12215284831553,12.042957305908203,12.032457987415981,12.033286119866135,12.059149382683149,11.990964646513778,12.043607435152929
11.711784520403112,11.73451042175293,11.821569675933498,11.789752151168395,11.744937335021932,11.64770357635678,11.748716536055106
12.843973993864076,12.705891609191895,12.71115909987667,12.780893845985295,12.761484148538159,12.712759862667873,12.75739779887494
12.850557278777309,12.896114349365234,12.920644835532835,12.837596845209783,12.833807407971367,12.90676317805655,12.847743522499508
11.87757552297847,11.837072372436523,11.85156251719122,11.804142555255861,11.836841197256508,11.845008220962518,11.82772151981672
12.468440756144114,12.303129196166992,12.31483140486963,12.354014641900772,12.365152484819804,11.953861165042367,12.31873143529456
12.132162346145595,12.08226490020752,12.143395370474003,12.089702181970821,12.062611242101985,12.084229956967778,12.074702170754707
11.827743504053695,11.824499130249023,11.802853409817807,11.809379139543207,11.790558581428568,11.763296763289546,11.797210588797112
12.083910661257521,12.0708589553833,12.080575563145413,12.055927307631132,12.052587515019527,12.129759075737752,12.062341506846614
11.842236406331555,11.754854202270508,11.73656325988639,11.841936676067437,11.809947932859327,11.987727692361082,11.829991310104484
11.827743504053695,11.927939414978027,11.872190809801793,11.93120603470999,11.890124440094887,11.846200907440972,11.902396068620266
11.995357787034976,12.016773223876953,12.04075800907805,12.014654012386769,11.995038875348904,11.98478500631865,12.002227470021275
12.19552218463499,12.1431303024292,12.08570602929038,12.175323071336058,12.134424816583167,12.19089331715925,12.15270578459669
12.37581963951765,12.495438575744629,12.477638217544241,12.47734939574781,12.449401755184399,12.380466950334842,12.45629373039893
11.133142723386813,11.275613784790039,11.37787482672279,11.411821097282436,11.526469777993944,11.125777186896308,11.430769851362445
12.33270970174018,12.249202728271484,12.238914621196674,12.271844474971799,12.275162389870976,12.25124363738498,12.26941087313961
12.100717685412471,12.145575523376465,12.123619302138923,12.121268996567593,12.143622657727645,12.191368000401937,12.141343690426138
11.921725007667265,11.918198585510254,11.863815895645995,11.95812589804959,11.90276429631117,11.904796598553196,11.921214621438557
11.842236406331555,11.874251365661621,11.870588766166572,11.891869804106156,11.859011736127643,11.86888845911613,11.871349386463887
12.037659911047468,12.15887451171875,12.12755354184142,12.15655509298739,12.059439519555651,12.093303512710047,12.101787432703263
11.794345471549745,11.728137016296387,11.704444212967678,11.705705707665594,11.699943288820338,11.745551267384133,11.708599462105013
11.870606902224587,11.952939987182617,11.93324612546393,11.977032024174841,11.95106087654886,11.859267554772988,11.950873161923564
12.154784614286667,12.028128623962402,12.034521620168304,12.03295725031616,12.06482717850217,12.060101762209833,12.0510933963837
12.535379989788607,12.421245574951172,12.44449283951869,12.448727772862087,12.478788906654737,12.521219512114937,12.467729588617456
12.546113507028412,12.507928848266602,12.522992129761844,12.526718131807542,12.53835869690636,12.601723852383085,12.537460228851758
12.103491596905931,11.954390525817871,11.957146631669156,11.949990410975412,11.96316533411472,11.917087060945128,11.954179490927435
11.691080018519527,11.668065071105957,11.63992885781218,11.61611008057824,11.699397941706128,11.70707843057512,11.671787085945176
11.58525542883217,11.690441131591797,11.661357966824484,11.736416282830616,11.676720220690367,11.943666757192046,11.720027606085283
12.000897933306716,12.073676109313965,12.08118336920555,12.095629142702133,12.070848630926173,12.111918859875095,12.082293183292185
11.652696102959753,11.685152053833008,11.679229343738642,11.716615325230288,11.713805089429131,11.740277582637722,11.714145550744238
11.83863282480007,11.850593566894531,11.854359332229668,11.81772779389132,11.839105489254266,11.754010697943045,11.826184710594816
11.951186847493476,11.91542911529541,11.94698123173349,11.908810362612988,11.930860220877703,11.959018810621583,11.925172806870886
11.849404844423074,11.856131553649902,11.826949863963593,11.906513710668051,11.89794604267276,11.86030722791562,11.892962406157666
11.982935344196433,13.446515083312988,13.371743805673127,13.282568160174945,13.494097291958129,14.782027778748597,13.540761308776068
11.944714374881176,12.022412300109863,11.959710889498066,11.978746405977006,11.992667704670442,12.021508600742505,11.994034371769805
12.323860125621126,12.32059383392334,12.294271983075319,12.301836938418829,12.29607325242252,12.350837124914243,12.305180617057067
12.086731521684555,12.009734153747559,11.97901853794013,12.059230640554873,12.05600416995018,12.025765022272054,12.049622584076369
12.577639650232573,12.689332962036133,12.704653755503188,12.682990363627182,12.698848556043439,12.674138840529974,12.690891342994696
12.354496960983985,12.3014497756958,12.308707728199641,12.315000738535867,12.310193708567555,12.295324876281068,12.309435545259317
11.775297421715827,11.86862564086914,11.831878020538072,11.89348913973605,11.856081753531887,11.849176912524594,11.868019756256393
12.691583538230217,12.702847480773926,12.732123824266322,12.70402111311651,12.672511039329684,12.7220393018412,12.689508638876404
12.218500103788143,12.1648588180542,12.190055482635497,12.176242231823869,12.151087514863262,12.16934866418278,12.161702174525047
11.835016210489899,11.842625617980957,11.875351927867463,11.878270068743477,11.84447170236206,11.876818505824108,11.85738882259693
11.898194668458823,11.87809944152832,11.883352154213167,11.865418488128142,11.842175455320898,11.864258877789478,11.854780544465381
12.09626335986454,12.106943130493164,12.110188276750796,12.09661524804546,12.092572414471796,12.047933455047312,12.091239985949311
12.721888795877375,12.580355644226074,12.505418864345947,12.612926764711682,12.690203940098353,12.684477819433937,12.655320054399114
12.220966184120165,12.222648620605469,12.223625286527406,12.196558679345095,12.207926418014186,12.243629604994576,12.20916948794221
12.618185607609803,12.691667556762695,12.710847326170782,12.694768541449532,12.696934865890123,12.670683389136483,12.693400990325763
12.716405147731708,12.716065406799316,12.754407970871727,12.763174046074198,12.74577754653004,12.701393336889028,12.744071823210136
11.686887175419702,11.752765655517578,11.71303091329725,11.7236967862542,11.734983720456233,11.643467952365128,11.725167451407135
12.239995696974733,12.112898826599121,12.076150554857032,12.081838793448126,12.084900871455233,12.184364699507636,12.095694825744655
12.596403811053621,12.48485279083252,12.452673667410965,12.485597965410614,12.532553060127917,12.524705889481677,12.512879178524253
12.249615734512616,12.175541877746582,12.187190724847467,12.202931759085518,12.158869744637611,12.186286155529,12.176305111441769
12.524530013005734,12.459404945373535,12.493052838151575,12.496116212782768,12.510107897056255,12.464121864592396,12.496671556407653
11.6172944892629,11.66383171081543,11.702065428041758,11.64865635602243,11.685953466156898,11.597315864031728,11.66453174565002
11.960817678718287,12.027240753173828,11.961325859580908,11.92738796991492,11.966809679368415,12.057533586306768,11.969099607451835
11.19135563385109,11.054267883300781,11.048401946033037,11.068828026472556,11.104121509092812,11.310024341700943,11.106891884404204
12.154784614286667,12.284476280212402,12.308931901189382,12.3198204613289,12.323328768092635,12.377036837955353,12.32317520704064
11.320565693461432,11.30724048614502,11.233055110142011,11.172996083265968,11.238026439087609,11.51953246587034,11.250548072100333
11.898194668458823,12.539867401123047,12.56918180286198,12.559880635830424,12.525463243037123,12.544608364119409,12.539017726486264
10.915106645867503,11.112387657165527,11.157955423743372,11.099872167751919,11.025294141058012,11.181607671883356,11.070560520022653
11.277215789596893,11.142794609069824,11.112377314983846,11.34235049784418,11.30886696612845,11.454565777866698,11.315340270466546
11.779136168550774,11.735505104064941,11.778953474675465,11.77559364308796,11.795514163231426,11.796445337308208,11.783553510914222
12.45293662970407,12.163912773132324,12.2578610152275,12.15079361093051,12.172757384667165,12.263180718209266,12.17333280145046
12.081081821061819,12.133076667785645,12.107772683478979,12.127130196734248,12.142779806149168,12.122271743963326,12.13524295312385
12.33270970174018,12.391350746154785,12.395266647280621,12.408428808332607,12.40654571402973,12.391443340694359,12.404235610966836
11.794345471549745,11.781388282775879,11.795439421352501,11.776132435730657,11.76280097775241,11.778970834791128,11.770141872595905
11.51293546492023,11.615718841552734,11.619050588417576,11.636279182167991,11.590561865633214,11.584538145735028,11.606355269823164
11.74006900564972,11.7709379196167,11.764511747138728,11.767947318187698,11.743737107151006,11.76191951206927,11.75540863185583
11.736077016252437,11.706841468811035,11.706524116130407,11.699008405611382,11.691110063405903,11.664539457662762,11.692696428787553
12.031129798974042,12.01229476928711,11.955354480229708,11.996524936760874,12.022294121668752,11.971114176574584,12.008925306956433
11.813037464800539,11.84288215637207,11.868316162724945,11.875849931182094,11.838946033835274,11.80709560645793,11.847633641266297
10.868587496017359,10.958335876464844,10.967450722850284,10.949330786970332,10.992087670673204,11.067520514479893,10.982539663166083
12.206077645517674,12.332541465759277,12.324709079666492,12.344558178192257,12.310092062084351,12.315167109590336,12.323209659443684
11.763691965388299,11.719977378845215,11.702307999198407,11.715794874391664,11.707753524472674,11.770922030422856,11.717065900072914
11.719947764402807,11.564107894897461,11.556069949495877,11.593582044379565,11.593119046852543,11.585359100492994,11.589649568861176
11.951186847493476,11.968840599060059,12.033488893979545,11.997346739211702,11.981675276694496,11.882017268954876,11.976194962499877
12.339295865674435,12.475699424743652,12.45379566167523,12.440651727407683,12.446285288374378,12.352286885014161,12.439122477621638
12.083910661257521,12.01652717590332,11.98740458536634,12.031921984084569,12.031530302145214,12.03748581084624,12.030674614531518
11.95655945119582,12.127018928527832,12.090270329819699,12.074276335356533,12.120977102123275,12.15617940455249,12.110633598274987
11.59451466851004,11.376225471496582,11.41176791491054,11.398169509778223,11.418571989900434,11.45991583373051,11.411858712672265
12.47801017053037,12.56161117553711,12.52887248902,12.511834316725857,12.50375524389838,12.590426846971727,12.519767680069354
12.554840409959793,12.543120384216309,12.484237235079256,12.580180051396205,12.574681477855286,12.61517441335622,12.576796988892442
12.278397958261774,12.402103424072266,12.413739289479466,12.440653502933412,12.420371296321113,12.330754246986421,12.41663655346196
11.711784520403112,11.975591659545898,12.059123530525557,11.880265855127409,11.851202691022042,11.805252307052488,11.868360822809626
12.206077645517674,12.078727722167969,12.04103983101335,12.095530683615712,12.006289003691174,12.180434844363623,12.056107909695982
12.049424683420915,11.999167442321777,11.99493312278611,11.986073145628202,12.019980956024591,12.042941831924391,12.009706617652887
11.812296455066814,11.804648399353027,11.787895117007743,11.747660835588574,11.792342830639015,11.868327658025605,11.786889849921273
12.923914877701906,12.945508003234863,13.082103627158947,12.923079631563695,12.98460994657611,12.863461972674116,12.951253606134447
12.367345048436391,12.367094039916992,12.377550447112384,12.371489973416855,12.401702862608866,12.35498773261035,12.384919662028155
12.04355959836804,12.191743850708008,12.203870876718211,12.214774994694988,12.182779352087396,12.147132279231805,12.190149991858837
11.608244735642321,11.6243257522583,11.604429075382448,11.606385557783174,11.656363464132797,11.580217680243521,11.631234810996524
11.917730355182513,11.985002517700195,11.93905429647976,11.98161572734694,11.970954637770982,11.971943623156466,11.975673828290581
12.086731521684555,12.039190292358398,12.053416857978476,12.029376643685634,12.042854418402852,12.0385985703942,12.038035301487664
12.660331092405906,12.848615646362305,12.929176074747645,12.85895560942788,12.842604416778997,12.838046210673076,12.847737818890511
12.149507585033072,12.20694351196289,12.122054746970628,12.132125327957691,12.147642330015408,12.178609426508253,12.151686777995716
12.468440756144114,12.407830238342285,12.442531446570058,12.410901939872502,12.398634592905418,12.482704826113048,12.41079042932323
11.560772327227417,11.69063949584961,11.622772318299079,11.710291864833621,11.709622179618414,11.712917943046385,11.708212502113263
11.963574241653713,11.973902702331543,12.014785229749572,12.02556915841353,12.020830395797416,12.080652850781743,12.022903484720366
11.878630514504515,11.879515647888184,11.853023518496745,11.88889896633266,11.86194893059789,11.91938203460341,11.876994457458562
12.283038316285214,12.248887062072754,12.260021221102319,12.24929898532635,12.217821799593494,12.251195734875193,12.233436234987686
12.170450649220749,12.242209434509277,12.292536585063798,12.231763422266567,12.251876456907521,12.190514051564266,12.23933731178221
11.751950239425476,11.853178024291992,11.884795924758194,11.810922107714172,11.826381635260518,11.714459764644559,11.814383790131338
11.87757552297847,11.854503631591797,11.860690887184788,11.851809949572168,11.854914802010683,11.798783731908706,11.848909959902512
12.354496960983985,12.432854652404785,12.408894092268861,12.454108242115336,12.435729503474914,12.351078377224011,12.433410995151714
11.561725152903833,11.582403182983398,11.594666700651462,11.588665804989867,11.574534371629131,11.609190412204512,11.582695299245161
12.016732516077072,12.079497337341309,12.075277784014775,12.068617800793678,12.025325527415877,12.071714672541848,12.0479944907747
12.521981322562505,12.444378852844238,12.434709965257577,12.479862480659516,12.455424445849749,12.4697644992245,12.46297847881586
13.05301544288996,12.932790756225586,13.17274767891653,13.072153402434894,13.143038673833951,13.069048421406594,13.093886467818956
12.429220196836383,12.394729614257812,12.440419409176943,12.437878656677826,12.459384709008,12.416868003494482,12.44258822190258
12.384223015005313,12.453164100646973,12.503841829414458,12.455843662225458,12.452983781416787,12.410304938045932,12.450044066567052
11.418625774449598,11.42794132232666,11.3865694602387,11.513288162201933,11.450789624531243,11.41785324102769,11.464418165445087
11.669937760751914,11.72548770904541,11.790157302593112,11.86673654229333,11.782419964436633,11.736563622479107,11.798056076282812
11.326607934898927,11.490979194641113,11.514661698836004,11.488554349152176,11.489893479431624,11.490375989159771,11.489641370548386
12.02874460037869,11.90456771850586,11.866802112673755,11.91617070319764,11.893897154830809,11.945707962778712,11.906334291933584
10.97679912709094,11.104043960571289,11.089891139002221,11.162631881427345,11.159203998323742,11.192126620092921,11.157645612739495
12.377927112974284,12.224815368652344,12.27108889418327,12.209977843554148,12.349381181591763,12.385251319252022,12.297982729118319
11.964007453736912,11.892538070678711,11.87285029648732,11.925772457287275,11.959302550527154,11.93861646536907,11.940617896910249
11.626263078808801,11.89937973022461,11.866176156851848,11.925676458446842,11.964182895570033,11.905002807206632,11.940745810982358
11.561725152903833,11.633424758911133,11.638705065445906,11.665905500973853,11.617798945272195,11.610454170622546,11.633238049664401
11.74006900564972,11.656004905700684,11.604456426236633,11.675633005470532,11.617642491488544,11.661822839447801,11.642963964398927
12.429220196836383,12.577924728393555,12.548150019011715,12.651099322982471,12.467724351039108,12.564142210248363,12.542802982587734
11.820417517632333,11.893245697021484,11.985575280410927,11.934748488625253,12.000961740401031,11.99971261620453,11.970033957913143
12.84132849667433,12.750434875488281,12.684978947466705,12.757948921919624,12.751025347599125,12.70928104490775,12.74931901097102
11.782960235741939,11.831133842468262,11.849165001642401,11.78918630214936,11.819113760798633,11.766856291331962,11.806604850009832
12.367345048436391,12.351094245910645,12.330120598461068,12.335719411921707,12.329710044420573,12.311898351699408,12.33207813712023
11.728044909070785,11.73163890838623,11.737042028208174,11.765586547843753,11.790265787526021,11.730435088199982,11.771566387342206
11.719947764402807,11.777113914489746,11.763990409186636,11.742793767906843,11.805574987156252,11.749073583198854,11.778698311859287
12.001511614739405,11.87027359008789,11.871010604953334,11.858016274538228,11.918858319403318,11.73282729390807,11.878947579509441
12.415437707935368,12.306312561035156,12.29294757507616,12.298495463794428,12.285809028962149,12.317419417993085,12.294530185259557
12.546871224308068,12.546144485473633,12.559059466708302,12.580374149633862,12.56856472859249,12.532010336086017,12.566605471477603
11.982935344196433,11.92981243133545,11.972076835528071,12.020740918893933,11.93104392801278,11.709459672098708,11.938165917241106
11.83138646878959,11.82351303100586,11.820051106348956,11.826267693473994,11.840802205007058,11.837021404943384,11.834337738701961
11.835016210489899,11.776511192321777,11.745438752818869,11.80502272260962,11.776959026383848,11.89337554303276,11.79581244835449
11.831022768939789,11.945531845092773,11.912016559013322,11.974120545517875,11.946835626157426,11.911334101820799,11.951765222807289
11.695255355062795,11.719674110412598,11.708391901259791,11.717523001425063,11.716622424101848,11.68873373084023,11.714703809709198
12.170450649220749,12.130030632019043,12.124890765267098,12.122823449696702,12.116332000447006,12.179482140622666,12.12532285692889
12.174994689959313,12.16068172454834,12.162063843446587,12.1459363812582,12.169487904472057,12.16984117999727,12.161522893478006
12.552930054797935,12.41762924194336,12.467054177439822,12.398368077858306,12.469511435355633,12.432006208205248,12.439457617928511
11.561725152903833,11.44558048248291,11.39915125742891,11.4693463150975,11.508889587515085,11.514990224527772,11.491134701897908
12.524530013005734,12.628158569335938,12.620473489004134,12.57281167708714,12.565616770124942,12.596065249493574,12.576798763722406
11.798111925972618,11.754711151123047,11.773020077130003,11.771088538041536,11.778990031178893,11.777137234139126,11.77399901487677
11.626263078808801,11.689543724060059,11.71846298248978,11.628154053088378,11.656488693096652,11.60375198333863,11.64653104077681
11.74006900564972,11.686609268188477,11.645216597685751,11.560033589324664,11.60808231585424,11.657674510839037,11.605902105443805
12.278397958261774,12.340100288391113,12.339634257969909,12.295886159935698,12.312508973223633,12.210997153596912,12.301171814181831
12.345838935721968,12.287870407104492,12.310155695943232,12.296357136367469,12.296492509909505,12.273473168511128,12.29352431085158
11.849404844423074,11.965685844421387,11.971491594493992,11.951504387077264,11.923951750280912,12.01504643249099,11.944621151186197
11.407576060361786,11.502643585205078,11.468553342812537,11.47865820331046,11.501139047217048,11.527987001680504,11.496905493064656
12.456835254920371,12.499838829040527,12.518575697839117,12.451437300646004,12.481514375353587,12.485905002253446,12.47466586579275
12.240478903153711,12.14083194732666,12.145083277410013,12.152823186370933,12.133891426306626,12.125506971358808,12.139554851794829
12.077676615757813,12.313597679138184,12.28422778250251,12.302810033747203,12.307523955804534,12.283242211540516,12.304536462183602
11.715874472198905,11.682670593261719,11.603716429697917,11.698174440050385,11.712346734966294,11.740106616416236,11.707571386996463
12.73670383776449,12.751322746276855,12.72603468666116,12.760999902205826,12.73402086005443,12.63168410679894,12.734742827953726
11.728044909070785,11.782334327697754,11.811606177004634,11.815943718690942,11.782819944987002,11.816931874903162,11.795828076610396
12.314931534737134,12.301236152648926,12.26405937631712,12.280630182052153,12.288640484350545,12.346985983705963,12.292711165136133
12.100161978566867,12.016021728515625,12.033814916981756,12.06673076431636,11.964005740279486,12.043935662998106,12.007408558738437
11.755879486687116,11.869715690612793,11.829748749357124,11.852588699435595,11.88422403063035,11.849780866740742,11.870129414989936
11.824087219587643,11.833951950073242,11.846434930827874,11.855181112243521,11.847540577108008,11.842855379517497,11.848063199514801
12.524420916542532,12.057540893554688,12.051599727103971,12.091793512861008,12.183610430518955,12.196991394633748,12.144417153625097
11.87757552297847,11.86858081817627,11.879036574615768,11.889789743472619,11.855594355918612,11.809165943588138,11.863067955736534
11.863589378812122,11.875083923339844,11.899518957269553,11.85283326149955,11.897545725904385,11.90670874881471,11.882607611574073
12.509877789891931,12.381843566894531,12.42323597849502,12.471236790953503,12.425872364367216,12.526619230606713,12.444168963768849
11.849404844423074,11.820229530334473,11.842479532890227,11.841396953955273,11.852531089462436,11.82675630914995,11.843615972536243
11.686887175419702,11.652755737304688,11.624587215335756,11.654064591046195,11.725183186956842,11.645069778407558,11.689257748384865
12.116700301832573,12.14748764038086,12.179003818902709,12.162695842595381,12.177657113700217,12.148482727133059,12.167496088484393
12.165984756488543,12.098849296569824,12.077049900721988,12.118903559295852,12.094199763731087,12.146358659695876,12.106797067615535
11.87583791515714,11.810009956359863,11.795589802616627,11.821430184718421,11.81653506230495,11.73992191100194,11.81049784934131
11.07443600653965,11.613008499145508,11.571967796963612,11.610444881257866,11.621426455225267,11.519975584704321,11.608180763469708
12.136191879981927,12.147161483764648,12.142530667816324,12.135901774705376,12.141036675146104,12.175270008206352,12.143166599394739
11.982935344196433,11.986764907836914,12.012224296568181,11.992613744193736,12.022150486390899,11.959077201389166,12.004028731128649
12.066816325306588,12.029281616210938,12.086016095544803,12.037268799358248,12.042130871856218,12.039266527950225,12.039115335079039
11.699413330633599,11.70497989654541,11.63198261851676,11.67250715154578,11.720731894265041,11.632774413042519,11.696711107499546
12.885673487343764,12.768766403198242,12.775936796881965,12.824187249419772,12.783673454232376,12.836750793316783,12.799162558869906
11.916395250412128,11.974946975708008,11.978689532419805,11.909663620241206,11.928299895227974,11.899708404624823,11.924798319397574
12.190964083849375,12.101245880126953,12.066253672660892,12.113772584990873,12.089977701579123,12.102004205009301,12.099372013688704
12.160033942617156,12.187535285949707,12.199286624751055,12.13489419449609,12.238992266822962,12.271678035518935,12.20531453288203
11.913719681428494,11.871956825256348,11.867173084764248,11.87976247628878,11.884989042979194,11.872569020116199,11.880989446917896
12.644330802262578,12.763394355773926,12.72715668176687,12.725784628683703,12.741755892230755,12.755347748290829,12.740323785061346
11.703554089007538,11.640959739685059,11.65927796998563,11.620148018893753,11.623416415892846,11.318774501122402,11.596914365050509
12.098493002763465,12.188007354736328,12.204261742882016,12.178023833271725,12.191612293332641,12.14424530399292,12.182905548155455
11.767575435251748,11.736053466796875,11.760206758164001,11.713951257669885,11.76782201311726,11.8211329102836,11.753136343826505
11.969723533345908,11.8871488571167,11.942968054590404,11.904072972326814,11.925938191107479,11.843393310539627,11.908047624835664
12.388398368982115,12.533782958984375,12.514113641470678,12.483014591325746,12.51256533814286,12.409126042209735,12.496511377591139
11.626263078808801,11.635821342468262,11.576372057149737,11.658856192944262,11.56319755261849,11.524664818668892,11.59592967934381
11.429554725537322,11.379546165466309,11.427446294122976,11.43076930488426,11.425519976408555,11.329038820561687,11.413847723630113
11.820417517632333,11.826519966125488,11.871050993964948,11.788740410838743,11.801771674149718,11.690340521115324,11.790345290223183
12.567554517655415,12.448450088500977,12.4080806701356,12.415459646404175,12.450287161037632,12.444941846292693,12.439106952390292
11.884495917930655,11.817353248596191,11.856925674233734,11.818153169827916,11.811600028373986,11.73268991725947,11.807091311807524
11.344518647594766,11.702658653259277,11.672631314854533,11.785209533693,11.752407040420835,11.773192390670754,11.759175943890963
12.128116509451258,12.116013526916504,12.101917371976722,12.130750526907114,12.124899495164556,12.166364473173722,12.129486426591791
12.07254696717504,12.075002670288086,12.057782789139077,12.066483617313988,12.07715095093286,12.106453905996364,12.076337637768038
12.25486757159303,12.2379150390625,12.245833928329265,12.277902436288052,12.228158890333985,12.213881019244223,12.242881870391855
12.493133274926212,12.48571491241455,12.478762402061998,12.42903167608952,12.460984161737667,12.626044310720248,12.468599172365337
11.864469267087891,11.839746475219727,11.828964576209865,11.817221103614353,11.842586816411789,11.861798980786094,11.836361911128206
11.901590234400047,11.934621810913086,11.899594064545528,11.960915589121715,11.967229598763568,11.911967029180422,11.957098953620937
