XGB,LGBM,GBR,Lasso,ElasticNet,CatBoost,TargetLog,Ensemble
12.215888977050781,12.225665742102118,12.214586130931362,12.22567417518809,12.225902200794932,12.211149684738665,12.24769911637256,12.221466493982435
12.08362102508545,12.107381293766732,12.05038720563363,12.2035185092824,12.203297714267118,12.088117072414116,12.109016442313738,12.155514828452098
12.288771629333496,12.295493435571252,12.301821534312833,12.280366177257642,12.278681450941482,12.28864829439253,12.317171167298682,12.283973395891058
12.038098335266113,12.004354112501694,12.009793677910809,12.012070876020049,12.010955055033676,12.023520148293537,11.849404844423074,12.019918814563349
12.635123252868652,12.617537994713464,12.592515125293243,12.557404583227203,12.556611939228805,12.601193475513575,12.429220196836383,12.583539181872185
11.99872875213623,11.990302483896095,11.980939457859087,12.03470699963243,12.034856211573832,11.982670841827206,11.870606902224587,12.01873061374977
12.565669059753418,12.57414963333971,12.496774845052139,12.583264916983028,12.582928145668859,12.54354286674884,12.634606283893019,12.571925740027519
12.361865043640137,12.381943567803562,12.378792823684492,12.327960502460359,12.326099675520775,12.363999044146567,12.206077645517674,12.34185838048391
11.697063446044922,11.715274226702395,11.65547770029375,11.730955357483522,11.72691159152352,11.821676439473183,11.774527900858468,11.724700058913932
11.75334644317627,11.751925751297911,11.708056338643631,11.738137315570636,11.73378843611003,11.776656110009839,11.678448377988165,11.743466776618547
11.760538101196289,11.755943982585759,11.760015134632816,11.791907871518283,11.792776983677177,11.771145317072266,11.771443882099637,11.780483638370182
12.785252571105957,12.850408905806859,12.824666565329665,12.843074146521799,12.84447074546666,12.78997131110506,12.75130259456002,12.82252557803173
11.831059455871582,11.782835616457595,11.843021950233293,11.78650612078343,11.787565555580356,11.856273075528188,11.87757552297847,11.806426790377941
12.274260520935059,12.240331032306873,12.233535778662635,12.303958478307289,12.30398440806983,12.29294150369968,12.540761149388421,12.292063505343084
11.967409133911133,11.902857097207663,11.95394510768776,11.96764504030252,11.964941105536202,11.975845116835831,11.964007453736912,11.967307365369406
11.736275672912598,11.655001381585407,11.715442151002815,11.786508295819525,11.786470750733567,11.747442722812142,11.790564777297387,11.766808842305792
11.963323593139648,11.928473606742894,11.95837797841625,11.960981538408129,11.96104998777942,11.929527171543986,11.91170829631447,11.959217688524687
11.60367488861084,11.636442740256191,11.56006093537636,11.619364067387252,11.6193257578085,11.572619659502523,11.407576060361786,11.609168036929278
11.958189010620117,11.940267347860003,11.984532291221175,11.946826517974253,11.940993779260705,11.938660146454765,11.976665770490767,11.950199871411844
11.686212539672852,11.693949195623663,11.7176713768567,11.677369743541318,11.681540689134744,11.717104914189827,11.842236406331555,11.684878069315841
12.691999435424805,12.697427651102341,12.660876008965044,12.685711246790245,12.686676381231148,12.683280474165374,12.692506186542177,12.68639429345943
11.686177253723145,11.653258702314083,11.731021225832036,11.721084659470616,11.71887210041655,11.712920060626752,11.845109950883979,11.710921145657457
12.30032730102539,12.322437806845954,12.363607818517444,12.366970144367873,12.366034728242433,12.34686575395474,12.345838935721968,12.34672890789731
11.825935363769531,11.855887133871235,11.836262105381053,11.879901170398549,11.876010902210439,11.830110510302353,11.774527900858468,11.859016831034946
11.90317153930664,11.85627506895776,11.899803620086765,11.926204726855987,11.926007713136146,11.92883046503875,11.944714374881176,11.918912899705001
12.419797897338867,12.451875170285948,12.421193139130716,12.398730281688206,12.400327115980879,12.418994207742172,12.454107814022272,12.40717213727589
11.834479331970215,11.826834085139962,11.82873851058373,11.751893498512064,11.753789828551689,11.818538197007161,11.811554895830454,11.783068138396365
12.560271263122559,12.548325703094125,12.535508175904328,12.565352982487052,12.566263247168738,12.54453307018912,12.631343648903034,12.561314272664582
12.144242286682129,12.172880467482509,12.127329081660864,12.240240395343092,12.24043015676318,12.132341437752512,12.242891437918386,12.201097745951493
11.142504692077637,11.216590111994176,11.145114436531044,11.209542230504109,11.212709640379204,11.144477295214344,11.134603622683905,11.183910946753642
11.27838134765625,11.454908646088143,11.442495446269557,11.269519707065248,11.26282705229388,11.323313860729725,10.596659732783579,11.282109756692366
11.843544960021973,11.865660755583544,11.833220906538337,11.808905277913862,11.811370098353859,11.849432607326532,11.914054519303125,11.822789142746537
12.096343994140625,12.065953798031204,12.1065615095264,12.177815409089774,12.178784149489697,12.133112756913922,12.100161978566867,12.149136250547675
12.0198335647583,12.006194880735157,12.038220782353937,12.07616552398137,12.07516506681298,12.017286623874243,12.016732516077072,12.054530439321304
12.552499771118164,12.60562017542843,12.50225450164119,12.558472688408479,12.558895127974507,12.5428937746488,12.533579815765737,12.553451695356431
12.628290176391602,12.650828196186506,12.618168826649574,12.624570054024463,12.625975831004748,12.625210493313,12.6410997921206,12.625561490101756
11.86409854888916,11.805392102849698,11.840268699007893,11.927638363751788,11.929949615898767,11.90915457282313,11.884495917930655,11.905384192451429
11.94229793548584,11.898022611782013,11.938334153977785,11.922336197589814,11.922269060121046,11.915203380761787,11.938199736300925,11.927991962076131
11.75868034362793,11.717780149936107,11.753354538260815,11.752903576631192,11.754261807583868,11.786139139115663,11.599112335481124,11.757138446922951
11.415989875793457,11.400100518155462,11.401555672409605,11.280929440278753,11.276170299439565,11.382702824558242,11.314486721293981,11.330233843794687
11.875757217407227,11.859213427965793,11.903084523743793,11.852505168454572,11.849381335847093,11.874952435821154,11.982935344196433,11.86228071929224
12.002754211425781,12.021550800079183,12.009838738210268,12.050734804273773,12.0520812893834,12.072588702118658,12.04355959836804,12.037531289073062
11.870926856994629,11.831917875304448,11.835154818414281,11.886761246950291,11.88757119408321,11.882797516273893,11.87757552297847,11.880089088072618
11.786890983581543,11.860587023543943,11.81743398504094,11.79060896292094,11.79335498611413,11.806510884295317,11.777218637129327,11.792158074105771
11.90588665008545,11.906498772492418,11.879638303568555,11.869892192811628,11.872702508255209,11.859286137973148,11.856522261533737,11.879839119092146
12.609822273254395,12.563451465595778,12.620048634176264,12.579045050513935,12.58048918477444,12.573339840159077,12.675766851909591,12.588998998618019
12.59254264831543,12.614973863041218,12.59417937504778,12.525762019992754,12.52337419756126,12.571874264077229,12.387089184491993,12.55017965067263
12.418394088745117,12.39546350646225,12.388611186574174,12.412143590575292,12.4124778177476,12.397864290136425,12.428019481065613,12.411919849458702
11.511402130126953,11.451443851851172,11.550300310770476,11.487715706021485,11.48541825411207,11.473805442914363,11.635151947212842,11.495515628403357
11.754300117492676,11.725916906660132,11.7676039549458,11.80101708032328,11.79969779166256,11.738941745010898,11.751950239425476,11.781961599009417
12.09033489227295,12.099766481061705,12.089511154340835,12.085764830394409,12.085759954277911,12.07937400011527,12.083910661257521,12.086713710821703
11.705721855163574,11.734583384140207,11.707964186534989,11.741008391095322,11.742571452611344,11.650744053364063,11.648338835562747,11.723411705955472
11.644515991210938,11.615895052638189,11.731746475574878,11.518738365500571,11.520738982261227,11.589632422221923,11.608244735642321,11.567721398668322
12.909329414367676,12.886711753652534,12.934350082962066,12.774525871114214,12.769963598238096,12.93178463792017,12.861001210669146,12.829450042221284
11.68533992767334,11.754484612348612,11.689994437542437,11.689696856900127,11.693140340705401,11.716625988422104,11.775297421715827,11.690896171199084
11.99531078338623,11.992763639813031,11.97903530706773,11.984976641584502,11.983587650454524,11.983490363575427,12.103491596905931,11.987331716592506
12.277823448181152,12.275071854876233,12.309959396758995,12.159391418563706,12.15845490191561,12.264236928237246,12.058158312538197,12.205968039193028
12.164782524108887,12.165602253024662,12.167133233213256,12.18137870272676,12.18065776877092,12.176997619979016,12.188422799337028,12.175785415866901
13.125560760498047,13.085794429630376,13.096816055144945,13.07087156173582,13.074651166656944,13.124155107387478,12.991755706536901,13.091488172454486
11.642572402954102,11.665353765152997,11.700948419788453,11.715183782449872,11.718193522518371,11.648879059098327,11.735276702486741,11.689915758621481
12.046941757202148,12.04064924099278,12.027834166551997,12.130388523758443,12.129525208505715,12.010807044314117,11.970356641102999,12.094162359710541
11.518163681030273,11.475127538498185,11.49405106419863,11.560498111035251,11.56220753093205,11.473496280830268,11.522885696764481,11.539856095977612
12.289253234863281,12.295445208929056,12.28299003222974,12.212098092763327,12.213478679569247,12.26784947979354,12.218500103788143,12.240659799642904
11.826322555541992,11.818546675821173,11.774258618284982,11.827645036369168,11.83371182042637,11.855156372505744,11.849404844423074,11.827882515107126
12.375327110290527,12.377782263339533,12.413923459771043,12.3676449263718,12.36631300283947,12.34636755293815,12.299112067295642,12.36991536223474
12.605531692504883,12.565613515862871,12.618901216692535,12.602560833826429,12.602462526998067,12.596511667542083,12.666660207428574,12.603586761234332
12.500669479370117,12.488066510888384,12.541152680533491,12.370498395559933,12.371292590907647,12.48051578745915,12.100717685412471,12.421733830180923
12.298291206359863,12.300163970204515,12.26612671025852,12.280198005469785,12.279289866075393,12.288043840936648,12.328294703023394,12.285126271358509
11.318391799926758,11.328319817521814,11.28018077389292,11.249714234083884,11.250539945527644,11.290112074006016,11.289794413577894,11.273094675514963
12.302648544311523,12.242740835650023,12.281746417311009,12.267745643400366,12.278585798089289,12.224082123167104,12.323860125621126,12.276088576592992
12.635443687438965,12.622201616544073,12.593029340366874,12.582561624746992,12.581856685760576,12.584155009276564,12.404927602627597,12.597705712119634
11.68466567993164,11.638412509202578,11.646392248743766,11.678027320480718,11.678506814006566,11.68122581499291,11.771443882099637,11.678890243804918
12.209490776062012,12.164636551783879,12.205316925293111,12.179941329545498,12.180374390706133,12.195492834896092,12.128116509451258,12.190369689004333
11.867857933044434,11.836716139841982,11.892939160896256,11.85103503919647,11.84914816142783,11.890628159725269,11.88380602959621,11.860087117047513
11.37804126739502,11.399867558606102,11.482589263677191,11.517129999401092,11.521591882838226,11.409530319012,11.58432477200052,11.469709300885231
11.443087577819824,11.444896793305741,11.42954150200571,11.481837412597837,11.478754924511316,11.461833893483126,11.418625774449598,11.467122927230708
11.668814659118652,11.66228734346739,11.660715445083634,11.63087610366422,11.633033476120842,11.646621963678687,11.818577604251555,11.644035875064182
11.734260559082031,11.770524548858456,11.757248743775465,11.623059158127596,11.62486402591516,11.679218897744876,11.751950239425476,11.663709022038766
11.720036506652832,11.746371636198285,11.736944400929234,11.712227527525291,11.711563543368012,11.667257758698696,11.824087219587643,11.71199899254549
11.636176109313965,11.621811244282984,11.631721849335989,11.633621895331851,11.635818529376285,11.566619181044157,11.608244735642321,11.629581300966152
12.195701599121094,12.192094728833654,12.217306203218714,12.199894090087032,12.201245239157,12.210760832354769,12.173037959397275,12.200393785491759
12.101042747497559,12.099267579919124,12.135995892099785,12.033328781922902,12.029532537833532,12.055529730161876,11.941462360646149,12.057454340518944
12.387324333190918,12.368633591515916,12.382955567704002,12.411177937315767,12.41111678056748,12.367631153471386,12.409017571151187,12.40019885752713
11.710293769836426,11.767081960644013,11.69572610417478,11.763833441377258,11.763335232335047,11.685070560785311,11.748005492256807,11.740354090073557
12.037280082702637,12.06008350653564,12.0370874168534,11.992784383246526,11.991553393641363,12.036852838405299,12.034696963475044,12.010028559352378
12.475008010864258,12.440833449043824,12.493252564557249,12.479954701247792,12.483170573380086,12.46212893099409,12.468440756144114,12.478188710939543
12.083382606506348,12.088836987355734,12.084720110927918,12.113445437023678,12.11485256976856,12.121530343416667,12.066816325306588,12.104702080793004
12.033549308776855,11.98460203995406,12.004818033648332,12.017822763295756,12.02248638690861,12.061077024291802,12.010671928196443,12.025414422811153
10.922027587890625,11.232308014598052,11.226441631326031,10.835730562305468,10.82861817628279,11.20187968176628,11.350418300109132,10.90156747655135
11.686525344848633,11.71951743460232,11.696621896691209,11.721875698521792,11.725019296462596,11.724383616694068,11.724813914587886,11.711600867454969
11.513503074645996,11.507559801960964,11.481570121018308,11.53126170607555,11.5354962222979,11.474828409986415,11.60733523953139,11.52067686839545
11.568248748779297,11.529137329495688,11.65394226938933,11.656829479085925,11.655109686389862,11.660944105716224,11.498836682527127,11.632203935439913
11.848883628845215,11.777827507158179,11.867299245771726,11.858954294925963,11.86143243395777,11.812526847778928,12.004574385508691,11.853369346819687
11.986984252929688,12.175099056355732,12.149859018045131,11.963598715495044,11.95653963125537,12.056242738100861,11.804855999911272,11.983577090287831
12.205081939697266,12.21752066491853,12.228032425260153,12.171408210890418,12.17025512742452,12.20581266865719,12.229549885708273,12.185439814023862
12.044050216674805,12.046116806621212,12.050036660651003,12.143669332530903,12.147304147384897,12.065603573096087,12.128116509451258,12.106909194461215
12.317021369934082,12.337312506896458,12.317451007702289,12.293011412287647,12.291187603057246,12.297244034690756,12.273735966890268,12.300758387786054
11.760445594787598,11.769134089715438,11.736604757707362,11.61794423613113,11.620098464913799,11.736730100293256,11.459007676978688,11.671319726673358
11.250332832336426,11.309839008385943,11.33481268829291,11.241850042474054,11.236793678777838,11.296283887807654,11.326607934898927,11.251355299070369
11.713966369628906,11.642462234088736,11.67599329486961,11.6419790288769,11.646021622227835,11.661657397314164,11.767187766223199,11.665281107963732
12.282278060913086,12.27165641601059,12.264115279194469,12.27813577563748,12.274617484741373,12.282690443158707,12.230770136157428,12.278635009819459
12.04531478881836,12.06386696788724,12.054627443617118,12.0278429205389,12.027282438872621,12.048741593298425,12.08954444723597,12.03524788609246
11.639089584350586,11.558013982474831,11.627433552377571,11.649674160925668,11.644991610231807,11.655579981730586,11.68658461118553,11.645711263254574
12.173954010009766,12.20721173964152,12.213287446088396,12.094671268011824,12.094543882082736,12.177702688764697,12.200562492481511,12.127575592715996
11.95197868347168,11.896894196972172,11.820815215590883,11.90796160632461,11.908531524202298,11.942788928808822,12.040614105490253,11.919312995239686
12.475400924682617,12.466771070897178,12.467373470338938,12.443739503167969,12.445782933375638,12.454525940408098,12.429220196836383,12.454526524695178
11.401178359985352,11.322383871299843,11.381780612975115,11.389325610655577,11.38937943443864,11.403307359351267,11.51293546492023,11.393350878378097
11.43353271484375,11.433830075063371,11.503515407634794,11.406171565684483,11.408150733589704,11.464722530555461,11.652696102959753,11.422245120849798
11.703668594360352,11.647554612822955,11.696669625253294,11.655607782862177,11.664935864510875,11.655868168634543,11.652696102959753,11.671750930359668
12.176106452941895,12.114412220817176,12.225275025807772,12.278766564973518,12.277254799727201,12.225129546916355,12.154784614286667,12.243961044319928
11.895851135253906,11.892574033740813,11.89503771167616,11.88159890029967,11.87954092205205,11.86797244658114,11.827013315851762,11.884848155486827
12.031927108764648,12.025894518939976,12.044063518172873,12.05309666824403,12.05205284560086,12.041185519282037,12.100717685412471,12.04584932803133
12.680441856384277,12.703966604312797,12.628888185527723,12.793693833838173,12.795946331174287,12.708423968802581,12.85832230788469,12.74958301768257
12.390480995178223,12.360425514796395,12.432302924375522,12.341702902093758,12.346243717465772,12.273759024366083,12.28765724080691,12.354440484326147
12.414318084716797,12.380682342994955,12.378258493705617,12.386510540524865,12.390045738377584,12.307718721618087,12.466515835145202,12.3885209191018
12.024017333984375,12.049393049542148,12.040040835004591,12.034741539462791,12.039129691571386,12.01437391750631,12.07824495582233,12.031001863597888
11.655752182006836,11.732676429478202,11.772865474799753,11.728390368179635,11.724777944094125,11.765993927505667,11.842236406331555,11.712341736779432
11.854911804199219,11.88392435500054,11.880162522944119,11.90073973473085,11.900814299388458,11.895598360405694,11.951186847493476,11.886810824572708
12.832148551940918,12.795991575445784,12.80281631610774,12.70247158474822,12.702053267863697,12.722633648358789,12.676079399771027,12.743970901595736
12.069104194641113,12.076837707479056,12.06282962085677,12.101736462285134,12.102624607868686,12.064236840297415,12.0075668272517,12.088447976384828
12.009101867675781,11.992895239999049,11.98496462803164,12.019870850305619,12.020000562154085,11.986757156551569,12.100717685412471,12.013048876389536
11.486713409423828,11.44131570524957,11.443190896881955,11.482177381120627,11.484313971481871,11.422789845999233,11.51293546492023,11.477747316198252
11.826200485229492,11.826898468726613,11.834351287554027,11.875714380293672,11.875383641715674,11.823823116751916,11.820417517632333,11.856430799491477
12.00637149810791,12.014417843693554,12.005711513292967,11.95426628711022,11.953679423412668,11.993516489863682,11.944064817531656,11.973634206549406
12.02800178527832,12.017901087280759,12.033015696563941,12.030590427689338,12.029834104913316,12.046423824682089,12.10625783509458,12.031044984091082
11.393250465393066,11.388312175886972,11.354659188233114,11.51601572254072,11.51539000760815,11.514973157494108,11.344518647594766,11.475262225122718
11.856977462768555,11.872304326084986,11.890378146431779,11.7428570482184,11.74365759196616,11.764135002756523,11.759793355371237,11.782163917475142
11.462209701538086,11.44038997059763,11.479552765591002,11.353369554265724,11.354692135956357,11.44076513279345,11.373674891823535,11.395284776336123
11.940847396850586,11.967719573029793,11.938590096584376,11.846388664961705,11.846812122601929,11.916170279085984,11.951186847493476,11.881534330677393
11.794447898864746,11.821654925342663,11.869610232561724,11.853384918311875,11.839154257571865,11.839842614014037,11.918397239722838,11.834961103355862
12.27601146697998,12.296892433754302,12.31554899466426,12.323651011688444,12.321282220641784,12.310906754344204,12.328294703023394,12.30886791560576
12.294927597045898,12.289349854303746,12.315080655455008,12.309838777393907,12.309590024730863,12.284611212972436,12.404927602627597,12.304019100785741
11.938826560974121,11.935630182462463,11.919506288185598,11.907186661736208,11.908721400542762,11.931807408855217,11.923384748066601,11.918470293482498
12.292023658752441,12.314012598449697,12.255135554646255,12.26923063931632,12.26615077801891,12.304756816276978,12.301387370778713,12.277242491273128
12.01728630065918,12.028436222193037,12.04173110243021,12.06070881445098,12.063331942631926,12.0351957871413,12.100717685412471,12.046317269486956
12.075456619262695,12.025025573298402,12.101720390290733,12.120574205927632,12.117552062154704,12.15350259935749,12.066816325306588,12.109345608771838
11.876383781433105,11.92279795183186,11.887828596617283,11.854499925414343,11.854700246733977,11.867405653329646,11.870606902224587,11.862896404138718
12.305949211120605,12.341575278706019,12.318115226395465,12.207690735116572,12.202521523599724,12.180026877464577,12.049424683420915,12.236774303251835
12.38783073425293,12.374099467237283,12.355042516563955,12.413257131007185,12.41109527870075,12.424050831989753,12.345838935721968,12.404385061610515
12.235294342041016,12.21833212880099,12.263312071450004,12.244206646540945,12.24413870502676,12.200988342326786,12.352339472153524,12.23930781566367
11.547285079956055,11.580446320746706,11.57007092486764,11.539449992380987,11.54114255048128,11.504478939021366,11.652696102959753,11.540486136493708
12.437121391296387,12.48455084448082,12.474258708110622,12.407845842636437,12.407320282236917,12.413927484602487,12.468440756144114,12.419038321991753
11.741585731506348,11.715208271858394,11.700295781666476,11.711553454474778,11.709166240936986,11.730256531549772,12.019749091416921,11.720534022304747
12.264772415161133,12.277587787993987,12.241754765364933,12.307350719061693,12.307321216898846,12.268920956310513,12.225880174775122,12.290045654110497
11.772141456604004,11.820184165674581,11.828699237708667,11.855257621491884,11.850666466119145,11.822688527182471,11.736077016252437,11.828148793612622
11.743762969970703,11.817795167324217,11.770254026846594,11.847830593504998,11.84503643149218,11.798809747655781,11.775297421715827,11.81185014220478
11.558131217956543,11.48935666986189,11.576188317804874,11.58974436437332,11.592771653507043,11.555140586010404,11.561725152903833,11.578230269798402
12.28001880645752,12.287071005862751,12.280743677426424,12.28080730605824,12.280851283549092,12.293395717130856,12.312686874960354,12.28151858876036
11.897210121154785,11.85508789936921,11.916978558481366,11.943075796924457,11.943948181896745,11.886366838338711,11.856522261533737,11.925209955815138
11.58154010772705,11.603325263059848,11.533786085575084,11.601191796557037,11.603632553515782,11.578768775959894,11.652696102959753,11.591658364619274
11.783523559570312,11.795141952267418,11.794334218990867,11.836591650302836,11.837208111965017,11.832209044296961,11.711784520403112,11.819899191349004
12.641827583312988,12.65965327734445,12.639666787205215,12.68987252314331,12.689927417461078,12.6325821204169,12.827731880206521,12.670289230289157
12.103780746459961,12.129189848378013,12.09281104180389,12.112608921803046,12.109477132173055,12.13112361325634,12.154784614286667,12.110347541524733
12.170839309692383,12.148809365382677,12.180690999291098,12.277036043004463,12.284957928401141,12.1603725541722,12.367345048436391,12.23600989967052
11.621272087097168,11.66699972573638,11.68192393123967,11.52144771291936,11.514275578925902,11.598310766756498,11.736077016252437,11.560444284481427
11.322580337524414,11.278631895986022,11.313669895826756,11.305265060621151,11.28367735232964,11.364583454096442,11.277215789596893,11.312193526760158
11.588300704956055,11.550110258453703,11.543210100165439,11.620181267750004,11.620368565670773,11.575414914828032,11.603688960617083,11.604948713094693
12.539453506469727,12.544705233792946,12.563621080849947,12.520850291491287,12.520948270786267,12.563876606958223,12.504327379899443,12.530923019298548
12.317878723144531,12.349073880057222,12.305005867788985,12.36515658417387,12.365365445917522,12.313582476436013,12.448630513463613,12.34582546215766
12.569913864135742,12.54170606546747,12.593713678098874,12.616708897496789,12.617147579484131,12.589295154911946,12.676079399771027,12.600816467585785
11.996146202087402,11.990436075731427,11.990295256791825,12.056907287656493,12.057828781512935,11.977464675535927,11.998439434579149,12.03160250307684
12.862542152404785,12.970285631024842,12.95759573534567,12.91695347471843,12.917071008023477,13.008435387634082,12.929993908996359,12.910231300589345
12.397116661071777,12.353559776175286,12.364545195930052,12.402245559134455,12.40312460537517,12.363979618299606,12.301387370778713,12.396588021394127
11.472715377807617,11.521469478320096,11.473351230104322,11.44672556540554,11.449314633299231,11.44356746095565,11.544433821905134,11.455095593981673
11.823487281799316,11.80090360899481,11.819859818475562,11.887088396454773,11.886530006216008,11.844795624056697,11.931642378754141,11.863529704275827
11.742176055908203,11.73666263479429,11.731406502879262,11.674020307821383,11.669725294679932,11.763026041455086,11.755879486687116,11.701307343913825
12.086583137512207,12.07129327916987,12.094934666180343,12.156456786389633,12.154883844452552,12.123976408571334,12.154784614286667,12.131986848903566
12.744945526123047,12.736220400175092,12.791104239894253,12.785097738048126,12.785587033575665,12.76373352319552,12.693501691489768,12.772670644103496
12.176644325256348,12.154634034884705,12.149276191892714,12.164009295322064,12.161968734300153,12.175679044347753,12.119975396053194,12.167540587102929
12.374926567077637,12.380862038721466,12.395358817025116,12.330003520463954,12.328541958071852,12.376481558498337,12.337105293891872,12.34836431109943
11.781578063964844,11.762795653618559,11.760725852056288,11.694532375744961,11.692975970180502,11.758667292030859,11.763691965388299,11.725917484829779
12.161355018615723,12.153192047740998,12.206507467798811,12.231163702323006,12.231767526505054,12.09755413003984,12.278397958261774,12.201006218993474
12.274951934814453,12.241603491119657,12.221277340661207,12.345781479348314,12.346918481667833,12.283658323645037,12.384223015005313,12.316649945018332
11.897531509399414,11.94996536941067,11.897346638804006,11.926438353709134,11.922305812058902,11.932956963814698,12.001511614739405,11.91722107168729
12.096271514892578,11.962433955022522,12.10414103822735,12.159440894752144,12.161110665148994,12.181173814254588,12.122696471358964,12.14146789989032
12.29434871673584,12.371544972749646,12.265810566664102,12.25877057046491,12.260351087613708,12.306359921858052,12.400820837540556,12.272633471861997
12.245524406433105,12.263692321299512,12.265078717373012,12.32870859034638,12.331012658792504,12.262898939002293,12.259618151783465,12.298465727503233
11.966526985168457,11.958061479342764,11.968457181844169,12.05484262476003,12.057888730562388,12.004836665987192,12.058158312538197,12.023511284124915
13.017720222473145,13.075715389148783,13.04344016693464,13.032620415152989,13.036044235405411,13.000028616672683,13.126032637428713,13.026926608414469
11.594657897949219,11.615316890446234,11.629167308570064,11.589549473335376,11.590800984061802,11.5996962746217,11.51293546492023,11.593462264295399
12.047414779663086,12.050668849342774,12.040433632364465,12.033064671781235,12.034637623951884,12.060797737378627,12.083910661257521,12.039580031645546
12.113295555114746,12.165012792596428,12.144964807077313,12.016743129782038,12.015236251556715,12.131160399659505,12.206577518060588,12.056978722178968
11.596600532531738,11.654712616824604,11.574906372824847,11.670240314829075,11.666279190008792,11.64731586161724,11.695255355062795,11.643779732405637
12.285375595092773,12.307138546748797,12.370796697762355,12.250523434158788,12.245845645615024,12.218172008369496,12.206077645517674,12.26210423983019
11.658289909362793,11.640312989967148,11.612013262870047,11.763284415576885,11.763501737775087,11.70013863616211,11.751950239425476,11.723398552564996
12.811774253845215,12.963839411773172,12.773174581351403,12.775760064294362,12.769294314502496,12.688605429195666,13.07107218827772,12.778461826147723
12.052157402038574,12.065828296964876,12.04268681709903,12.097459250232445,12.0963259335341,12.073495660725639,12.06105265381003,12.08076711431757
11.779370307922363,11.841653057658585,11.743731607321234,11.704900192338501,11.702825538480072,11.75683900192662,11.813037464800539,11.730728964025495
11.876327514648438,11.852901319033231,11.857174143899917,11.849274727639704,11.849744343026329,11.843424032859293,11.940399914116648,11.8567329206524
12.502007484436035,12.506482918053454,12.555540650764875,12.518885824527665,12.521913252212997,12.549510459991831,12.563750586299374,12.518293843924301
12.594508171081543,12.555886311880693,12.545445598970273,12.499524938602852,12.489940562324525,12.574004287991656,12.660331092405906,12.532097060876199
12.09317398071289,12.027450476675092,12.097534162737027,12.202588505218902,12.200775475259427,12.06625187008107,12.122696471358964,12.157699677666113
12.221471786499023,12.217134881347912,12.217925188496004,12.191868285516575,12.190944421507597,12.23299899066321,12.165255859329688,12.204061094003912
11.858909606933594,11.830207747031078,11.838476469028661,11.904916157197004,11.897153768594288,11.918009990177831,11.775297421715827,11.889493316355361
11.654991149902344,11.663143488564955,11.704585562884565,11.693808368481177,11.693045168395557,11.675639261602994,11.751950239425476,11.68202939681887
11.88490104675293,11.929854411851478,11.918076814683134,11.876562908343098,11.874110945195891,11.91920015659606,11.908346971208951,11.88339885620858
12.591059684753418,12.629497969622813,12.557105731816856,12.663005082575772,12.663995660346927,12.597030958357335,12.650351332641707,12.63401168273886
12.662782669067383,12.730037477468185,12.718596530383175,12.488066042471042,12.489781805645801,12.568055086061417,12.367345048436391,12.551985216932042
11.653060913085938,11.717972178838052,11.701915127127858,11.712898458240163,11.713837854672521,11.672902330347252,11.552155793461898,11.692999871294859
12.601024627685547,12.60905190121774,12.622348378621911,12.643115877032054,12.644138681856935,12.62834056501009,12.524166311833152,12.629621193842397
11.76698112487793,11.811117790199129,11.809371581703884,11.773482990160954,11.775813519856833,11.768200371282628,11.849404844423074,11.773013004300159
12.022689819335938,12.034174650044667,12.011979178714258,12.027073614716654,12.02577916549991,12.01949520113309,12.052344376474922,12.024534062770671
11.737159729003906,11.76798511565478,11.725177930309647,11.633914850152715,11.631751673363626,11.707144693321878,11.626263078808801,11.67140698519973
11.862733840942383,11.863686349401224,11.858188245072672,11.854833525942292,11.855684116214642,11.868059329227112,11.91170829631447,11.858239867761053
11.715686798095703,11.729052152977754,11.69584158561326,11.628061786387695,11.627418347643566,11.641827094855302,11.608244735642321,11.656069726004523
12.11113452911377,12.051213543168558,12.110966751864886,12.094016557215431,12.09221126133804,12.143864271117835,12.103491596905931,12.102910829043218
11.791326522827148,11.771656668907836,11.849263007224078,11.740891424566978,11.733348727681975,11.843766587254214,11.87688084212164,11.765942000932839
11.775071144104004,11.778086514559368,11.808519758194867,11.735968243030786,11.736110280938627,11.792990804764042,11.856522261533737,11.753971638063504
12.399105072021484,12.400861804784928,12.395110369838296,12.408542027093283,12.407161141344902,12.43258791624894,12.531776395271262,12.406985698860423
11.94035530090332,11.92295596074716,11.91401371945411,11.966019410315816,11.96526767353934,11.936148294498162,11.884495917930655,11.954504201930456
11.506896018981934,11.447955873645231,11.46346634980666,11.457460107921353,11.45624844321381,11.496069338601469,11.49273296168228,11.474133960969379
12.017226219177246,12.036780945870564,12.069771439615163,12.008463142476243,12.008255038228036,12.040131746583468,12.133507329024972,12.015675546899145
12.455632209777832,12.404635685052474,12.42564054937585,12.429777908524017,12.430212780226466,12.453348537476101,12.439875187430008,12.438582109994066
11.904426574707031,11.912016919940662,11.893347885520758,11.94423575076959,11.944483582133918,11.941611529704904,11.957617696467539,11.930964041015569
11.877490043640137,11.870161426695955,11.872407319414775,11.9560417489208,11.953986315216364,11.896989430331038,11.993813394724253,11.926254583630659
11.848183631896973,11.86302055044197,11.852513612943499,11.756771567280087,11.754754509802467,11.862494545858782,11.808955099378537,11.793569041664213
12.235913276672363,12.211221665080974,12.21904054341442,12.26057883647867,12.260618122145514,12.229646778757967,12.25486757159303,12.24977941238067
11.2525053024292,11.235756100995376,11.273875951973862,11.38493267569008,11.383363701293257,11.163184391015708,11.580593459194764,11.327145126523732
12.381030082702637,12.366582827456764,12.372142997623172,12.440498186797756,12.441967075099713,12.373387876124529,12.649157827477366,12.416456773254932
12.055475234985352,12.064108421065663,12.075514205219902,12.033976017006628,12.035279346459262,12.062879592163236,12.027191164883384,12.04390755425545
12.258407592773438,12.218778625460146,12.235992467219566,12.259111532630923,12.257023498324472,12.265437865979642,12.230282214644559,12.258200276187798
12.278641700744629,12.310726392994525,12.278618826208792,12.288369414488711,12.289055042435653,12.255964601088891,12.206077645517674,12.282968956303101
12.057979583740234,12.057428093917768,12.051695655486078,12.03456175652457,12.034449569587897,12.066892165629694,12.100161978566867,12.044125820064298
11.707779884338379,11.69724824681118,11.761719371647526,11.61920062523938,11.618867230989,11.657511616975269,11.48247656671073,11.652330161268488
12.915059089660645,13.010970914898552,12.934888901373183,12.947251420789515,12.948215642645483,12.928070973730199,12.864242696187505,12.936513404858847
11.502408981323242,11.518042142767747,11.454725476667464,11.451967330785987,11.452439112605132,11.481438035387194,11.626263078808801,11.468318376771949
12.441071510314941,12.429914826108753,12.432845305200717,12.446427486486025,12.447622682955533,12.443872744690445,12.577639650232573,12.444347778517983
11.481710433959961,11.528409247444237,11.471105157198497,11.505356776504513,11.503053656695144,11.478202743745491,11.571203807011969,11.495131250584388
11.70737361907959,11.700616883151996,11.73684864508254,11.652977121554374,11.651074994791147,11.693668773884431,11.736077016252437,11.674236068294153
12.184313774108887,12.204538672200385,12.181806700627009,12.116411871680002,12.117590918393656,12.188894495778914,12.167856627501678,12.14339045232882
11.869844436645508,11.862252751466107,11.876985201446868,11.821495364065948,11.821853335397527,11.826819984547651,11.904974309480183,11.837596360132
12.794471740722656,12.727980352153516,12.757414883948027,12.765322973948399,12.766761296424104,12.792143454221234,12.90669432231532,12.775250325793708
11.498233795166016,11.458851605994443,11.48534888129269,11.455611811395281,11.45531179713725,11.485799249829743,11.456365695436427,11.470837649549132
11.802968978881836,11.830128786811684,11.815396037369842,11.76623787534427,11.767756046683107,11.802193069043692,11.761354623750297,11.781252880108052
12.228775024414062,12.211860758124583,12.213521720213272,12.270346318647261,12.269166618334355,12.212977661566953,12.285350445351659,12.252140719860268
11.256692886352539,11.332691641871586,11.283241818971064,11.377655743239336,11.377924382608702,11.342199944149955,11.402005077384885,11.337671035039897
12.120467185974121,12.09136840199718,12.111052019175307,12.139203053299829,12.137885959882928,12.117049255670242,12.130815551850676,12.131074098010185
12.231307029724121,12.28084179104034,12.269259595432239,12.336013937556675,12.334745602490923,12.252488958284408,12.178192583415596,12.297932478337723
12.443349838256836,12.432567392412741,12.428939365711319,12.516176571063504,12.516688763245684,12.437074932678174,12.669809806411457,12.486665361953811
11.765887260437012,11.790512588914366,11.761031926002751,11.672809430413857,11.672718456417176,11.780831993842495,11.635151947212842,11.710167334983389
12.565513610839844,12.556196566263885,12.53677580862966,12.43793892713543,12.438246160322826,12.574922484760968,12.47801017053037,12.487488793880809
11.48672866821289,11.462085812732964,11.529157213916834,11.528493040000354,11.529679504273648,11.497682393624016,11.612779849672751,11.514790517226864
11.402113914489746,11.414378414076962,11.4920238679074,11.410992730886717,11.413651314260019,11.451068518305975,11.277215789596893,11.415062580999674
11.834550857543945,11.836785950995873,11.82649269212626,11.79812758779245,11.799764238212607,11.807323363640666,11.695255355062795,11.810261906945865
12.378316879272461,12.38980084555492,12.381793134164479,12.357899240289978,12.355581181782243,12.366921097063287,12.230770136157428,12.36491994030037
12.349864959716797,12.262386689220746,12.338425674189354,12.291943931190028,12.289484854882101,12.333770585800744,12.394628892852941,12.312692584977722
11.77096939086914,11.800183841612316,11.719682927591967,11.894117144715572,11.89019817025972,11.850278477365423,11.827743504053695,11.849181850809435
11.882615089416504,11.894488918662894,11.949706626829238,11.887639915233354,11.887807818176345,11.894829072312714,11.849404844423074,11.88929417468384
12.14758586883545,12.146893800327616,12.145017349564318,12.178710973848347,12.179054553767068,12.150026123510074,12.100717685412471,12.166635320012517
12.498538970947266,12.473281473393458,12.537637002491321,12.545049296502132,12.545474677020188,12.521255934168698,12.531776395271262,12.530128839623805
11.309062004089355,11.411918882470406,11.406513157298127,11.322303946176058,11.323054336518776,11.37017673200174,11.245059091624615,11.325635338871557
12.470104217529297,12.559455887769417,12.613695076673206,12.522965675459064,12.52143985339103,12.46869721716248,12.367345048436391,12.507754539516093
12.065187454223633,12.086118722942588,12.056126601890021,12.085835946095122,12.085408701042276,12.08210581921823,12.06105265381003,12.078577305319646
12.094528198242188,12.0468160099479,12.063362974069305,12.070848071639261,12.079610055431392,12.042685587699465,11.970356641102999,12.076100842900075
11.907764434814453,11.883061005244874,11.897994918606544,11.854703507428344,11.854637162136198,11.882223829560944,11.884495917930655,11.873206591858805
12.349821090698242,12.34333994808721,12.342354101100215,12.327086308258519,12.325710535200981,12.343347055141392,12.345838935721968,12.335049691827916
12.216729164123535,12.182613725747775,12.212782102053405,12.20099991274681,12.200171706200384,12.194807817960985,12.242891437918386,12.20528813105463
12.375603675842285,12.404860586445775,12.362909717034286,12.363878857227721,12.36406708683112,12.382704761500115,12.301387370778713,12.368506556832276
12.26652717590332,12.28675653092949,12.2847437147291,12.2616040303065,12.260385450117015,12.244240494947325,12.352339472153524,12.262477982937098
11.593199729919434,11.58750590742965,11.623267443082279,11.573700400686791,11.576038849030793,11.517420805431344,11.48247656671073,11.577247195975934
12.020472526550293,12.063336546519057,12.068153269367418,12.077992521908037,12.073901273439951,12.064540038267744,12.07824495582233,12.060135933723219
12.760905265808105,12.734554022539879,12.733026974138134,12.749719481191748,12.747852950458288,12.761006912372904,12.52815976788113,12.752761987086169
11.935821533203125,11.939404796023245,11.959536947767145,11.987765750904543,11.988477177247454,11.952975641872717,11.92504173829169,11.969721352454908
11.700425148010254,11.737787133030906,11.711164596941064,11.713737731319313,11.714088124323455,11.720986729667105,11.775297421715827,11.71051230830239
11.34017276763916,11.278247454576412,11.372992035519736,11.262078629712986,11.259938610773737,11.417802378265005,11.19822841866684,11.299457401531692
12.110139846801758,12.061543036760604,12.126446001769466,12.111855195548383,12.111454757815306,12.096016812836742,12.075400019877522,12.1107513124559
12.11895751953125,12.097924017408213,12.096492228041816,12.138678926538251,12.138496012984133,12.105449769924409,12.128116509451258,12.129030840775002
12.09089469909668,12.1293214138648,12.112684688880764,12.147259024128326,12.147830387041763,12.116914644433763,12.097936057925594,12.128041975411584
11.669357299804688,11.642657840727782,11.690827460010878,11.595561700240339,11.599113230803686,11.666190260544592,11.699413330633599,11.625528815834942
11.976841926574707,11.951023886639723,12.007956282897162,11.94982358655256,11.945514299179225,11.982683689975728,11.904974309480183,11.961574614115325
12.474044799804688,12.436252971696407,12.453896619214259,12.491297817950473,12.490806702578949,12.464673709231633,12.491255347155265,12.482977886081501
12.291977882385254,12.253016647107414,12.346907657505257,12.242679627599237,12.230162863489145,12.364281525955487,12.394628892852941,12.268030431457742
12.571066856384277,12.579480909855477,12.557712958952111,12.670311303801608,12.672940155007474,12.625639860523972,12.577639650232573,12.635231249518355
12.020720481872559,11.994246190017105,12.034224142319983,11.979254231300537,11.977694047623023,12.043680130992183,11.842236406331555,11.997547128813043
11.726409912109375,11.72086904014102,11.756451895593964,11.764875861769932,11.766934515396576,11.715714444690446,11.732069026983156,11.750475962153725
12.128185272216797,12.153612977339167,12.104900570659417,12.049494056898881,12.049909770543511,12.070753716720935,12.230770136157428,12.075201291449549
12.228853225708008,12.260733932892064,12.246015834669107,12.201434010900766,12.199103025048926,12.203194736806456,12.211065162153215,12.210696363069133
11.575017929077148,11.53854505999738,11.6003579409669,11.576845825894155,11.579608217779539,11.571331508465802,11.856522261533737,11.577210389468801
12.91722297668457,12.84579990898508,12.918386760181308,12.876709566136984,12.877990670179047,12.85364965154958,12.936754021718041,12.888096798246963
12.24427604675293,12.267293476792856,12.28071037854996,12.25881403536075,12.26182440667497,12.245764484863473,12.165255859329688,12.255057408982221
12.26391887664795,12.30239614185565,12.253946751230787,12.291995727835356,12.291905957863758,12.277716492509997,12.339295865674435,12.281600870145198
12.158881187438965,12.12992243982116,12.121501824680545,12.208223798069747,12.212064748461483,12.12344959761607,12.128116509451258,12.185238302199283
12.30599308013916,12.333370609009664,12.335831143318059,12.274732336124474,12.277781269116154,12.295560293550496,12.242891437918386,12.287777815757716
12.470681190490723,12.496297774602972,12.510668803050839,12.31673110673893,12.316304712182852,12.450983292049608,12.407383590534293,12.377149078188166
12.134871482849121,12.111347061242428,12.128372192292067,12.133540324535856,12.133499501372265,12.139052829672035,12.09626335986454,12.134103211197909
11.996633529663086,11.990152751617781,11.994708495336155,12.047353486237931,12.04806243427791,12.030501148888268,12.011886987792716,12.029987110988879
12.12240982055664,12.130035058397914,12.10446301708471,12.119537650285071,12.11792614596296,12.119366060440214,11.976665770490767,12.119522195644624
11.546854972839355,11.574327122472841,11.5310103298288,11.465808942582289,11.467888088144054,11.520043511498828,11.385103457032141,11.49519430809987
11.63702392578125,11.62590331149265,11.687316342886444,11.626333216559608,11.626924380894497,11.616821846048131,11.711784520403112,11.631129494689127
11.816816329956055,11.78714319211005,11.789959921719536,11.839335147356838,11.83966803568592,11.865542153389594,11.941950837487406,11.833061984245386
12.467360496520996,12.463384727646167,12.47114117961377,12.423286560461737,12.421827045855967,12.418994006727141,12.359784657728284,12.43696565575721
11.727309226989746,11.801764182049991,11.743391313436739,11.664622040547618,11.66595625934979,11.73492394015681,11.819681958463892,11.69054875401047
11.8247709274292,11.836243382581772,11.853411276388536,11.784595017597102,11.784166458218612,11.849163389520893,11.782960235741939,11.803233554020833
12.40388298034668,12.394012338470121,12.392993140252576,12.384545561397971,12.381245167964718,12.40857713377843,12.367345048436391,12.391632107815408
11.97165584564209,11.852648821189234,12.010896114978458,12.081972329101479,12.082944735773985,12.012927386554535,12.025755079404917,12.04349445971038
11.926841735839844,11.904239948439775,11.939740598940901,11.924774640435235,11.923723667730146,11.895190597068108,11.86710429621008,11.923645611893189
11.821978569030762,11.749984310686258,11.812541425835306,11.783531755524004,11.787335523765346,11.798530897145861,11.931642378754141,11.796941865109062
12.350981712341309,12.309385750532194,12.354529392905913,12.344592335422753,12.345854352596753,12.336347120890785,12.384223015005313,12.346311368121391
12.039518356323242,12.050749912983147,12.048561152732052,12.080993183243475,12.07998569901483,12.084732789576842,12.07254696717504,12.068320491373939
12.017881393432617,11.979931707927557,12.063374289748705,11.987546577038547,11.987560978132427,11.933262410243845,11.973516181427835,11.995029199885426
11.958473205566406,11.976548151076178,11.942730828256147,12.024604574945116,12.024679133928739,11.931369581176085,11.964007453736912,11.99607529600983
12.54660701751709,12.543616296917179,12.534014675020998,12.488757196439474,12.487505217617965,12.542045063251468,12.495007682693725,12.510426166603146
12.295084953308105,12.340944671367279,12.293196126594223,12.316491277883518,12.315112683530375,12.299271014666667,12.230770136157428,12.308172279192402
11.780509948730469,11.734555954012519,11.791307454651145,11.813143299543393,11.813161205316394,11.76891489548139,11.917730355182513,11.799941898362624
12.645076751708984,12.756725081340674,12.678339748750421,12.62617241733574,12.625160721598053,12.567448362030236,12.59473402514672,12.629076476121769
12.604049682617188,12.666754188586772,12.627882152416346,12.58947812368502,12.587591930513694,12.584290362220836,12.631016799175821,12.594464162923078
12.369242668151855,12.343627367497966,12.321087602917125,12.333080439108642,12.332892809396261,12.375402607279074,12.323860125621126,12.345738578224019
11.539820671081543,11.561087749451016,11.539493376193523,11.565274789706924,11.56339859446945,11.5298789094777,11.402005077384885,11.554332218745628
11.584382057189941,11.647144912984665,11.617885509625482,11.608437125133106,11.608798238297041,11.651419795390941,11.320565693461432,11.60534627614773
12.778031349182129,12.732152120008939,12.74864097747463,12.83719207955381,12.838047223148935,12.802141932891189,12.793862088206213,12.814711264530509
12.094286918640137,12.093873911959147,12.07250819910673,12.044730461097117,12.043501157132509,12.098596399987894,12.017336559562407,12.06343689485055
11.808436393737793,11.802286015054031,11.833705054265726,11.82503962808636,11.827081865654621,11.792278557156868,11.790564777297387,11.818607680360605
11.7583646774292,11.740235001601047,11.801250962144502,11.729258128497015,11.728235485040456,11.708819670848898,11.694421681264394,11.738614598358179
12.530464172363281,12.502207198145257,12.485645063018701,12.678140279091155,12.686330148134681,12.531956228088152,12.834683971615659,12.619575744291398
11.98449993133545,11.922069511677412,11.967839639134365,12.050704488230451,12.04911703839317,11.979619211105925,12.08954444723597,12.023547622411636
12.106807708740234,12.10099961208254,12.092876826533809,12.14254829767293,12.140296140584875,12.132583019473948,12.146858590895919,12.129614779647051
12.38866901397705,12.353517543322932,12.372067293559295,12.477156344425865,12.477891562568344,12.44242872542236,12.468440756144114,12.445872355605616
12.484835624694824,12.450978877725182,12.45339344518697,12.454138433579795,12.453664027027088,12.52056216806043,12.506180941677357,12.467473119367305
12.626251220703125,12.629984547102152,12.690333958826201,12.664699177433944,12.669804152253768,12.679422253635158,12.468440756144114,12.656749274320747
12.254243850708008,12.241514416595443,12.234125834165338,12.197205537930767,12.196491293273764,12.212505978166213,12.141539457711714,12.21557862140318
12.83979320526123,12.846791521960819,12.868269114731497,12.779797679288503,12.779592246673445,12.758429732500241,12.74444728628135,12.798427892786531
12.729756355285645,12.764982121779962,12.768862930060445,12.702286557117603,12.702699877861193,12.727614400629287,12.777055016970678,12.714514890951072
12.53696060180664,12.526768291717593,12.485222121205581,12.517885287368593,12.515783844952681,12.545332596256097,12.614868865984631,12.523638598658657
11.712615013122559,11.735395508418968,11.764748166164615,11.665972212542426,11.669468678963685,11.69038792439629,11.745433036677353,11.685126320270069
12.484590530395508,12.544959818823177,12.47692514354346,12.45730317255257,12.458404560891358,12.526483697342009,12.396697137361691,12.47090335427757
11.406755447387695,11.356221272993173,11.479805732995361,11.409152747848323,11.407750391710524,11.394111396121602,11.373674891823535,11.410056203156765
12.555768013000488,12.558881945422364,12.509915779337952,12.561391974040378,12.556832361450718,12.557622386615673,12.688501881189456,12.55693118252887
11.88388442993164,11.8943270674611,11.917735089371943,11.891041503649923,11.890641304565234,11.918138137809157,11.886218559372042,11.892077302230465
12.111104965209961,12.12259870508948,12.119757917268382,11.952684326295387,11.95282561135256,12.045618872872593,12.276069679344003,12.010285569657
11.344253540039062,11.298741670574431,11.39887673463109,11.405595816458426,11.403097827330033,11.328263528110337,11.264476926102367,11.382287290305847
11.840335845947266,11.849278526433116,11.866152928943208,11.883158601065464,11.882806122177788,11.849555070290977,11.686887175419702,11.868059805499689
11.815629005432129,11.807484123952706,11.802781605294662,11.7656033391983,11.766205335282642,11.814077478420334,11.842236406331555,11.784641267024123
12.793670654296875,12.848837640132901,12.826215799076987,12.610248565248892,12.60759334136356,12.730634507563671,12.556733038263905,12.678451428151355
12.151874542236328,12.13382357143775,12.116345333507777,12.238317086602567,12.241192793100053,12.178849512356981,12.240478903153711,12.205354926945045
12.19062614440918,12.17775106007194,12.198197975247904,12.218433213898034,12.219009671807212,12.166659665209167,12.165255859329688,12.206147996651236
12.213224411010742,12.270347119451344,12.278298437884631,12.495728306422873,12.496782690608576,12.218028471019071,12.34126328584159,12.388159437919827
12.779955863952637,12.751873977664186,12.768891523918745,12.82239289756852,12.828060274002743,12.775346936750136,12.841132451487937,12.805663098463242
12.293699264526367,12.30365038252628,12.29070826009241,12.288616776045163,12.288372122163906,12.292472915285618,12.273735966890268,12.29036762574319
12.28499984741211,12.302088480206482,12.256460475734189,12.232665975458493,12.232675140702078,12.281454226806689,12.218500103788143,12.251757950683798
11.908585548400879,11.879951159194766,11.880715508329907,11.876708572428786,11.875006742294403,11.919766205988763,11.951186847493476,11.888693313348947
12.328883171081543,12.264136147660862,12.310438141977528,12.291703737060718,12.291403494791973,12.312662717850982,12.220473454337986,12.304294489917012
11.317031860351562,11.418754757131603,11.390757523299575,11.302578421055895,11.299248354506457,11.171683558762743,11.314486721293981,11.300100456659855
11.44832992553711,11.472950328201168,11.44411010012968,11.327061968533155,11.326871559792968,11.398827655764133,11.37940550085183,11.37072811880082
12.50086784362793,12.608671977398654,12.541216703293996,12.542721128269628,12.543132427241453,12.496505258333512,12.491255347155265,12.52767835872211
11.432476043701172,11.463018800258617,11.511479763167499,11.438436739806223,11.435466462643543,11.368759530434778,11.350418300109132,11.434232515175568
11.878689765930176,11.844249297882955,11.870517528655805,11.812965505984968,11.812471667303644,11.853029380112819,11.850832386224807,11.836433650607386
11.878767013549805,11.85051431059372,11.87063027985586,11.889680426354726,11.88993568100517,11.867338215039629,11.928347504569842,11.884265826749981
12.072723388671875,12.035221113265393,12.037292278800937,12.123617098787882,12.1234890266975,12.102581287934981,11.967187086434018,12.1044370476392
12.139533996582031,12.116716109743143,12.146950394569785,12.139820915483908,12.141051787365027,12.134293601087554,11.944714374881176,12.139768841677157
13.041646957397461,13.106577415493323,13.061938091991635,12.988320611320635,12.98786902218791,13.079534223540069,12.988043102265232,13.012766123185825
12.605426788330078,12.56603472556289,12.577638027852013,12.610373867248022,12.609225575603858,12.630749445046641,12.670001611311875,12.609044594516995
12.191296577453613,12.165630862580255,12.218344388629738,12.16985501864735,12.16728357467122,12.242392802999106,12.154784614286667,12.182800760300763
11.431926727294922,11.42205567722053,11.415308677237187,11.543681473654473,11.536772685192167,11.458328759455748,11.461642696843066,11.500348515704374
11.590753555297852,11.615361717410934,11.558860477393493,11.588777802642765,11.588664780970698,11.578915243689169,11.570259974415547,11.5873811994072
11.91710376739502,11.949873989069227,11.947526854384376,11.916138199245554,11.917224456208753,11.955474957427986,11.849404844423074,11.920699773777809
12.080923080444336,12.086709890131274,12.06309610790805,12.035384428810774,12.037097448283497,12.095632020345985,12.086731521684555,12.053795507566356
12.060930252075195,12.069420636717338,12.059504073238857,12.032330387296666,12.030956990703631,12.039757767129824,12.06105265381003,12.04175195397556
11.870561599731445,11.911393896696438,11.9095504004006,11.861122792406903,11.858852540765557,11.884586041094003,11.80560254159177,11.867151922911335
11.741554260253906,11.759394949527556,11.728076247311893,11.612676515286752,11.6089393721907,11.744200451184438,11.775297421715827,11.662367829491465
12.552845001220703,12.492120767030984,12.551149120128121,12.532334529180375,12.536022044270577,12.51179240904601,12.54254845357358,12.537718721517782
11.902090072631836,11.878541728630323,11.883262883593584,11.950425094205315,11.950176798345863,11.89948876018736,11.957617696467539,11.930510005245027
11.8621244430542,11.84000665241195,11.81789568308086,11.857567736246622,11.862323064618039,11.82378185646837,11.884495917930655,11.85531659607375
12.158390045166016,12.085708655458225,12.067787025262406,12.093663697390593,12.093122420165562,12.12347086858374,12.198549416880068,12.112732501567152
11.539230346679688,11.502111384646717,11.559634812617906,11.638444949184954,11.637258745326752,11.574081028818195,11.678448377988165,11.602825288394392
12.121094703674316,12.16638541264365,12.104521145074532,12.11429359279607,12.109793507934222,12.128031391521597,12.154784614286667,12.116261357887623
11.792112350463867,11.767180273693425,11.779330367220775,11.6849070523695,11.67906307543898,11.712113955528116,11.898194668458823,11.719793576579253
12.001676559448242,12.00874234918422,12.021580240153757,12.064013648114651,12.063839145894034,12.031723854695649,11.976665770490767,12.042588033542565
11.945935249328613,12.036906971076638,11.965960048645966,11.94098936212112,11.93814364507103,11.950508869716579,12.013706813470414,11.94372902299215
11.856541633605957,11.878247082812653,11.8694319870729,11.853018251124086,11.851921425784697,11.873041784804585,11.790564777297387,11.856001982999315
12.015881538391113,12.04751729151135,12.046623390994435,12.00680330086715,12.009522524909586,12.016716391478557,11.995357787034976,12.011985908104313
12.093445777893066,12.098145502000971,12.087867078448504,12.114776073123702,12.115669466888392,12.081791846566963,12.057578437658945,12.105443708313398
11.711986541748047,11.665524316696214,11.716210433512254,11.640263971037042,11.643095872961002,11.750638132003864,11.808821212646512,11.67171937269757
11.675248146057129,11.666139971959158,11.69122884936849,11.707861098443216,11.708276615532148,11.724841850129597,11.736077016252437,11.699432991947878
11.751167297363281,11.735980796108274,11.756070720833534,11.724073492381237,11.725671087556128,11.740292387857336,11.719947764402807,11.734275396694857
12.23275089263916,12.231650895416752,12.223299131595065,12.23036159990023,12.229401246922281,12.221579243068161,12.299112067295642,12.229978407765635
11.051968574523926,11.018511780478738,11.09848989118638,10.968986544552834,10.964286634146664,11.068236757958612,11.0186455364637,11.004003337511515
11.767714500427246,11.760484557220165,11.772360601065929,11.854314212724507,11.856782484372234,11.81331534587967,11.904974309480183,11.824232397891617
12.576955795288086,12.53159226667474,12.570218556889829,12.56782849753503,12.566347216215535,12.565907563255788,12.73670383776449,12.570140833687606
12.741874694824219,12.668570693826652,12.662833201705636,12.601469702703938,12.606814066398623,12.54206388659642,12.885204569609956,12.639207359652257
12.098458290100098,12.079904787559569,12.084026505873362,12.094954684803664,12.094359362920763,12.108633660177057,12.095146671399466,12.096424219838276
11.886590957641602,11.909427449630716,11.867446975468466,11.904617069909637,11.9096103039316,11.882005601745556,11.751950239425476,11.897045597273266
12.222259521484375,12.253621380812472,12.228372089329254,12.240970583353485,12.243376943673551,12.233544132033604,12.142871895843887,12.235007095502363
12.244344711303711,12.232418210843104,12.260909629707633,12.23026505335788,12.22949829851241,12.227341370475457,12.271396795480596,12.235103072163374
11.214011192321777,11.137440577982296,11.159094697935938,11.32156110906382,11.31925298458219,11.304694380181134,11.23850177707664,11.283621483903458
12.495838165283203,12.504753927736491,12.47947496274754,12.479368513348932,12.483841738707687,12.478584199588978,12.388398368982115,12.48442683045258
12.094381332397461,12.043990462604398,12.096745446749534,12.09355889232342,12.093944256698585,12.126881544719947,12.165255859329688,12.096417395940776
11.284191131591797,11.205060843007578,11.420139237616153,11.297050410083022,11.295052772878392,11.333320572081856,11.302216779257382,11.30086947100545
11.76472282409668,11.694754878526991,11.730310156512342,11.854444504173193,11.852889603706217,11.779467119127059,11.736077016252437,11.8188097300899
12.177327156066895,12.179642259836433,12.17768412297099,12.166923537555407,12.166988171912722,12.167359105028318,12.160033942617156,12.170286772568543
13.022065162658691,12.971252768780428,12.970128768383962,12.982608294766216,12.983759871058112,13.007523759247105,12.962196972666593,12.995040104331283
11.766324996948242,11.728054148561041,11.724968269226839,11.812849541580864,11.810842082933195,11.814732996619465,11.686887175419702,11.796283746824859
12.297881126403809,12.270918243899903,12.25921241728272,12.32400549443545,12.32379898351552,12.254817293748534,12.278397958261774,12.309015628318338
11.610259056091309,11.615784499489125,11.594540514201077,11.51471851071442,11.51665666653979,11.588649960709654,11.575909653758895,11.55015359597818
11.400206565856934,11.436170917919728,11.423583784591722,11.331150041671698,11.333268894182185,11.42593180552189,11.51293546492023,11.361294474877429
11.657870292663574,11.636175020889238,11.64134219406718,11.601202126739103,11.603530029773857,11.625734682641433,11.599112335481124,11.620647486110286
11.758041381835938,11.728214901923025,11.763799813196021,11.766698781979056,11.763697756945053,11.805005402136079,11.767575435251748,11.766639654490014
11.761625289916992,11.735502953338061,11.770179022644655,11.729186311771265,11.729224563768726,11.753630850690582,11.719947764402807,11.741654327771785
11.937203407287598,11.910641694343308,11.937036956608322,11.87076749243086,11.872643680727304,11.92135265228516,12.040614105490253,11.895844200978868
11.259734153747559,11.320740303670465,11.345979235141288,11.26007204420503,11.261863802418048,11.23070313678716,11.112462823634855,11.261489634994048
12.27037239074707,12.290728934624351,12.281168453878763,12.265034571452707,12.265664321625222,12.237268372804788,12.392556361841777,12.265196801911378
12.350005149841309,12.340519919730346,12.375514122564677,12.415673388041904,12.415897044974237,12.390130448400505,12.411056299528171,12.393958990153541
12.155374526977539,12.11806833836793,12.13121629480768,12.153658353778315,12.15395570056702,12.133027793046521,12.013646205940514,12.151746555934196
11.531013488769531,11.482107513923077,11.448577111666987,11.556613039098092,11.556337437178124,11.558226423108188,11.58989576532275,11.545235893105122
12.41801643371582,12.45762337317497,12.423615049327193,12.366542846857497,12.370236033871427,12.403282301552272,12.460718739865236,12.386290654451216
12.07034683227539,12.08975586077986,12.056700800650592,12.043182605121757,12.042720468320832,12.070451687790541,12.031725210748633,12.053226746836561
11.917266845703125,11.95438147033713,11.932683174402731,11.891818739922009,11.893461466242462,11.862355064722033,11.918397239722838,11.898559909565984
11.767115592956543,11.762361257828324,11.709867692170581,11.726028698037936,11.723133246189283,11.789833608821233,11.652696102959753,11.741144915976907
11.997944831848145,12.006323508934281,11.991902801407413,12.025089607232516,12.02514636960901,11.974503080276415,12.083910661257521,12.012491743838401
12.474164962768555,12.47198637766458,12.46783134030289,12.558165412882026,12.561127938555808,12.507543813611306,12.54254845357358,12.527818295281316
12.654068946838379,12.594573905873796,12.63853536053658,12.69496477345745,12.696970366385571,12.657281484969833,12.73596827534975,12.678795567814422
11.492874145507812,11.538894020355439,11.415383988802935,11.490650068142275,11.491808724828697,11.553312895352622,11.002116507732017,11.492992488914386
11.852315902709961,11.88969561946477,11.92936441834825,11.804247615970505,11.805877248314127,11.901729059445215,11.884495917930655,11.830018669179308
12.375160217285156,12.375711568909795,12.370678499413188,12.422393876766083,12.426193817526274,12.405252665512112,12.310437165348775,12.406383064285459
11.563085556030273,11.560584525421836,11.555695471916366,11.525804938207953,11.525291565223837,11.564382118014947,11.652696102959753,11.540145834072163
12.374237060546875,12.325542901927472,12.367438231175754,12.383936325499995,12.38532846305534,12.351338503994253,12.337105293891872,12.378342539667337
12.201287269592285,12.244141548591873,12.211337536466313,12.13980529295786,12.138165045347906,12.179633523336742,12.106997888588934,12.162503208213936
11.970479011535645,11.945360723652632,11.940487488084448,11.96877031310438,11.968988637169657,11.954899827714458,11.915058360753719,11.96710980499063
12.411713600158691,12.385759253814584,12.382311037508964,12.388397200593854,12.393952779948599,12.31910687392715,12.384223015005313,12.390189887129942
11.627592086791992,11.576526448351919,11.591969556103876,11.568944380562234,11.56467202920115,11.627757725225758,11.744045122410057,11.589984082852656
11.803646087646484,11.779184539198281,11.786909052403704,11.857577343464156,11.858330095453692,11.81368317164648,11.863589378812122,11.836605553896497
12.198094367980957,12.083130105487646,12.073187659843562,12.161641743754808,12.159319510014681,12.22154266995807,12.237091546357338,12.172339674780225
12.291114807128906,12.285660377843715,12.285216185448602,12.295925343965324,12.292862359066797,12.293085447508933,12.278397958261774,12.293580807279993
11.560944557189941,11.519794496117582,11.631729812917385,11.58699081157872,11.583296599695005,11.660823508897304,11.635151947212842,11.586554942773843
12.688276290893555,12.733617995011128,12.67808799351673,12.606472092436395,12.608136958675416,12.674392887939714,12.660331092405906,12.63728522212272
11.897466659545898,11.887474237214391,11.893365032693472,11.84479687438973,11.846827205908394,11.915759487395844,11.842236406331555,11.866856620521684
11.823009490966797,11.85835202143596,11.832760239506849,11.85929625947747,11.855601335054184,11.829786700952026,11.813037464800539,11.845529651588528
12.359871864318848,12.29095448577981,12.394926081149888,12.395393164303215,12.394015430709072,12.38312398599345,12.524530013005734,12.384437785663629
11.661542892456055,11.66568926572038,11.633176032665183,11.603474058715744,11.604609368994323,11.626835161954473,11.599185726610004,11.622658577344883
12.209295272827148,12.255399821755454,12.20042004868349,12.201554974628811,12.200519915944847,12.224515710077137,12.182809136284991,12.2052270374998
12.070486068725586,12.048520052421802,12.102971352342406,12.148547984914622,12.148840448252008,12.085974346108387,12.07254696717504,12.120452229477694
11.5077486038208,11.601301395491562,11.554050204591698,11.442958127647248,11.444432088826566,11.478619574621867,11.355113089309977,11.468235350760388
11.607669830322266,11.626640341731658,11.674827622601448,11.564222786462139,11.576839466232194,11.590408378404373,11.288543647320601,11.58419067340069
11.732817649841309,11.772760062671164,11.736788095809487,11.64725299126068,11.649839157229788,11.716233113642733,11.715874472198905,11.68002115484121
12.07452392578125,12.090329346434105,12.08138589782688,12.102192913852333,12.101646782509631,12.068705464963857,12.10625783509458,12.091135730678602
11.351263999938965,11.308010803659101,11.38149751539323,11.341719816353551,11.342571285376861,11.335156125926634,11.302216779257382,11.345591863313071
12.259944915771484,12.262859140639994,12.270137169073267,12.292250474189036,12.295295459453492,12.290189820670372,12.264346270624157,12.28259945589119
11.613104820251465,11.572761935088106,11.634455074563977,11.636859069379238,11.638141895722828,11.601914554710994,11.661354090741,11.627742775977099
11.578476905822754,11.58998067567842,11.652613044784442,11.685340538806843,11.687840340956637,11.670909586441978,11.686887175419702,11.653574200368354
11.491873741149902,11.459042174389003,11.539336514853037,11.52269800987073,11.521336092508939,11.575587368614105,11.411457364027745,11.518539633582524
11.776602745056152,11.742234517965525,11.760303332002481,11.857480520167902,11.856187758427556,11.884045682609873,11.608244735642321,11.832902088927868
13.138471603393555,13.08203145165976,13.131603966769896,13.121039515730674,13.123123649025175,13.076299406545372,13.22672519452875,13.12326075703498
11.658309936523438,11.717072766842435,11.692501548766884,11.562485152267037,11.561663196948146,11.645548064400073,11.678448377988165,11.600362720571196
11.881036758422852,11.946178515996111,11.850523745479963,11.919647373354177,11.922785667587608,11.888702714779493,12.000897933306716,11.904234100893497
12.138107299804688,12.15852058855103,12.136227416512169,12.152962752522567,12.152033995678469,12.165112326785348,12.058158312538197,12.148945855484683
12.275156021118164,12.249659051322801,12.263622599110956,12.25370864372772,12.253442663329064,12.266747853760387,12.25486757159303,12.260994559532115
11.931901931762695,11.924808451475782,11.932625331540978,11.946929168009587,11.946513292268287,11.945378883896645,11.755879486687116,11.942014556747885
12.238728523254395,12.20392251822361,12.281971283446216,12.256108939547998,12.255453387382156,12.299060093044595,12.154784614286667,12.255409024917292
12.230592727661133,12.229874212001825,12.228450221625607,12.217409431514577,12.218288267102754,12.225412688040002,12.20557752297723,12.2222114515177
11.75352668762207,11.74459500644669,11.785446452755005,11.736734924927442,11.738242133647258,11.769106690881047,11.691080018519527,11.74592780554045
11.640790939331055,11.606919558161836,11.59119166920679,11.593086594434883,11.596080272621535,11.517873291406568,11.695255355062795,11.601078695873245
11.559861183166504,11.634229546687308,11.637960272119638,11.56534817835246,11.561674866434709,11.607124475266264,11.608244735642321,11.569386437641331
12.295060157775879,12.328761439091224,12.361729664425516,12.351213865643711,12.353356580727553,12.334065595966397,12.54254845357358,12.335032605538014
12.198976516723633,12.212255918338078,12.159575704959245,12.24302022513658,12.244629778602368,12.197199443422774,12.225880174775122,12.224241222634141
12.289752960205078,12.277998866980457,12.283363949596069,12.207973329709908,12.207975753043725,12.287711108504375,12.25486757159303,12.239602917775432
11.810567855834961,11.911571061087264,11.941184606307791,11.974830564057068,11.967112896767366,11.880635902516046,12.144202560946876,11.919979062263543
12.008248329162598,12.012875131098278,12.002919868938982,12.039440274023926,12.035546569864284,12.019800454069216,12.075400019877522,12.027390131358445
11.414701461791992,11.46674699334027,11.383011953977478,11.36974700341153,11.360267359263386,11.43187888433686,11.49273296168228,11.386209385010975
12.11670207977295,12.122427850165069,12.128972429940868,12.19090169052776,12.183246540710448,12.177011015220543,12.45293662970407,12.16585351956449
11.984217643737793,12.024401704023072,11.972195538551993,11.941054510821454,11.939024422454285,11.982141317031902,11.989165855127435,11.957082721030755
11.663299560546875,11.634742211608115,11.71913826407147,11.747013014368282,11.747579871595681,11.672428977764763,11.608244735642321,11.717208361579747
12.473151206970215,12.413523955558057,12.436385978301265,12.399252396051189,12.39987127194934,12.439186434577886,12.481565733211923,12.424292760138577
11.89505386352539,11.933896879222045,11.873685276032052,11.989274083963053,11.989867585141626,11.955322222716203,11.951186847493476,11.956014812735672
11.752571105957031,11.745249375266212,11.733965434694658,11.700124673723394,11.699970648502203,11.72640182373268,11.04106411122238,11.717974244914997
12.15510082244873,12.098776992163586,12.135886024547544,12.101864107375372,12.106052039202055,12.156017429736062,12.147919030759663,12.122515717396201
11.671778678894043,11.674230204039253,11.70975491131154,11.659228639269553,11.65995574468194,11.657520502647937,11.728044909070785,11.664711491570769
12.087594985961914,12.079716823747201,12.049107195226393,12.032524384296265,12.031857508269411,12.071859017832194,12.093693109638318,12.051308327468414
11.912774085998535,11.881026892833383,12.02022815962853,12.089430464262824,12.078605330537473,12.0059216495948,12.025755079404917,12.030118413555048
11.902556419372559,11.897808586917607,11.914609429091827,11.938617488596625,11.935104490829218,11.903577490099511,11.89478753335453,11.924629721611444
12.376653671264648,12.43471798448865,12.414666569552788,12.40250793728598,12.40355467889686,12.398175340400886,12.429220196836383,12.395622264293047
12.111492156982422,12.104396914848424,12.124895874020455,12.096449951296865,12.096595427044116,12.128904677207935,12.138869243416009,12.104183182080543
12.345925331115723,12.32673239211909,12.381041694597466,12.345237972201517,12.344131077806189,12.356792218603868,12.264346270624157,12.347589694290424
12.168848991394043,12.151527022607244,12.172793613084673,12.161319031462627,12.160196766957837,12.245277898114619,12.154784614286667,12.169924882139892
11.81993579864502,11.842990658569558,11.819918512596622,11.810865347010965,11.812432759584066,11.837406813375662,11.904974309480183,11.81589349277503
12.810311317443848,12.763560259372229,12.86221382676692,12.775699881982618,12.774503125408922,12.792682228113799,12.994532278619134,12.789906957885542
12.446836471557617,12.439530408745812,12.448505199628988,12.421905299153254,12.426012583036854,12.436377919330482,12.433212202169729,12.431461582703413
11.859492301940918,11.857181419395054,11.835766988654731,11.822997989658338,11.82510601891274,11.841496663138495,11.794345471549745,11.835265876131908
12.244142532348633,12.274509249072231,12.286688688381753,12.293340651966503,12.294200603084636,12.247127881828337,12.249615734512616,12.276104350561507
12.934685707092285,12.949659796481155,12.959931717641947,12.845822677790945,12.846837123427601,12.951300456735787,12.847929163278053,12.882997704086689
12.6336030960083,12.666403750506117,12.606102708626144,12.613976263000865,12.615226065484498,12.60453275936592,12.601490784782536,12.618565198390826
11.716946601867676,11.702641063295468,11.69672686788375,11.638469197822921,11.645906878378602,11.613032707124304,11.401681006153428,11.661633772055081
12.814777374267578,12.836099958704006,12.798479793620823,12.76091026613941,12.76001832489789,12.816904286376642,12.694655727828803,12.781405848449896
12.76099967956543,12.747384468330806,12.739497557180666,12.80004144765514,12.79865403595701,12.777498353117151,12.832013750189885,12.78492993224096
12.027361869812012,12.083128829461568,11.942195240686955,12.014391996101475,12.012289020954238,12.016518854945026,11.951186847493476,12.0149908831522
11.934473991394043,11.9186623044677,11.946008784077467,11.993311288229139,11.988585698237355,11.950562039654622,12.00762780434872,11.971344776155615
11.825228691101074,11.819436566163985,11.839206869345283,11.800863997835435,11.802642689696189,11.829566334279297,11.794345471549745,11.811505019424825
11.86430835723877,11.834743192116651,11.851882883117895,11.879585641939803,11.879763271915765,11.881540399136474,11.898194668458823,11.87439134463268
11.87242317199707,11.862968863644987,11.862806841356106,11.908054731382755,11.909044970291323,11.86549714428155,11.957617696467539,11.893317219062345
12.043889999389648,12.086678025493283,12.021580705966112,12.1124146120569,12.112214380150151,12.081383983918785,12.07254696717504,12.08741025490984
11.608619689941406,11.664959644554623,11.603754879862292,11.761405099342044,11.75131735758601,11.714111763160938,11.982935344196433,11.70791819579646
11.49660587310791,11.4858301046804,11.521061100351714,11.443507688814107,11.43765809115479,11.599004611804862,11.362114203075018,11.472137329550606
11.599446296691895,11.58197331851971,11.598473039720556,11.66317177977451,11.658552914290315,11.608684112050627,11.652696102959753,11.638294514569592
11.904596328735352,11.943060138350537,11.92110964682995,11.877467481898709,11.875160629664999,11.930639303986618,11.798111925972618,11.890402531714937
12.063640594482422,12.070086109572312,12.08888394666081,12.093282531793887,12.093892666748804,12.031646983192358,12.059809113551397,12.080402897734954
11.875387191772461,11.865585214800447,11.848826342940612,11.931938390830634,11.93704154222613,11.853617524616642,11.951186847493476,11.907722913755249
11.473543167114258,11.577435254597003,11.48076809324799,11.479913786888911,11.478796122265297,11.464611779906244,11.421917019425596,11.476916870187324
11.168641090393066,11.309201332204031,11.29492717650938,11.034620400249771,11.025319447515997,11.208417873152236,10.460270761075149,11.094024688806318
12.767715454101562,12.744935708967047,12.827280486011873,12.970684556788585,12.969094564727577,12.821432976323946,12.971542813248437,12.897338372756801
12.11677074432373,12.052003919817485,12.15886139085508,12.03415911082902,12.035437036532871,12.089925526381103,12.122696471358964,12.066392893844633
11.790924072265625,11.77940409358716,11.77072220521893,11.784272411109912,11.784146947733728,11.778283981297488,11.775297421715827,11.785117962122426
11.75218391418457,11.755075692958092,11.761426817518608,11.721572861868431,11.723593478834415,11.770952684068961,11.695255355062795,11.735562561431625
11.650334358215332,11.665551325071004,11.64760085828609,11.604431522047154,11.605122037406991,11.654215170291657,11.635151947212842,11.622672655551584
12.286048889160156,12.323604169052253,12.31371025967347,12.255438476804803,12.25710397173129,12.262933795245644,12.331387247601905,12.267040953576386
11.853657722473145,11.87624556138426,11.90291233487945,11.862242451577263,11.860621246494143,11.844836364385621,11.849404844423074,11.860018867084188
12.485344886779785,12.463777451375673,12.511819114433361,12.633301004257468,12.635293152675208,12.46264153901257,12.574185427296195,12.574971886272644
11.857312202453613,11.876181534445193,11.876750951952296,11.810055290430599,11.810100324217863,11.885600788387409,11.898194668458823,11.831441079239614
11.711339950561523,11.74883781691306,11.734738454517789,11.700283610105595,11.696546151094138,11.71998696927162,11.732069026983156,11.705746065740227
12.317225456237793,12.278362900357923,12.305134239503465,12.319198697813992,12.317084410270148,12.306115867628149,12.278397958261774,12.316866243278447
12.09361457824707,12.07798132931389,12.104147830982505,12.116463838356069,12.116470286074913,12.090850450329684,12.246739428005663,12.10773404962991
11.88823127746582,11.903276296456838,11.874872332023426,12.019283795860638,12.015990364541075,11.915868738910001,11.989165855127435,11.96904717529447
11.87825870513916,11.909703202373906,11.877351111672011,11.851212685938274,11.852700753594771,11.870431295233951,11.732069026983156,11.861373206256278
11.933939933776855,11.99019968286139,12.005769761412278,11.930498407715396,11.928477036722635,12.00294520438711,12.013100572810686,11.939582228293343
12.173466682434082,12.192895626458267,12.162256078635302,12.211914863350344,12.214140906860068,12.153582441453535,12.2193145828011,12.195203193135155
11.742822647094727,11.677859994774558,11.753631632862103,11.619170152202328,11.621606592549245,11.728446649072472,11.774527900858468,11.667279439398127
11.87183952331543,11.875896741932483,11.888082366936409,11.869804719208089,11.869634674271703,11.86648092565071,11.80560254159177,11.870840878942868
11.530911445617676,11.4568093956527,11.572413316028122,11.441453477606718,11.428983087740814,11.472799754305298,11.477308649967686,11.472391618860376
13.004133224487305,12.864196057968922,12.9866369986318,12.893471334689224,12.894079591243853,12.99202635207046,12.90634935052389,12.935299162680622
12.01838493347168,12.022181168419989,11.982702963347428,12.06573379943256,12.065118343323284,11.995248568224309,11.970356641102999,12.0439688690674
12.499747276306152,12.492646422298472,12.524257120856097,12.467778655607619,12.470130033833932,12.513463864028935,12.487488878546145,12.48258258175369
12.179228782653809,12.156776483631727,12.157367141957629,12.22544089093794,12.22676746226923,12.165226058258021,12.259618151783465,12.205584099665868
12.429591178894043,12.469800446201395,12.449639641674871,12.430470435047601,12.431525115053637,12.488324502411585,12.36308066783498,12.435388019020095
11.376480102539062,11.274967454126463,11.464641373635882,11.4649945674447,11.463921725501237,11.446037876653445,11.573559498507079,11.438867104023519
11.923999786376953,11.929359766692528,11.93993971040103,11.9699708373279,11.970596966794465,11.939812087664869,11.918397239722838,11.953844101176522
11.9210786819458,11.903599972869513,11.889731733694898,12.006162213787222,12.00920751631073,11.927539838142673,11.976665770490767,11.972409676239776
12.553343772888184,12.587201269376589,12.52895700367651,12.570159278259469,12.572145669512473,12.56435069573357,12.662709207270272,12.563638937105484
12.101740837097168,12.114153566754059,12.112810158625853,12.14144218741933,12.1439615396283,12.113740829382545,12.07824495582233,12.127521710561185
11.791206359863281,11.79098704659422,11.795428733982083,11.7683699203327,11.767314514608131,11.778797353799686,11.790564777297387,11.776445119380163
12.981484413146973,12.979553750244612,13.001138231018333,12.992648139001252,12.994283724615157,13.023169368325767,13.008661502470739,12.992334374112383
11.263270378112793,11.316758477203125,11.28964585507741,11.371119400601792,11.369372946432007,11.30838508680258,11.362114203075018,11.3330468163725
12.467944145202637,12.558583185170587,12.53238198046216,12.446658691196173,12.447700662663122,12.280785655736976,12.209192772866418,12.443926905404759
12.087230682373047,12.13789223245478,12.08942574288992,12.109713446052098,12.109083116822282,12.088693112752441,12.07254696717504,12.101026370019815
11.830238342285156,11.85972351438313,11.857980428224831,11.79975290898489,11.795075764835182,11.863389085287475,11.759793355371237,11.81469448409731
11.446233749389648,11.539038136193591,11.518497695221766,11.489457109261805,11.486759268928543,11.567794597901692,11.58525542883217,11.48406893429097
10.935747146606445,11.030623848478536,10.987242552290379,10.808661688983209,10.816200750505171,10.956188336841086,10.579005242826247,10.862932732163257
12.148444175720215,12.127993022446951,12.142965894137548,12.18421159025144,12.182623560573159,12.147837615948697,12.08954444723597,12.16974376593596
11.790669441223145,11.834511581758466,11.803731771261944,11.835197634685272,11.836369382017393,11.82344552044515,11.58525542883217,11.82083571011215
12.239294052124023,12.23215104074741,12.237799066990302,12.20811473683129,12.20910361015915,12.212218554973916,12.144202560946876,12.21839257250129
11.7321195602417,11.737012891176333,11.747023345387564,11.70158089102373,11.701598421766242,11.673402866638192,11.619544188752133,11.709820214741391
11.81697940826416,11.822182592150966,11.810043943163341,11.831843086782804,11.831524899655111,11.831823156234416,11.970356641102999,11.826796474752197
12.488829612731934,12.469606586542836,12.464848992767598,12.378527622946592,12.377762255246177,12.506584115250007,12.513561021741964,12.421988781120618
12.805205345153809,12.775622803725469,12.806115710199819,12.751668924916226,12.750267794223717,12.783005620955686,12.660331092405906,12.77087446852479
12.441168785095215,12.462595777940399,12.467977053353003,12.430518103636809,12.431038799023272,12.440835670098508,12.421188057397055,12.435808335138553
12.332728385925293,12.298620817850406,12.356451096390556,12.246323272512445,12.243171317199447,12.350402606398475,12.270225154674701,12.282052074748925
11.823750495910645,11.809319595792317,11.77681998464715,11.809417952872229,11.808090455306786,11.803903469948848,11.798111925972618,11.811520483375869
12.189188957214355,12.148553174468692,12.182842592922773,12.265449007581651,12.264981877481251,12.223940724386635,12.098854850641,12.237823217084369
12.388938903808594,12.36185540268819,12.417916979352464,12.340777879046447,12.339527605250804,12.362097028871524,12.34148164933907,12.358684276109823
12.038766860961914,12.031656826669424,12.049051396079635,12.063107775270307,12.063513309780317,12.002617063685213,12.25486757159303,12.051371433070006
11.780545234680176,11.774020392119466,11.76797759526959,11.73182050944956,11.732839039335769,11.786341653791062,11.771443882099637,11.750951500970764
11.769746780395508,11.790472926977113,11.78788436219189,11.673119455774318,11.674346870840692,11.723974555740261,11.736077016252437,11.708478272360338
12.307973861694336,12.331602514808967,12.317632680669192,12.338879529341105,12.339742800691074,12.344945246149331,12.479913113434042,12.329989235547474
11.83899211883545,11.81005376305332,11.885755489653167,11.813986839219048,11.8144329459526,11.795109180456857,11.849404844423074,11.822486311634053
11.658777236938477,11.656351297853817,11.629864298703232,11.618496045504454,11.620734528634053,11.611280936096483,11.630717389475995,11.6298803242484
12.414209365844727,12.467288499363807,12.482203778428874,12.49716467253916,12.49831854987663,12.470457445132086,12.450981602512561,12.471689147288338
11.560091018676758,11.567240770788803,11.564789247228342,11.5673494448518,11.566950861192668,11.645872743796376,11.58989576532275,11.570968344596771
12.420212745666504,12.391790270998824,12.365199119017898,12.471102540945576,12.472372749467045,12.434008865218264,12.556733038263905,12.450119483712761
11.665645599365234,11.678743234369135,11.664527890995075,11.583964280788162,11.58428805824678,11.632714891820651,11.635151947212842,11.613530165485008
11.938676834106445,11.962448215637716,11.92075191575975,11.843751219173537,11.844465428776159,11.934693870041462,11.856522261533737,11.88000844327797
11.468988418579102,11.714092743890474,11.72629248007945,11.406587561520803,11.394269839299149,11.66662607832077,11.58989576532275,11.45448264786395
12.187092781066895,12.146513181605632,12.176369468595375,12.235839835094172,12.235038606220686,12.166793227762884,12.07254696717504,12.214719285968602
12.164548873901367,12.182881287254181,12.156385158099548,12.159399549597143,12.160393019198874,12.162117987060212,12.36308066783498,12.161028054902488
12.049294471740723,12.035112414207662,12.043322347401977,12.024707254420044,12.020230692660098,12.038296082984909,11.707677772181546,12.032751008117561
11.974751472473145,11.948955039168856,11.986781247653331,11.9934753244954,11.996456803461877,11.980298686956077,12.04355959836804,11.987391437652512
11.656137466430664,11.63746954427303,11.697922020299547,11.689916978947924,11.691033829230248,11.666678639997462,11.58989576532275,11.679277823756117
12.069592475891113,12.132271135314317,12.070193622901256,12.023400334653388,12.022243565176547,12.074030655467878,12.128116509451258,12.041708491490695
12.457853317260742,12.460693258678011,12.476722811530369,12.475940037221694,12.47866293299766,12.465029656588362,12.498745990829315,12.470470273143583
11.783150672912598,11.720793320809177,11.777480807962986,11.6955803873562,11.697290449888206,11.772991049892365,11.759793355371237,11.729114205965317
12.690543174743652,12.669095697117873,12.68430378136382,12.66624329252155,12.670674182499297,12.660080651574063,12.691583538230217,12.673798527846344
12.154471397399902,12.174280230750806,12.171808722086316,12.21581134065674,12.217568172892216,12.190092283448967,12.273735966890268,12.195315474294071
12.556641578674316,12.593053466382296,12.493978931794695,12.602891585786692,12.597948787655833,12.59995014099788,12.665397584983758,12.584847043540606
11.846368789672852,11.888021044750616,11.783949122823886,11.865001581316754,11.86668858068458,11.867325733728364,11.820123358887447,11.856934534250085
11.800531387329102,11.750090786173534,11.808159065093156,11.932490076036844,11.930679811300667,11.832413849745357,11.867805799560465,11.883234651436798
11.686126708984375,11.676161019288026,11.73509222742238,11.661320854192306,11.659990960922876,11.690425937937883,11.695255355062795,11.673168138202398
12.348302841186523,12.321991581740843,12.339514407312226,12.302683869790753,12.302602709175813,12.337082780708368,12.32163544049751,12.319364547502813
12.0062255859375,12.006639509767766,12.012063536566126,12.050727456392867,12.04997842557825,12.02789391722516,12.04355959836804,12.035035811013856
11.715887069702148,11.722151330303976,11.69740511790817,11.750012905511223,11.747148888786228,11.65832461386963,11.842236406331555,11.731314325773594
11.64719009399414,11.66077326076837,11.606783654755016,11.651437101906222,11.653250390317158,11.60822921548323,11.682676678340282,11.645492423927765
11.9443359375,11.91207879776279,11.937344619648877,11.875047449224855,11.875114123595564,11.995582320896583,11.884495917930655,11.905693720997139
11.956181526184082,11.954269460347755,11.975571521118518,11.951621553560052,11.948912606711847,11.941339222892307,12.010671928196443,11.952770182258268
11.943233489990234,11.971610657536004,11.951406359663153,11.965659038147892,11.968417622580073,11.971637683056532,11.891368749982085,11.959627153495635
11.814070701599121,11.795726735221484,11.790249377221846,11.788302587806786,11.789490982198188,11.73944355905592,11.78676973513378,11.792081267251948
12.098418235778809,12.06118444833568,12.08035548238937,12.097644117410526,12.09745736148327,12.070856050837465,12.111217862017215,12.095166397230358
12.716822624206543,12.741034405576032,12.814782574352837,12.76970241525091,12.772021941279556,12.749732758250072,12.442306148381938,12.755636225616172
11.677613258361816,11.702987199930798,11.693061295174477,11.608397938878792,11.605111818319278,11.659541699805903,11.682676678340282,11.634409242732026
12.729456901550293,12.735167612479065,12.691614657393135,12.59297103785751,12.585051514120716,12.66848004641342,12.691583538230217,12.639471259539732
11.733105659484863,11.728580742830855,11.761881878584681,11.785436206343553,11.788793449035508,11.780264251069395,11.798111925972618,11.769972798525163
12.828664779663086,12.806400759649973,12.821489332304543,12.79177524974835,12.791334120105073,12.848039639589233,12.820990681250251,12.807312382752427
11.6971435546875,11.712665993722686,11.698142086807845,11.713709143932043,11.717505815050373,11.730869700274082,11.775297421715827,11.710200644796632
11.81511116027832,11.818619922842696,11.80050975447344,11.78775565739815,11.787977110770797,11.78352349752165,11.827743504053695,11.795582975113394
12.300016403198242,12.192833410414536,12.27630687373789,12.530878508305399,12.533503111339723,12.295382043189298,11.870606902224587,12.439456878399808
11.56396770477295,11.631277690172018,11.527529099066738,11.475534679776718,11.479390778845776,11.47755294548582,11.283524879179666,11.502805632336697
12.137114524841309,12.159382247862373,12.144415285644554,12.147812532508027,12.147788756404823,12.153025800818645,12.132969552931216,12.14508527838427
13.059518814086914,13.05581342959085,13.014027918943462,13.039303231538522,13.042725267175555,13.094111091454314,13.02132904585825,13.048349909932462
11.882319450378418,11.867076242546982,11.869878075747405,11.877760124183583,11.87409226592896,11.908179810452651,11.835016210489899,11.880510428065117
11.876216888427734,11.882336453534782,11.879153821687789,11.82458691822007,11.825737394558798,11.873488045109623,11.849404844423074,11.844868228788581
11.64718246459961,11.654275627638832,11.660997960682113,11.620326206327311,11.619677109831628,11.673634651555794,11.608244735642321,11.633274910995329
12.740821838378906,12.729974048761783,12.740239594209832,12.750640041826086,12.752013344147317,12.751524781748714,12.672949516558306,12.747723798736292
11.645670890808105,11.657882440931369,11.647012531060469,11.59953816102148,11.597849295193088,11.635442093359654,11.648373769145277,11.616708250299096
12.129011154174805,12.156799699255696,12.13219831385833,12.23220569024014,12.23228589959916,12.152181763393056,12.176654133447505,12.19362467527283
12.171540260314941,12.176931366921794,12.157505766773246,12.2702013634184,12.276865331541824,12.127711061371743,12.289958727201455,12.228555778402258
11.933765411376953,11.8916915605169,11.954586605073846,11.866154975528547,11.863915900817743,11.902018882820247,11.92504173829169,11.89087201021922
12.506474494934082,12.539091042362717,12.522125502297854,12.513507087016267,12.51409554894579,12.521437085598244,12.524530013005734,12.512555694946723
11.760533332824707,11.70863994123382,11.762382062002644,11.760308627955553,11.760040569102777,11.786780686803807,11.856522261533737,11.762373033605027
12.321724891662598,12.300111072638773,12.307305936686138,12.290090812105788,12.28798749283069,12.301153069279657,12.301387370778713,12.300134313725183
11.941312789916992,11.936149579116925,11.941185472832064,11.946253565361184,11.948815271657836,11.93112616725111,11.92504173829169,11.943869725078486
12.295814514160156,12.310846019468471,12.278806155452317,12.322062366587721,12.320374030463864,12.308019563128473,12.30592250537653,12.31179137708924
12.276189804077148,12.268783865781865,12.281339382221377,12.270465328691838,12.267564080099469,12.228610831311075,12.230770136157428,12.269061184923903
11.920132637023926,11.95148175697541,11.92381639398435,11.921510815713324,11.926787150947687,11.943897902431681,11.931642378754141,11.923503743475575
12.100502967834473,12.08116279325805,12.167091571910081,12.182568068301986,12.182587840347034,12.072719692700417,12.323860125621126,12.15105655035522
12.75973129272461,12.731553911373684,12.772036078962392,12.652278432163651,12.647288671869905,12.626257969194542,12.791358964949923,12.684434614628165
11.667588233947754,11.642702785132636,11.693908324178354,11.655932863494609,11.658074951165496,11.688595736836008,11.682676678340282,11.66336413183131
12.73870849609375,12.724399905568946,12.710025546910291,12.699432722880397,12.69873352816588,12.754855254540873,12.653961664405365,12.714769462142632
11.929393768310547,11.955679248857617,11.972381228545885,11.916303581739488,11.912799160424527,11.936434810954971,11.904974309480183,11.923261504903039
12.484524726867676,12.494239779708023,12.50605696612301,12.509177682203088,12.508484170585756,12.445945952034887,12.474193386571581,12.497461287813495
11.680756568908691,11.688371499017144,11.68835321329425,11.752467686003936,11.753902922030452,11.639299766448795,11.898194668458823,11.721798352864212
11.276959419250488,11.360393849239316,11.302132247187794,11.294877883978799,11.289628423226016,11.282547589639922,11.231901180182515,11.288654087858106
11.83359432220459,11.87971541972643,11.870457182720253,11.915999541591752,11.916374392951404,11.871995490848308,11.83138646878959,11.888076899110988
12.124469757080078,12.126369154189263,12.120082242951751,12.13533675612992,12.135323440957576,12.127702380683171,12.118339189722553,12.131139482322268
11.662954330444336,11.641752418720143,11.658926155918689,11.593987355818495,11.595054056339194,11.663515997936056,11.566475710526321,11.621012270778763
12.662795066833496,12.616373425760095,12.657614572791706,12.66691823087491,12.667524723393287,12.630301712876935,12.659737267217572,12.662772768203755
12.69688606262207,12.70376901868592,12.742554444488952,12.660829654325145,12.661632517924243,12.724531780217367,12.628070334272698,12.678927814670438
11.075676918029785,10.986967355185568,11.0839418939717,11.158643026097227,11.165416240771272,11.038314584474099,11.112462823634855,11.124533842509656
12.477620124816895,12.444601693640342,12.471198959505925,12.431122964666264,12.429749624223781,12.460259956761604,12.388398368982115,12.44763550103453
11.777067184448242,11.786465386019916,11.790779437499175,11.770537397472106,11.771920027015527,11.780047808264088,11.813037464800539,11.774033365496402
12.076197624206543,12.090146966504545,12.10194125052003,12.048800119632832,12.050371225519836,12.076535460223099,12.034696963475044,12.06078353082898
11.993783950805664,11.984064281004606,11.95723601719893,12.00578763298086,12.004776497273488,12.005753032350249,12.014615485902027,12.000373585845077
11.901505470275879,11.914575245878432,11.92148657516422,11.84355320447461,11.843918408456714,11.87138579592537,11.982935344196433,11.864885255822212
11.776117324829102,11.828035616427606,11.830134435743734,11.695919354848439,11.699017746490886,11.763958347335878,11.848690308590857,11.728988676197746
11.972146987915039,11.993824875402629,11.953016025955565,12.035787665676644,12.036806155408364,12.000288467210124,11.938199736300925,12.012281730186636
11.996943473815918,12.07250287318395,12.100911654855345,12.146168528560553,12.144461373028525,12.016574876092127,11.813037464800539,12.093139428013071
11.998578071594238,12.02515697198476,11.988736535922952,11.98011031120238,11.990510426006972,11.990984930413388,12.034696963475044,11.987637300197173
11.585026741027832,11.643743807318701,11.643428663719698,11.578933568239261,11.576871407283159,11.62026623120631,11.728044909070785,11.586022285972327
12.339339256286621,12.358160378273165,12.361603783729826,12.27265631796846,12.273658295480573,12.299740552049695,12.252483791602627,12.296878531625678
12.117898941040039,12.070663885695145,12.124287819091359,12.103936266363728,12.104322058276201,12.054444762612903,11.320565693461432,12.105034067616831
11.916060447692871,11.896018436318489,11.890508533398329,11.827623450006337,11.829523668731195,11.86406410627907,11.845109950883979,11.857635931269433
11.86410140991211,11.831471551513488,11.819541235552164,11.851692265100093,11.847810556198825,11.845546726156272,11.87757552297847,11.852925463338861
12.15014362335205,12.206945710388357,12.139813520158704,12.068358698908375,12.064841031672744,12.02425342807348,12.206077645517674,12.090283162220935
10.858075141906738,10.8697911409969,10.879246382489777,10.908475429999685,10.900622994452702,10.868412876588115,11.002116507732017,10.889403284468901
11.618607521057129,11.608539424955465,11.593164944120451,11.563611835487007,11.564654003054594,11.614733601480987,11.440365524765756,11.583971107112482
11.493807792663574,11.480738977070477,11.511768588757313,11.422261399647319,11.425069843753379,11.434325945769753,11.350418300109132,11.4469671932259
12.525446891784668,12.545449035747746,12.493566949525022,12.479484172329457,12.478384165387803,12.570814244069208,12.485830907348902,12.499416800066411
12.50830364227295,12.4806424985013,12.509079631955265,12.571002589970252,12.571984474792645,12.489951701517686,12.520887034998584,12.545237128642569
12.373159408569336,12.369224639441022,12.366372686665953,12.385639587792609,12.385471638652511,12.39197446283652,12.328294703023394,12.381843365219304
12.753847122192383,12.77502704408858,12.870706536025853,12.857915595843384,12.85953360933971,12.776326620638795,12.75130259456002,12.823704786821674
11.907557487487793,11.911150317207563,11.893086224008913,11.80661377025385,11.804247196155632,11.905545977476475,11.931642378754141,11.84514322082692
12.756670951843262,12.742099363881868,12.731025396874879,12.761758521976061,12.762724576454637,12.80120134215488,12.823631142839984,12.762129657984692
11.817232131958008,11.824057475308026,11.831285492627014,11.813183530207795,11.813947543080351,11.80307451888055,11.872353615355413,11.814384131541262
11.517448425292969,11.514900109666547,11.492558339085825,11.463356447856478,11.469461125970163,11.533117398163139,11.495789479023493,11.485431592125627
11.851566314697266,11.858639074105158,11.84581664360071,11.844666541888154,11.841494165885496,11.905210632879875,11.951186847493476,11.850710042066448
11.968061447143555,11.994814328075638,11.97493786137469,11.925051897002424,11.924972039102732,11.952974243879169,11.951186847493476,11.9410565446838
11.235477447509766,11.237233476927038,11.235225386762302,11.258011556852589,11.255421230268082,11.21391182452047,11.344518647594766,11.24727369596611
12.190374374389648,12.195407329088438,12.165827516376455,12.221479978323805,12.222202347508633,12.213668735866937,12.235393555399902,12.210108766141488
11.660476684570312,11.681907733618676,11.678381301416948,11.60130113611049,11.600475704725312,11.59011924059902,11.58989576532275,11.619920878564079
12.196256637573242,12.21167426078851,12.190953041259412,12.176586329202076,12.17628134174351,12.176990214399899,12.160033942617156,12.18262223847769
11.803227424621582,11.821212626266485,11.810532988597311,11.80734180248401,11.810811164037338,11.808364065880609,11.813037464800539,11.806819168434796
12.783646583557129,12.847718667396915,12.784998154682846,12.748249255979204,12.74880113598523,12.820979675934604,12.765691290604371,12.764987765226023
11.378479957580566,11.336339010361907,11.420384981872616,11.426236162354162,11.424277059798094,11.424978048405706,11.385103457032141,11.412406873733158
11.878499984741211,11.85789177790836,11.858094312084498,11.908529293021218,11.909252852694655,11.902847841528382,11.8879382384223,11.897824305059029
12.081087112426758,12.034561771272278,12.076817738697265,11.963846320562341,11.966064367063755,12.024300434179068,11.91170829631447,12.005685130924237
11.748531341552734,11.706857033495783,11.747292367927177,11.751817110344502,11.75214800134627,11.730280915279348,11.487617913343598,11.749174904800473
11.96780776977539,11.978266978561425,11.9779232440032,12.06622884715323,12.06680145894143,11.994046215108618,12.025755079404917,12.030082072806017
12.216526985168457,12.24635970930188,12.265204888842826,12.25897452131553,12.257640100796703,12.19995528460085,12.19552218463499,12.242925296530593
12.809819221496582,12.780942365438747,12.94004366321893,12.890132282319835,12.893031747841206,12.846082194160177,12.904209855160254,12.86693546449746
11.77391529083252,11.896193663309536,11.892208078176491,11.807147440359037,11.805853466145795,11.827941079322219,11.608244735642321,11.802719501250197
11.805174827575684,11.826969073154855,11.81075952384933,11.820004852434385,11.821593533297062,11.811567985681624,11.83138646878959,11.815081923335315
12.866532325744629,12.854796801626758,12.868652961866907,12.864411176050844,12.865922262210324,12.930888475693767,12.955129822091815,12.870251104893573
12.401777267456055,12.332364882873422,12.365946164104553,12.388266227430314,12.386075689100137,12.412793347416113,12.348010479804223,12.392664657516455
12.15841293334961,12.209503959130734,12.18418152625104,12.096300336913565,12.091921463486402,12.064918651893704,11.767575435251748,12.114256087485728
12.212645530700684,12.25958360020174,12.230075856367069,12.255965852782465,12.253783234489138,12.218916911165797,12.173037959397275,12.239897434346764
12.032838821411133,12.00271768023605,12.021381786902175,12.007079718181396,12.010366107302724,12.02199396001323,12.031725210748633,12.016304624508534
11.64588737487793,11.559798969218008,11.690296186501795,11.69746457738984,11.698682526716016,11.579369841075756,11.83138646878959,11.67429283538065
12.064620971679688,12.101929031327147,12.05357339046844,12.089955366021604,12.089330635198527,12.064933132496568,12.063938642041201,12.079533639575228
11.711585998535156,11.73224399016692,11.726565679358371,11.605452476007153,11.600599263142227,11.627218461726786,11.548302261270587,11.64083438716758
12.041805267333984,12.02845177228967,12.039209092955375,12.057485303655769,12.056655934704303,12.050562025340454,12.013706813470414,12.051783797702507
12.43445110321045,12.453094362129445,12.414670883367046,12.49438296344071,12.495491804160075,12.415438450032033,12.458778882573533,12.46884001552002
11.957669258117676,11.937341803601722,11.958120559558472,11.933122616050072,11.930497086586183,11.944394895068422,11.849404844423074,11.94146367100139
11.901847839355469,11.914364116813982,11.923136530854034,11.856816805757706,11.85782086970185,11.89215206943708,11.908346971208951,11.874721288901732
11.613702774047852,11.609419836515873,11.537594148482906,11.463277758005807,11.464389378130036,11.559200865432908,11.373674891823535,11.51525821196649
11.599509239196777,11.649646480043412,11.718706909649118,11.58176248450941,11.57925914487657,11.636726006209356,11.603688960617083,11.595958201124603
12.784037590026855,12.757158236985749,12.767604876327484,12.712773074082133,12.714609768400472,12.736853175380023,12.827995001361906,12.736772536181086
11.76765251159668,11.762707682974472,11.770629516846297,11.745679683046188,11.74476424141983,11.782681335329972,11.763691965388299,11.755404997081422
11.779709815979004,11.699181924670034,11.812489733061721,11.738534508585605,11.739795771812432,11.78297284790331,11.870606902224587,11.756377160878664
11.603015899658203,11.612328576958124,11.653614226562095,11.579613134644001,11.57868439241045,11.58589871851354,11.979391594635791,11.58944657389776
12.060733795166016,12.082730829874267,12.09451291875464,12.023637684146394,12.026170460696846,12.061503931611837,12.06105265381003,12.039891475737976
12.552063941955566,12.530534739852655,12.596176237240279,12.544351041113885,12.543246056693587,12.600348574503109,12.560247968016562,12.552574804770433
12.24828052520752,12.261015596914348,12.237036403714354,12.265363551158432,12.271346002042776,12.256995806538063,12.30592250537653,12.259578556624371
12.259368896484375,12.2647583662665,12.29224008156299,12.242864756507876,12.248965529203286,12.280798111080994,12.242891437918386,12.252965606854374
12.355385780334473,12.318224079524239,12.317934975231308,12.351237417440515,12.35167923748804,12.338759470382922,12.336556900342153,12.350181836830398
11.912209510803223,11.936554007745189,11.93226413804788,11.999996061033224,11.999781754184468,11.929755586156684,11.910365121788654,11.967680767066446
12.38823127746582,12.346265111776104,12.366815237660093,12.472566871233568,12.475448388161027,12.360843282714692,12.879019669789754,12.43699348597319
12.108589172363281,12.147455696533243,12.082815035058314,12.142884177957983,12.147347651758592,12.080909561579936,12.179220327453931,12.126906983091963
11.894044876098633,11.913255182228953,11.90984143217597,11.901660575015732,11.901611050945082,11.887945469075998,11.856522261533737,11.898858056288585
13.17519760131836,13.1692954658187,13.190922361024146,13.460236095643305,13.4605652303828,13.222078778932604,13.534474352733596,13.352699897043113
12.60466194152832,12.550965828639038,12.640417754551418,12.606831884071324,12.607698816421392,12.658797463430911,12.721888795877375,12.611515234271797
11.514245986938477,11.502012823154018,11.475902753292946,11.574666543510965,11.575859563170457,11.531713351139517,11.59433032142082,11.550882589159084
11.740670204162598,11.686246473628223,11.769272877445815,11.752997142423933,11.7557685809556,11.732614721414791,11.860062063178267,11.749059283869677
12.039618492126465,12.003983073664289,12.053195407631204,12.059586034393297,12.059780853949112,12.068442687306232,12.07824495582233,12.054458006683879
11.483879089355469,11.496735722855885,11.379624775344864,11.480804553019238,11.478308269313734,11.450022003236782,11.39640288460621,11.475015026671718
11.720662117004395,11.761011636295342,11.732660318233924,11.770589736543684,11.769000376012913,11.79070003362645,11.724004532183379,11.756484041334861
11.89382553100586,11.876196620383311,11.892756078571294,11.850691869258675,11.851074339959016,11.805919675045265,11.83863282480007,11.861114789113026
12.155929565429688,12.144123609860575,12.16628054501075,12.171578195741729,12.176170412079179,12.166433570727163,12.185875040240456,12.167189967253178
12.63823413848877,12.641244984456097,12.69447955279787,12.63313893488425,12.63190613432954,12.628296529537042,12.652362948153474,12.636520420402537
11.884015083312988,11.87325318305675,11.875974506869074,11.88970989521847,11.889773893128968,11.89054168677382,11.849404844423074,11.88764367138847
12.676074028015137,12.650777912871629,12.721782247666518,12.809077562715835,12.811866047516926,12.680523623730314,12.799178471909892,12.759477274504745
11.80650520324707,11.82764643537574,11.836676768443779,11.772634917812226,11.768472186840988,11.813313030781147,11.849404844423074,11.787120988511548
12.272774696350098,12.300494132224044,12.268419948766242,12.241785191325922,12.24155384179761,12.247119926438382,12.269052139516223,12.251831711833276
11.083611488342285,11.079319436604097,11.093115262098062,11.160881538849726,11.161391064314953,11.05779885037163,10.915106645867503,11.129152983678466
12.5870361328125,12.549877089104093,12.619746330584931,12.59339095653838,12.59468244035798,12.566939404556193,12.618185607609803,12.590893227965125
12.304165840148926,12.285376113932722,12.306127086403064,12.289241267465295,12.289648799821078,12.29087515843208,12.445093483000798,12.294236527197285
12.162790298461914,12.151358382205945,12.148424123851207,12.158067860796185,12.156925881383826,12.176471796726485,12.09815887308463,12.160210261348864
11.604607582092285,11.621485931157089,11.633625474724926,11.55930182687627,11.556901771438312,11.607130205280848,11.60733523953139,11.578117054258305
11.168108940124512,11.163619350301804,11.117170079164419,11.153976545425534,11.154994108563468,11.203737797163948,10.859018228147887,11.160208485992683
11.210003852844238,11.494569575710766,11.461108253572396,11.298608276092882,11.291336820984181,11.415630497977073,11.54031687156214,11.288291736808256
12.16957950592041,12.15013882823433,12.140463840346795,12.190348501354542,12.192413793027852,12.186551342186824,12.149507585033072,12.182537898240176
11.731586456298828,11.672783245980037,11.705772894124122,11.669149094024924,11.679234201892331,11.707511894817513,11.767575435251748,11.692005494967628
12.12453556060791,12.108567304054532,12.083128851077817,12.144125890980701,12.14531455197935,12.08947438441912,11.779136168550774,12.132342573105978
11.929048538208008,11.949654170283793,11.932211832569353,11.880153150422402,11.880559173179211,11.917078777429522,12.013706813470414,11.898602028122998
12.181244850158691,12.195853427803847,12.16026220282499,12.173671496985353,12.172217840322439,12.220700080721759,11.979805470779858,12.178525990666223
11.926981925964355,11.940665369370187,11.929259579301593,11.971030055039547,11.967349330545202,11.964471233542378,11.964007453736912,11.956186684644736
12.647276878356934,12.638996968357409,12.63898782011702,12.622913566980865,12.622988146784065,12.64758027004771,12.739640688812674,12.632155286040344
11.792390823364258,11.804115912023454,11.76516326430086,11.802969163556536,11.802441265239747,11.824997185441314,11.763691965388299,11.8000676245996
12.468960762023926,12.507145889954531,12.476020297067675,12.49525533896991,12.49773228555772,12.436629251216905,12.524530013005734,12.483153705882085
11.871484756469727,11.898056426192662,11.879478810588443,11.834790475358677,11.835320384602124,11.87884640037102,11.870606902224587,11.85009350465413
11.692615509033203,11.725094973578672,11.661701011643324,11.655266280986833,11.657864853476665,11.689912100908003,11.732069026983156,11.668765193662775
11.767796516418457,11.733151746163458,11.722490297880656,11.82233569890483,11.823199703437236,11.807063778380982,11.813037464800539,11.802142160263324
12.683256149291992,12.692960491401436,12.706478188116822,12.654462094742996,12.651217587128214,12.714362873985229,12.676079399771027,12.668580323237222
11.67379379272461,11.654334457981868,11.652834269918472,11.619647532017336,11.619644509047415,11.672594004009083,11.699413330633599,11.639926233504056
12.387089729309082,12.292476321734716,12.37653222857819,12.482858581958805,12.48351606027644,12.296683644160877,12.310437165348775,12.438333110506747
12.163873672485352,12.221017732718197,12.14467022318608,12.176216531381673,12.175768458994852,12.152961119677611,12.178192583415596,12.169749787444015
11.76485824584961,11.804045517936505,11.788184361470034,11.941195645667586,11.940351242542857,11.793822463251097,11.608244735642321,11.875088138506992
11.476597785949707,11.416146491822262,11.427919794440447,11.476342323496917,11.478308690497922,11.46781920895869,11.542493975902508,11.47407069635344
12.448163986206055,12.47788272707877,12.448483376421713,12.380999396638693,12.382943211813082,12.500197478721873,12.373707715234994,12.411391412313899
12.119174003601074,12.112485604737692,12.103335228117416,12.185019242881417,12.185493567649567,12.120770269966993,12.141539457711714,12.15876094993352
12.352131843566895,12.345478211531546,12.343161550832662,12.355534779545351,12.354964125743775,12.33343575611256,12.312686874960354,12.352394200613093
11.820975303649902,11.812770765704675,11.801010559639295,11.795604013487246,11.796941461024113,11.798274345446025,11.786008995353765,11.803226743092736
11.668017387390137,11.728666202544913,11.67923601350092,11.618048949682114,11.619337710094475,11.630566394333297,11.58989576532275,11.635470996111026
12.020520210266113,11.955542527258448,12.013447192019258,12.020303226492999,12.026098796489304,12.077019684586762,12.001511614739405,12.024962146673085
11.351219177246094,11.377388256750185,11.33952906415434,11.31598473381049,11.316377653679915,11.369959918533311,11.445727410406752,11.33074500378056
12.345569610595703,12.30479520859121,12.343820712878873,12.345990465664142,12.3448900220824,12.380470168831348,12.3879816172226,12.34819477860169
11.905230522155762,11.855329523332575,11.897427553667171,11.859789770901036,11.862562758472627,11.845805072067972,12.095146671399466,11.873230784283878
12.215017318725586,12.200466754443585,12.224105863481634,12.181228115511226,12.180672181166704,12.205104593389667,12.154784614286667,12.19403395917943
11.695659637451172,11.702404118595668,11.700402781167236,11.619516034599767,11.620256697375352,11.62313699463225,11.790564777297387,11.644281246083004
11.852578163146973,11.813608844431231,11.85476197196408,11.831723005726781,11.830756803535085,11.852491284694963,11.863589378812122,11.839858603867857
12.085906028747559,12.050609157264502,12.082432021750146,12.064846162328802,12.063065818122451,12.060015377170139,12.095146671399466,12.070834942281074
11.962580680847168,11.934744472427074,11.928771784885488,11.945806607485096,11.947358423553599,11.971548911379601,12.07254696717504,11.951863039102511
12.294953346252441,12.313137838476473,12.327730440089798,12.279545402338199,12.280838214064788,12.256668622499465,12.100717685412471,12.284235865238996
12.735309600830078,12.668534475041842,12.682531978384882,12.706058016114541,12.703302821307197,12.695932195549524,12.61087420020211,12.712159060706067
12.360559463500977,12.365076654447654,12.368698208985595,12.333499069457929,12.330545235943264,12.376415197768129,12.371591321286905,12.345241646254127
12.394296646118164,12.439044084370558,12.465328560615777,12.187880927309282,12.190378570889612,12.309079101942439,12.491176396967154,12.265625814531944
12.381438255310059,12.412475039717883,12.397806556880502,12.409373482452931,12.411603145354002,12.38887098659522,12.469978029554953,12.399904515185598
11.2962064743042,11.296911070488742,11.349216703239879,11.403247524237685,11.399172984409248,11.394317527327154,11.49273296168228,11.370190070043822
11.382219314575195,11.411819948733953,11.339565439359836,11.290845255137203,11.290387875277661,11.298641379438724,11.477308649967686,11.318709332653896
11.985441207885742,11.960221250477554,12.00527158706587,11.958838661352113,11.957280749625347,12.008014485716338,11.995357787034976,11.971535367069778
12.194228172302246,12.22271004813596,12.212392491236157,12.258727843779326,12.259022817401766,12.216461633221263,12.28765724080691,12.2358655445911
12.481584548950195,12.480105049922376,12.488602008522674,12.507357543223565,12.509061181364322,12.474103927237483,12.526346537332584,12.497196912277401
11.970426559448242,11.947035630686933,11.96019079785848,11.97940991635888,11.9788085183539,11.965598416297293,11.957617696467539,11.975050428169395
12.003195762634277,12.041476111178229,12.029035381665835,11.985389819651509,11.989285056214117,11.998849573300932,12.058158312538197,11.993553398011306
12.273841857910156,12.262172720916283,12.256002208995943,12.279281384295775,12.277954335829358,12.281369142499196,12.264346270624157,12.276827229129792
11.952856063842773,11.94001095052344,11.909071030526611,11.879128137766264,11.87815957020779,11.903131749287265,11.97603664577121,11.9024669968461
12.057415008544922,12.046710124331506,12.066640670129443,12.01131861512504,12.013327526790293,12.037681877939466,12.097378802727306,12.028535511602744
12.634122848510742,12.633616808469617,12.661228610680961,12.539301301882361,12.541008759606935,12.642144030239,12.577639650232573,12.578335430660157
11.754828453063965,11.752224011247389,11.764384923716804,11.695972078288362,11.69643155238207,11.730045928482488,11.755879486687116,11.717642980719926
11.638838768005371,11.67046730529539,11.643940187240775,11.581800995918623,11.580685011681735,11.66751825568209,11.51293546492023,11.606330356375715
12.194802284240723,12.178345711488964,12.204177181895842,12.182071581786232,12.183674135563097,12.211668649001929,12.279327754099118,12.188871626084687
12.65444278717041,12.646435834953198,12.673414440607814,12.617529864450763,12.61928635207202,12.679138129307242,12.727841176689147,12.634785218657075
12.455759048461914,12.418378212524397,12.50625385500046,12.435717188493694,12.43678825032092,12.424610581902407,12.506180941677357,12.44343592034308
12.536394119262695,12.529811122761574,12.541425913859246,12.453073863054572,12.451229379304928,12.577469237016624,12.484208043148733,12.488722523573319
12.091316223144531,12.079514103727243,12.12684156094975,12.163859800346522,12.16208106760785,12.146806561853744,12.188422799337028,12.140747345620138
12.104790687561035,12.065477330220729,12.088997232195982,12.008011280880815,12.001362976718525,12.136679384672286,11.982935344196433,12.046840211404982
12.37621021270752,12.337078320749223,12.357214478410352,12.328822900095133,12.32908933831805,12.361124426374262,12.28690580994122,12.345542021005855
13.115316390991211,12.986169835631605,13.172875516909885,13.16771534656845,13.167890035675615,13.055518443527756,13.195615697878253,13.145121336005735
11.797776222229004,11.760258042167944,11.818911491624936,11.773894946700265,11.776776511647709,11.759617315351301,11.812296455066814,11.781635827699848
11.675801277160645,11.695060959137784,11.71399891069247,11.700469645228312,11.703699183075653,11.671836927028664,11.532737896139919,11.692439984899021
11.807352066040039,11.796088542629107,11.807604942450677,11.779956932879912,11.77943778585041,11.81389236011052,11.580593459194764,11.791118769500828
11.706908226013184,11.703286582569687,11.696015781721576,11.638671612518092,11.64145310879336,11.684977135852272,11.648338835562747,11.66368229454429
12.538131713867188,12.541788876269305,12.582352798346939,12.579448264457422,12.580049409425673,12.55947279257166,12.886643575525625,12.566688542278667
12.011136054992676,12.019998418161393,12.023572445223193,11.996102724516247,11.992867591503506,11.983645897163,11.995357787034976,12.000079050018265
12.298617362976074,12.283666663762794,12.281828611353077,12.346870459465597,12.34682047454279,12.303820962305405,12.308182383129823,12.327668495373214
11.813471794128418,11.794853215584746,11.825612157029612,11.801607637267761,11.801774124396795,11.835389411412361,11.86710429621008,11.808379466497767
11.814462661743164,11.776397720831556,11.812677091775507,11.855554796401497,11.85597924425402,11.754444103352967,11.87757552297847,11.83501342944739
11.850653648376465,11.84923702604565,11.842994022713587,11.846529927008744,11.848284270137366,11.874001706159708,11.813037464800539,11.849767841401025
12.058792114257812,12.049969483882665,12.074992421051629,11.999466985644748,11.997078945937545,12.058592324453745,12.07824495582233,12.02305881348055
12.047388076782227,12.051382009470977,12.037769838471542,12.051960814371645,12.051365144466338,12.0664270064478,12.077676615757813,12.051113430283579
12.146621704101562,12.133076060274778,12.16147093271588,12.14964856031177,12.149800110864447,12.154794372543474,12.139403856983334,12.149681351494133
11.9512939453125,11.971134766372517,11.935715278603219,11.995179592109357,11.992263565882237,11.977000014649594,12.016732516077072,11.978904098596312
11.82337474822998,11.780893587745453,11.804879947453758,11.715202441495018,11.71670351195245,11.804118316992387,11.759793355371237,11.755595079593112
11.97977066040039,12.02245328994714,11.984826062225194,12.003004436739127,12.009195409716455,11.984161343156867,11.992266613576142,11.995172826502834
11.740936279296875,11.694106366724736,11.735838603842373,11.741620101358649,11.741424883652467,11.738585469233616,11.842236406331555,11.740950217597407
12.336787223815918,12.370113911943697,12.361464248794709,12.338941862179375,12.338537133515324,12.350046063141777,12.358798024384122,12.340020245300401
11.613560676574707,11.659610090170876,11.651851397987938,11.545395001321763,11.547255775069527,11.649600921274953,11.588969419043872,11.576520292767164
12.260793685913086,12.372928058723737,12.283118991093474,12.334421613247669,12.334150880172855,12.286363533356988,12.141539457711714,12.308328890160713
11.980945587158203,11.988495022197538,12.007945587159423,11.970933936725412,11.97188500292418,12.00733134621343,11.984184555794167,11.978002028070222
11.985578536987305,11.96059773550264,11.97489264628794,11.903656589530241,11.90259888536563,11.952422689184846,11.896833207128452,11.932748923133943
12.3631010055542,12.343059490429328,12.369124631116458,12.452287179015125,12.456583529019804,12.353724985955031,12.505402864156405,12.417415951423582
12.358671188354492,12.394479472139048,12.334966279928617,12.327699997042277,12.32683252935595,12.373937806697512,12.323860125621126,12.339898896271421
12.187621116638184,12.2063290269442,12.176911537814277,12.212693845265145,12.21225635082593,12.201632557947768,12.178192583415596,12.203420167339253
12.001715660095215,12.018226513662585,12.015185687288696,12.001628402885373,12.001320931840876,11.98813961174952,12.049424683420915,12.001167908178896
11.85685920715332,11.83730764513862,11.859995686846078,11.86180225455896,11.861782620334603,11.83688810052444,11.874097282798648,11.858518202057098
11.496064186096191,11.424085610134917,11.565028756348234,11.468212284283359,11.468694422020377,11.493452089863927,11.608244735642321,11.481766659097172
13.064576148986816,13.051852267009627,13.052045225528076,13.015973497815954,13.018511055676914,13.024271381345807,13.091906231773164,13.031843415496047
11.880744934082031,11.898251652408252,11.84987047794885,11.918951880327121,11.921555285313138,11.903571977563223,12.07254696717504,11.904735158265193
12.222053527832031,12.157124388118074,12.186200368212718,12.17719076821038,12.180911863021924,12.22344303992943,12.206077645517674,12.19387048014449
11.747353553771973,11.715933910666287,11.75344042288311,11.704273669837638,11.710478753638576,11.752072809185654,11.60733523953139,11.722487846215353
12.144917488098145,12.141579020582792,12.160707031573795,12.170547203105798,12.169567522215385,12.130028103414972,12.149507585033072,12.159928083268058
12.991250038146973,13.063786508106482,13.127109090535155,13.050396574514942,13.053913350510857,13.02245937157464,13.275829251377,13.035420404095836
11.610774993896484,11.68539172147052,11.693340581723756,11.535014389860583,11.530756860738718,11.63920037708615,11.678448377988165,11.56960304188186
12.240756034851074,12.180838934592664,12.244182614495188,12.282964462530527,12.281487074565106,12.222596323651416,12.335700805443338,12.265051926348642
11.80316162109375,11.773355409587351,11.7971611309542,11.773679633612854,11.777851802882752,11.778482581431625,11.816734299348461,11.783669692931761
12.22846508026123,12.111275077714964,12.213717406843687,12.21168868841975,12.21372436285242,12.225262001659909,12.317171167298682,12.217675059035535
11.863368034362793,11.899419048790218,11.857720538824923,11.826692850783965,11.828589431958832,11.882971910021695,11.982622797311857,11.842505006137632
11.72994613647461,11.741176558690862,11.718199306479306,11.848904412670073,11.853247523952195,11.711104744911092,11.571203807011969,11.800962297180305
12.097906112670898,12.094288941921727,12.071517463407663,12.17045914663979,12.17487314481545,12.169150035524464,12.10625783509458,12.146753045997556
11.909524917602539,11.900527188760352,11.893435279217586,11.918923113820384,11.924347561127066,11.906737809806154,11.881041706925902,11.915038916609802
11.345841407775879,11.441382822150757,11.591221270464219,11.293737420053674,11.287753249969104,11.411500564134762,10.932999821119937,11.328153475450936
11.953818321228027,11.963128833529883,11.946349424537296,11.968284412462918,11.968038119484081,11.957376339719866,11.969723533345908,11.962549088471862
11.687088966369629,11.659841726802453,11.652795082469416,11.640803222415107,11.646423500054329,11.697611750893264,11.661354090741,11.659004135046771
12.278129577636719,12.267754873142703,12.317473494331514,12.225732311414523,12.225244908701422,12.232898662496172,12.323415584358154,12.244452340657805
11.82600212097168,11.799196511244443,11.81101206455152,11.822298384250413,11.82231468104874,11.779847522460777,11.827743504053695,11.819746471628493
12.550612449645996,12.517267292883119,12.55091505475963,12.486847953221265,12.482499162058568,12.532727493713088,12.509877789891931,12.510000024554017
11.885290145874023,11.875592785357087,11.869710178330294,11.91347889933476,11.915338535018082,11.923390289309733,11.951186847493476,11.904839045741578
12.297881126403809,12.292380478563668,12.330351622018885,12.303567164638118,12.304783661874284,12.324548258694799,12.319405795112926,12.304758648768942
12.159457206726074,12.161030469352623,12.177591976957215,12.11737779249338,12.116539633149433,12.161142470203927,12.117246896289503,12.134616464375823
11.414921760559082,11.452167157662657,11.427968377581232,11.372194680176664,11.378504063797307,11.399013652027143,11.440365524765756,11.389043554390211
12.09577465057373,12.158905900205498,12.186734129885762,12.23688153105739,12.234755551697248,12.184242845504766,12.323860125621126,12.191530790542936
11.924907684326172,11.943307030931425,11.883682861781631,11.912794366446228,11.91438084274115,11.927910860468364,11.845827048676645,11.9162908378333
12.356648445129395,12.409671633077421,12.380151583095957,12.363829434097497,12.363493695218397,12.399670157607545,12.357079818283598,12.36509286757308
13.071146965026855,13.097041769122395,13.032598188037376,12.933410965364507,12.932284422319503,13.033798527513685,12.861001210669146,12.98292884767764
11.588395118713379,11.582257242135844,11.56396996587527,11.534147255779402,11.5378071725987,11.59873692063161,11.603688960617083,11.555616238891263
12.163599014282227,12.153591825249316,12.159709020938537,12.171362545434167,12.16978186705042,12.1872877620603,12.149507585033072,12.16972032491068
12.078452110290527,12.080275758291641,12.086261642956977,12.228968975540136,12.233107107736739,12.086223741813734,12.128116509451258,12.171387993795753
11.904016494750977,11.904457105964203,11.875037217156876,11.922706947086851,11.923086600606057,11.94843449609722,11.900912042974875,11.917536214020943
12.025300025939941,12.017602851746041,12.043304648801945,12.055305717566855,12.053195510125212,12.020857488202944,12.019749091416921,12.043695648479213
11.927678108215332,11.91220705207684,11.917294300654216,11.902742979417006,11.902995979192864,11.92772169176703,11.92504173829169,11.912126596427683
12.321596145629883,12.32326966113658,12.340822745231256,12.374238475151495,12.374307812141984,12.339605040098025,12.37581963951765,12.355725697770291
11.957554817199707,11.94975983087199,11.985034765258629,12.038871457939134,12.034620600342114,11.999743552892127,12.025755079404917,12.01072122721676
11.849872589111328,11.828605173889425,11.82016408309017,11.825993965017558,11.826970574075807,11.854724757584156,11.849047640327147,11.834626436840624
11.800042152404785,11.76336906733076,11.776159645157268,11.722211401542715,11.724425169597449,11.81878366820785,11.759793355371237,11.753386206365324
11.80533504486084,11.811686134023287,11.853835514840359,11.902252590565272,11.898859321842641,11.804938532058571,11.941462360646149,11.865802424168013
11.499007225036621,11.45842867593501,11.501393608251576,11.504482556483344,11.503048344755442,11.523237463274794,11.51293546492023,11.504047040174541
11.844700813293457,11.865596831602769,11.835518042050582,11.910640478840197,11.912452986084581,11.884151307723352,11.87757552297847,11.887563268204396
11.722447395324707,11.768934728139211,11.732419029653892,11.76780652305985,11.768938828167638,11.807447340788984,11.779136168550774,11.756838049073325
11.798940658569336,11.779850514688587,11.803286351806365,11.8282303108538,11.82634714536546,11.749350006489333,11.849404844423074,11.813050978695124
11.801107406616211,11.792193657659151,11.821055930113381,11.897476600026938,11.89832417321867,11.792269206755526,11.967187086434018,11.859978063717348
11.966994285583496,11.944112498909341,11.947032077473173,12.006225314684873,12.004870149555012,11.98844371023328,12.071975378543236,11.991470361431112
11.733553886413574,11.812797976757318,11.702140273438964,11.724457484752152,11.72047953120401,11.722053541878395,11.856522261533737,11.725430745630938
11.86655044555664,11.871565736696379,11.888065967246671,11.83296231373786,11.829850189884056,11.791270910664943,11.944064817531656,11.84106651935469
12.04648494720459,12.138822093619526,12.156932238589022,12.110349040584286,12.10732174166338,12.0571273881494,12.049424683420915,12.09020022262622
12.200434684753418,12.205256493944999,12.165558953207748,12.253675627318279,12.252085906357125,12.20029678351122,12.269052139516223,12.231212706584614
11.782927513122559,11.71817598833834,11.781202138815805,11.77040006436025,11.77279326780913,11.798652729747555,11.80186424743109,11.776684149518251
12.293901443481445,12.188172717938603,12.285876157603353,12.329642546393355,12.330840700340708,12.29997241348633,12.388398368982115,12.315908869473587
12.105413436889648,12.123873322416578,12.120788124905554,12.069031714337315,12.065487022897473,12.090021778950435,12.138869243416009,12.082343963477566
11.856441497802734,11.893197929997584,11.854594860412798,11.824771160671043,11.825156449978074,11.876571943440434,11.78676973513378,11.838633194850487
12.250621795654297,12.304946954526878,12.270654945736156,12.153042695686802,12.15320521071814,12.267998414050213,12.278397958261774,12.193376145306727
12.06340217590332,12.009850217315043,12.08207853471142,12.052046217353151,12.054705302525909,12.003555081582627,12.00762780434872,12.053156432889303
12.044159889221191,12.052015871317314,12.065074724448806,12.078147079142264,12.079439671119687,12.041884527650916,11.970356641102999,12.065662579902526
12.013662338256836,12.16192250463336,12.024463932919584,12.093041048523453,12.093535934896494,12.015335537353419,12.04355959836804,12.062562288031385
11.848404884338379,11.868333761212886,11.876809165941673,11.885546539504173,11.887350468901532,11.835222850774336,11.751950239425476,11.871385663380126
11.911422729492188,11.888800675266097,11.913864776845832,11.922091793110074,11.920398232244468,11.86793553570558,11.898194668458823,11.914602881109484
11.916595458984375,11.92174560763318,11.92598578732092,11.942573398233419,11.94068559649337,11.961113268205393,12.066816325306588,11.935828614864446
11.996516227722168,12.015038442057701,12.004113195346006,11.95491449416862,11.953312054608839,11.92681693677633,11.931642378754141,11.966189736768605
12.367403984069824,12.331224200984263,12.37544557389716,12.355788820390902,12.354062394312319,12.409064464604329,12.429220196836383,12.363525601406653
12.06433391571045,12.06095331661559,12.060245198569842,12.026149989202457,12.027372705234374,12.058631699057672,12.154521423145216,12.040670386950525
11.800657272338867,11.817400942200157,11.819852586803629,11.820731904671227,11.821022093198781,11.802773028881711,11.78676973513378,11.813831635004266
11.860264778137207,11.90199187439707,11.877287779547693,11.872886150592965,11.873481009059878,11.855013073129596,11.931642378754141,11.868311868160456
11.823257446289062,11.817247935992793,11.844282280584935,11.846885437027256,11.848943361628011,11.816599857469582,11.794345471549745,11.838232520487146
12.227636337280273,12.219805272783198,12.258986049542523,12.223587790829438,12.224317349346705,12.233337958236094,12.43153750053306,12.226944325052603
11.813725471496582,11.829171978798707,11.801818767053092,11.841555431482183,11.841237599249292,11.832513305698551,11.908346971208951,11.831519705562556
12.498802185058594,12.461202558854957,12.466860873441192,12.430424515602532,12.42832579958575,12.502408288877422,12.424810506025395,12.455938603393887
11.79605484008789,11.755890841245275,11.795596978516143,11.735608482831646,11.738349724638136,11.802030706750763,11.767575435251748,11.760039200368272
11.960145950317383,12.005695526179194,11.948351365851403,12.033603246557457,12.037409207535891,11.97274133319976,12.037659911047468,12.00573618843984
12.322850227355957,12.28407198301924,12.313174673820134,12.338457585823011,12.33750478113098,12.310782723085573,12.371591321286905,12.330950096203003
11.517740249633789,11.426861306714537,11.542803689126943,11.448129922799172,11.450525552824194,11.525583774474498,11.603688960617083,11.47727480681873
12.098746299743652,12.094566134386907,12.099954353393889,12.112714345538944,12.112852379366943,12.101076702837144,12.208574513247495,12.107479321746212
11.654584884643555,11.674781484534389,11.63810032001389,11.62274267792852,11.621049290639629,11.69936398753483,11.661354090741,11.637649196200277
11.78282356262207,11.73005380446623,11.764646247137591,11.760710515390869,11.76016197690401,11.774483016937623,11.798111925972618,11.767960649093249
11.421467781066895,11.469689587656285,11.46615213564193,11.415387361597517,11.41277084676301,11.426737964833512,11.104972264124868,11.419643643690986
12.756670951843262,12.651718390572286,12.69065440149359,12.704987245221092,12.705382265024033,12.681738668202952,12.623064399210183,12.717100933804451
11.851276397705078,11.812355506340952,11.834944624401102,11.843738439053126,11.844697515932886,11.83260987262318,11.792456911128632,11.844773188195093
12.750329971313477,12.765793593748324,12.766848925416683,12.762953028195508,12.764323598256972,12.736213497213589,12.765691290604371,12.75779766648828
11.924063682556152,11.88932871591578,11.90267748294916,11.870950243264536,11.871104653626615,11.900862514050182,11.904974309480183,11.889204837403106
11.785445213317871,11.78589445149541,11.821540802945051,11.840519530021576,11.841283414851592,11.82640411786205,11.824087219587643,11.82350800546865
11.977359771728516,11.952018604489396,12.002094668369228,11.969820083640746,11.96851769163956,12.001616757379365,11.964007453736912,11.9754012242539
12.264644622802734,12.265576750034684,12.251607537364682,12.264075666618387,12.263629114114217,12.307722088153076,12.141539457711714,12.266894035872893
12.061405181884766,12.054952383091504,12.060425886423943,12.052884879984,12.053395121712796,12.060091915157447,12.08954444723597,12.056147722879453
11.67288875579834,11.665350178046145,11.639341422274683,11.75117392190748,11.755016301600044,11.724406424176353,11.682676678340282,11.72341173094383
11.65881633758545,11.637242348086014,11.660075824636822,11.587577776602888,11.585755031675934,11.645552606678782,11.51293546492023,11.614340047225278
12.567412376403809,12.555644976069916,12.61985146526197,12.464118572423839,12.463488616908265,12.562544510496783,12.70351207261035,12.506261893074344
11.972199440002441,12.053555450281271,12.030146708566354,11.982726704692578,11.977002538170092,11.981487248814629,11.884495917930655,11.980934262639831
11.85623550415039,11.826470920646797,11.86702040588303,11.892583438733286,11.892650244983528,11.886705562092903,11.816734299348461,11.88103184986225
12.579201698303223,12.645953608603746,12.60741105356071,12.616793770867702,12.604130478510827,12.602204447600519,12.498745990829315,12.603378594920176
11.965747833251953,11.871416631986646,12.012682964925961,11.997549982292309,12.000120794802946,11.9575332701877,11.915058360753719,11.9866853877589
11.626834869384766,11.651135375691132,11.64575857606094,11.644281490334928,11.64483823955532,11.716161425944374,11.719134432217524,11.644858064684662
12.036210060119629,12.028823427231352,12.051167986289467,12.031580345387097,12.031265524840892,12.01659080031405,12.058158312538197,12.032513104709983
11.926484107971191,11.916891646706828,11.921536355270884,11.955709721711115,11.955135069420763,11.90513738606454,11.947955847790901,11.942419365182566
11.908231735229492,11.95298737705005,11.926419465419992,11.896797341676471,11.89555844755927,11.91468116708494,12.013706813470414,11.902335940501501
11.653844833374023,11.599923792394241,11.64657494834023,11.681183229835833,11.679274774224194,11.674352114481193,11.685693195625964,11.671462649626616
12.019394874572754,12.035158517956699,12.037767025370547,11.973856445128645,11.973643230058702,12.002728500652859,11.849404844423074,11.99118248030031
11.430148124694824,11.396689071305751,11.451376528269982,11.436462047436033,11.437023670906196,11.44279444824093,11.575909653758895,11.435842962513982
11.901533126831055,11.891487764973274,11.89236707866972,11.866087440909167,11.867394700161306,11.864325573705745,11.870278179170796,11.877019234617286
13.120240211486816,13.094055058608971,13.170093383739216,13.04740615353834,13.049300389044253,13.037105960096998,13.323928581764989,13.072048485561822
11.810998916625977,11.77803213980735,11.788175760089624,11.79730361606585,11.796741871958261,11.797825630787596,11.813037464800539,11.800711266631057
11.673930168151855,11.685488623503234,11.644856558939304,11.595468192863285,11.595024753426438,11.644303500659586,11.608244735642321,11.622798169425975
11.911681175231934,11.903308359784685,11.873298398433526,11.910728181026988,11.91000543081803,11.882126049248505,11.938199736300925,11.907290824444537
12.089107513427734,12.070708595583245,12.08308223975467,12.1034585979783,12.103391191491454,12.108387103873406,12.100717685412471,12.099006419126766
12.343350410461426,12.365841643794644,12.338422751334098,12.417640526384034,12.41795170044019,12.393183347669993,12.388398368982115,12.392048296061192
11.705022811889648,11.717177176757342,11.680048461285342,11.65673123773158,11.656504483255722,11.713625884530845,11.74006900564972,11.675250132928744
11.774920463562012,11.814877788647006,11.776119093200968,11.691793647022159,11.692351109808543,11.762043364286882,11.759793355371237,11.723524840600184
12.463786125183105,12.433063373296894,12.437333057274031,12.447570029368675,12.447838890336273,12.467493775249356,12.449022745701502,12.453162567506693
12.386974334716797,12.380040647221742,12.447954518909434,12.350992198096959,12.354035284140041,12.32744033206361,12.429220196836383,12.36352293762833
11.790956497192383,11.785818719051612,11.781970491322307,11.723939358572553,11.724778985346319,11.76596945075941,11.782960235741939,11.748090863887937
12.124441146850586,12.063528371118494,12.100112953394977,12.082398464241601,12.082954300193977,12.134005087342487,12.066816325306588,12.098660117106608
11.89022159576416,11.876116123253574,11.863386726612033,12.01082786893248,12.012667155438313,11.92538026042259,11.946660519211651,11.965310955114676
11.889164924621582,11.899665436437347,11.884338435426644,11.922565811282135,11.925613103572209,11.869558173794294,11.874097282798648,11.908207591571667
11.565156936645508,11.566079226657548,11.564899794815673,11.520266302019738,11.522588950806838,11.541765271142875,11.385103457032141,11.536396927274293
11.932905197143555,11.9410250863663,11.942298194367629,12.016008427929766,12.014923043986348,11.835812777777166,11.884495917930655,11.976546479836488
12.057960510253906,11.988011467114875,12.058493748838739,12.030144768245117,12.034224497935819,12.073277626830425,12.065280672855897,12.04268135584282
11.280501365661621,11.261853648909502,11.213144491108839,11.396515990554931,11.392074729790236,11.308949646180315,11.225256725762893,11.349917302943435
10.880077362060547,11.193827293510665,11.115784609082521,10.80347399117575,10.800437810606233,11.099745119035239,10.471978128496518,10.858800222014281
11.785618782043457,11.714850361856131,11.784345636494702,11.784101964059992,11.785697856241342,11.789948860712155,11.813037464800539,11.785155497128185
12.481996536254883,12.447813843843965,12.463320720326351,12.46697581021195,12.466885251759688,12.44129692654878,12.380030154325457,12.469097986531319
12.066685676574707,12.035363511990129,12.062061871565096,12.167597183216431,12.16651610219659,12.104398833278305,12.081081821061819,12.130528118537987
12.16263484954834,12.154166045133211,12.17856637030106,12.147420709607069,12.146391529528499,12.175753737043763,12.211065162153215,12.154865756543517
12.071442604064941,11.978560772345189,12.111448756198783,11.967528002748884,11.969239516154705,11.950062306613473,11.890683588496984,12.001109307790879
12.041350364685059,12.003575386929569,12.064106970372974,12.103650935847124,12.103672952448333,12.07913304449436,12.043500773454495,12.082948128525222
12.184822082519531,12.162574395472175,12.180502760537854,12.171460184680663,12.169860171420417,12.174389513866045,12.170450649220749,12.175559936950151
12.16238021850586,12.03226361888955,12.171735316069121,12.229459110796682,12.228249785355844,12.198165783795567,12.242891437918386,12.206049617191796
11.927322387695312,11.891194173330094,11.92490374752084,11.943981004259763,11.945524214619285,11.925093309679303,12.07254696717504,11.937378535274188
12.494593620300293,12.471470039161664,12.501969433036166,12.59140885837599,12.593417209172962,12.531619207490895,12.560247968016562,12.556747995112577
12.122467041015625,12.089894825399469,12.11755760540541,12.099118489226331,12.098047731227332,12.096162070277309,12.07824495582233,12.10600067197997
12.420450210571289,12.420562191711312,12.441394766389434,12.429165016046705,12.428974626354986,12.406909576460427,12.373707715234994,12.425574068632264
12.339900016784668,12.372903939524592,12.37209246622413,12.301964443303142,12.299246447164299,12.35165952733475,12.310437165348775,12.318662760488621
12.305020332336426,12.334644984165477,12.342892976198566,12.252728066453887,12.25246009617465,12.299954429649748,12.211065162153215,12.27433365707485
11.731919288635254,11.744605086460998,11.747445578363255,11.746489583424918,11.746363711178594,11.740156670938225,11.674202123168433,11.741998986246008
12.529953002929688,12.547062484272656,12.614021790164646,12.594803787907033,12.59527345683364,12.592327397895895,12.676079399771027,12.577437512947128
12.191962242126465,12.182986355549554,12.166504771743753,12.185854719052099,12.184166122443814,12.179113702886607,12.154784614286667,12.186072434244977
12.330550193786621,12.337790173647557,12.328773719227785,12.402447290683767,12.39420645408682,12.40145516281311,12.396697137361691,12.37844578854454
11.286535263061523,11.333645379670822,11.277052374206658,11.477102583628886,11.478570806349492,11.366589050740648,11.288543647320601,11.408141082789049
12.085834503173828,12.059195330162847,12.084137650938148,12.146978953395434,12.14602904072962,12.081976868398234,12.127575825689417,12.122559040280246
12.339673042297363,12.36602709532762,12.386894498587498,12.331029897175494,12.331216432608297,12.34806271918435,12.441148720271016,12.336958607017529
12.429620742797852,12.3810771552153,12.416748672832039,12.44303003236811,12.442159361610159,12.414732323018615,12.387560521575551,12.436056866892988
12.388751029968262,12.392664539309871,12.415170747349913,12.32492829006736,12.323812085905999,12.359683277938384,12.406565597924235,12.348719171546518
12.114404678344727,12.074134255231113,12.113275138001566,12.084612541163562,12.079322286419503,12.148105987087492,11.924379271639218,12.09808649961038
12.317224502563477,12.295508384660247,12.324221478406642,12.285686253674355,12.284334254385506,12.332924339604384,12.273735966890268,12.299317796477899
11.745370864868164,11.686375310324852,11.792569636091953,11.730348157286937,11.727610623651348,11.72913484340953,11.918397239722838,11.736609615675173
11.822955131530762,11.829180827881729,11.823061885869075,11.860332303169661,11.858530042150086,11.844090276040045,11.870606902224587,11.847035194774309
11.969231605529785,11.918449346900008,11.939154856876083,11.962169712779446,11.965642251498505,11.9990132462971,11.83138646878959,11.966335934295664
11.822834014892578,11.808172519573006,11.826746162244001,11.854929017004604,11.857914521671303,11.81082314766396,11.735276702486741,11.841986684849864
11.911293983459473,11.914702434444488,11.93569740997521,11.839526944197834,11.839332506673403,11.909355569641571,11.870606902224587,11.86845847843803
12.565231323242188,12.514048363571824,12.553045759661023,12.499317262614836,12.49791469248071,12.56834568247961,12.506180941677357,12.524709347105594
12.214821815490723,12.227419323319985,12.205919518347999,12.251233318661978,12.25032442631899,12.216565733652464,12.167856627501678,12.236629955067347
12.08966064453125,12.06148613477178,12.080588458230462,12.125827907362343,12.12385555641357,12.113880519725948,12.193498926601634,12.112841924545489
11.848176956176758,11.84254685966458,11.812911258375989,11.810600562504197,11.811438758966544,11.865682445369233,11.767575435251748,11.82529104099621
11.717034339904785,11.738521649751823,11.696285827736025,11.660501321400679,11.660162879382435,11.66034950478669,11.694421681264394,11.67759477036976
11.798474311828613,11.756921677728775,11.795314577333787,11.773237345712875,11.773997206793345,11.800144408655349,11.804855999911272,11.783210891450398
12.02794361114502,12.043269385458562,12.045241689559989,11.974022878065297,11.9759075765297,11.958321114855798,12.055255569732177,11.99093903876352
11.761220932006836,11.794571730558054,11.788952956527266,11.661961255633933,11.661322205510718,11.748768253432274,11.755879486687116,11.700968971758591
12.045720100402832,11.995791187793632,11.987032781763817,12.019132481373791,12.017718602899187,11.962170125104379,11.884495917930655,12.02085791978553
11.734086036682129,11.760264319360253,11.760166099525398,11.679776404366596,11.680925076739104,11.7430057368732,11.728044909070785,11.702897844934187
11.782723426818848,11.775553518447728,11.784876832271275,11.738199315129451,11.739396322308293,11.740515027300551,11.790564777297387,11.752761817022407
12.188897132873535,12.205289110470385,12.18534764098551,12.186039712676902,12.185524413838255,12.193683994227651,12.128116509451258,12.187307007369231
12.05586051940918,12.036554634008356,12.038821428208546,12.028470584293812,12.027057717575579,12.05671839390309,11.951186847493476,12.038407850550037
11.707113265991211,11.693313332849772,11.726488480959581,11.743254137647517,11.744948338192149,11.66354551952539,11.665655135642039,11.726869419453495
12.443262100219727,12.41363192937264,12.43931615700488,12.490095845803168,12.489951854051032,12.483336340831936,12.513561021741964,12.474525461776135
11.945931434631348,11.965594750080962,11.94931342029419,11.928411634367684,11.931415340057502,11.963523655124519,11.951186847493476,11.937068048648676
12.53825569152832,12.568397864978358,12.53510177269439,12.546131156603131,12.543825147853717,12.503738786661632,12.384223015005313,12.540098704446988
12.258469581604004,12.280915575264613,12.28289898727287,12.294438075070984,12.29332370061581,12.285625227968094,12.277932735946903,12.28319876694708
12.039544105529785,12.01692667884295,12.047942810227704,12.058260161438245,12.05946673484108,12.0567001767379,12.094587859196112,12.052675458809798
11.878740310668945,11.857993448716396,11.888735384269724,11.864374445180475,11.863992967434248,11.891024692626736,11.982935344196433,11.871264294216836
11.801143646240234,11.77780717792628,11.798373494455497,11.778773301612166,11.778527697717424,11.788545561806899,11.813037464800539,11.786467494790172
10.896154403686523,10.91108193840792,10.975682705690996,11.163401792256053,11.167992064032434,11.018625869517505,10.542732775946709,11.071486782861582
11.714910507202148,11.706012917166131,11.695081172030811,11.766364794410908,11.768867364033982,11.736001729519238,11.849404844423074,11.747263344590024
11.23654556274414,11.218066744726721,11.1930532098365,11.362683124414954,11.362726738908572,11.206409958466843,11.813037464800539,11.309301508332705
12.098389625549316,12.095183697975843,12.103337437743075,12.099682017804811,12.101096196268832,12.104339340764499,12.06105265381003,12.099983173060417
11.694709777832031,11.713644354682906,11.6707399790872,11.666504352302246,11.667657430634527,11.713636651609434,11.507922973347437,11.678121308906201
12.225010871887207,12.200936710130257,12.213043132986511,12.235887627662569,12.236666370028825,12.25950484897027,12.111767460549332,12.233779791623673
12.173592567443848,12.180440666430387,12.186489198453078,12.10173839100705,12.101083341880642,12.14572656306824,12.02874460037869,12.12827474696764
12.028115272521973,12.012021033246175,12.020531686531744,12.096616879780015,12.095264517070714,12.020692006018491,12.013706813470414,12.068766635814836
11.383793830871582,11.366396899058342,11.436885449661391,11.401603547964358,11.404277858545747,11.419347119926618,11.356283350762888,11.399706001871884
12.230777740478516,12.168112892697362,12.261760448957117,12.22782220890708,12.22766984183268,12.23013689539927,12.20557752297723,12.230162569391162
11.621254920959473,11.623388019700911,11.622648205086847,11.524027403100664,11.522838076958097,11.638149600719593,11.608244735642321,11.563274513747261
11.846611976623535,11.856359264536648,11.862004411398706,11.837848314569078,11.838635068386274,11.83616470138492,11.842236406331555,11.841226109713814
12.09064769744873,12.069988404943922,12.103176899456683,12.264734106435162,12.265470591480371,12.093812714722475,12.091789104493502,12.197362182712132
12.66976261138916,12.70815285510165,12.704133379827585,12.642144024360007,12.6444628180129,12.697954716545116,12.724869415131389,12.656703785724435
12.067893028259277,12.056593517839568,12.082783567489225,12.010467325512106,12.010459227914817,12.06354615181955,11.982278882874377,12.033242346504638
12.469451904296875,12.466629499770285,12.479560282423472,12.419370384014933,12.417682315733588,12.469056130035247,12.45254592991672,12.439165208138869
11.722722053527832,11.711459224795737,11.695023703281336,11.766796627296955,11.764020492656146,11.72411751613016,11.744045122410057,11.748184340797641
11.787436485290527,11.816465222516811,11.77478766478741,11.759582185700758,11.766584120403694,11.74700124380069,11.736077016252437,11.767845394380611
11.819757461547852,11.881978082582393,11.809403967502586,11.803280981945734,11.804814657213452,11.824720403350467,11.669937760751914,11.809868345422398
12.86715316772461,12.856103507571001,12.923051465284656,12.852109992002632,12.852816578284957,12.925152406841278,12.887129532148373,12.864613406688845
12.146934509277344,12.135987587651266,12.134850444750198,12.126936483786796,12.122121116462948,12.154524629508764,12.180759965737863,12.134265286164371
12.134721755981445,12.133239595448844,12.138531190959895,12.197690782164743,12.19837096780077,12.172669595052527,12.190964083849375,12.176054042909241
12.629233360290527,12.653188062508342,12.653681073294576,12.60974465049376,12.61104589642531,12.651739747531595,12.759960632315702,12.620178732741593
12.103935241699219,12.180183327980307,12.012121135926016,12.059902358433595,12.055130529478422,12.15973452667503,12.031725210748633,12.076992721791513
12.205330848693848,12.146001968679645,12.185813458998728,12.24083666240172,12.240374626423181,12.170801450340056,12.138869243416009,12.223541278319178
12.05967903137207,12.05002020945728,12.060625973043186,12.094834180608178,12.09468034636211,12.061325272359378,12.066241450757124,12.081203161950384
12.783679962158203,12.768382801905753,12.788902314959202,12.81458349247744,12.813763710969724,12.804653765707407,12.729323752253295,12.804134521549187
11.703128814697266,11.707263327711043,11.70598030262482,11.644924665812306,11.646982469742255,11.631415030530073,11.7085004721646,11.66280359192586
11.818574905395508,11.826030463959448,11.797950705669603,11.808500244242566,11.805752401998827,11.83950910182014,11.824087219587643,11.812828983752407
11.947416305541992,11.905687127234003,11.953318275899196,11.986774348390831,11.984855745821315,11.980663233447228,12.128116509451258,11.97381319070076
11.33258056640625,11.270497601129637,11.338664993279357,11.30986663313787,11.307912662543862,11.396464916641344,11.418625774449598,11.323482804363314
12.091933250427246,12.096140121377333,12.112208641618905,12.154429638952791,12.154310534223201,12.11855558083799,12.235636302128867,12.132710866519902
11.111141204833984,11.132486951578716,11.239143538294133,11.16579280137489,11.158407221252252,11.24001188345488,11.314486721293981,11.158148890947567
11.404476165771484,11.506104747776376,11.412366993666437,11.373896597280543,11.3749309813781,11.394426590090298,11.362114203075018,11.385577605778279
12.416290283203125,12.406758801557654,12.427520357283585,12.341211578911436,12.340001565768853,12.395844883711296,12.354496960983985,12.369424203058816
11.905854225158691,11.927796949669364,11.895333897448582,11.94816733105614,11.947649810894337,11.870607315833347,11.827049837927534,11.928508083210048
12.16236686706543,12.15134876452241,12.147082464039727,12.116422753150822,12.117692350056286,12.157141768951371,12.10625783509458,12.133572999773383
11.80916976928711,11.798387460702449,11.801554196822067,11.879775763124055,11.879881477911354,11.82239156017108,11.917730355182513,11.852796099669979
12.03264045715332,12.004470996827212,12.046352571527265,12.054071232201085,12.054831505720859,11.95137998373399,12.004574385508691,12.040331525378496
11.375255584716797,11.31851225557445,11.375067375888776,11.402952127098851,11.40301304744925,11.385827756645504,11.385103457032141,11.3928807830887
12.352286338806152,12.385354525017393,12.348881842026689,12.379835313101832,12.379876495536214,12.334165763347231,12.388398368982115,12.36757557957008
11.632402420043945,11.656301458083359,11.601582462843789,11.547943334364943,11.549798560692855,11.633067748152431,11.532737896139919,11.580060326292589
11.696099281311035,11.701569993587995,11.749017319376435,11.744581878659702,11.748395911109709,11.737768308560351,11.813037464800539,11.731248695779824
11.573850631713867,11.56138319074596,11.573483829712943,11.56680498927998,11.564315976235726,11.617464435079297,11.51293546492023,11.572465366983966
12.008439064025879,11.946780323316233,11.990272472944591,12.0102385726392,12.010751814615354,12.01125074869273,12.013706813470414,12.009070614086408
11.533601760864258,11.574475519228404,11.532395875870755,11.43084365756245,11.43435148857044,11.462748312944289,11.350418300109132,11.466250552200558
11.679696083068848,11.657989827589155,11.693351429589326,11.65383044365042,11.651102274938834,11.692402904238662,11.688566422839942,11.665122246229203
12.246551513671875,12.200986399802195,12.232834269281925,12.286597656326473,12.283938665230007,12.2571355315457,12.33270970174018,12.270817823321467
12.284259796142578,12.268039120818745,12.29672420362669,12.310632314949018,12.31056564265848,12.286726461017102,12.220966184120165,12.300976746319535
12.10688591003418,12.138031954136434,12.126851910997422,12.145799225897688,12.14717063003659,12.077148947660406,12.141539457711714,12.129332605040831
12.025408744812012,12.033597329192002,12.041579214762281,12.000573461902619,11.996813578737873,12.04671014751042,11.982935344196433,12.012072418062825
12.15872573852539,12.1502158282705,12.160319381461855,12.140876981958447,12.14233974741391,12.1618022636534,12.271349956195543,12.148335672886818
11.921072959899902,11.931989602012665,11.894753613332941,11.94333381981453,11.94271805838633,11.946477752451742,12.07824495582233,11.935351041382273
12.193859100341797,12.198141129200183,12.18464434632658,12.208600435390805,12.20889765427698,12.186888575276404,12.175618592671356,12.201976376799212
11.645539283752441,11.70980165340873,11.644623448419445,11.605359334308998,11.6060205433634,11.603163528924336,11.373674891823535,11.618019741306487
12.144198417663574,12.160088010165076,12.14135487020466,12.102090268223877,12.10294648428977,12.146360258490505,12.160033942617156,12.118733624719543
12.652445793151855,12.632266249829893,12.569928684899539,12.601473065594279,12.60138837791111,12.666097378023322,12.567240979056246,12.619113429326923
11.747915267944336,11.753590628012562,11.74641034115754,11.691099424084445,11.693418751283184,11.720482248947034,11.630717389475995,11.711553286571766
11.842208862304688,11.860397847243092,11.863651024691547,11.872172748038704,11.87163861535255,11.839875825970859,12.02874460037869,11.861062126897114
12.741718292236328,12.769445893848571,12.67668771891687,12.591881777871006,12.591107743076341,12.740913664945252,12.588194064175278,12.647808390519709
11.719697952270508,11.737325637097742,11.718856326467186,11.651038142831244,11.64973502240917,11.702176186017006,11.561725152903833,11.676454156649637
11.692605018615723,11.705005142076747,11.707433244910934,11.681146526576097,11.68121568295435,11.710651446269454,11.678448377988165,11.687570772613139
11.836841583251953,11.90738674246019,11.79927879837665,11.858348518256028,11.858158766803573,11.756941136156776,11.982935344196433,11.842499722171269
12.353370666503906,12.401070549524237,12.379878290594979,12.308673099681236,12.306091132053751,12.26086016027102,12.190964083849375,12.320124446354779
12.676377296447754,12.653102167786765,12.688936191182925,12.692478847393486,12.692835868508157,12.722765239558118,12.644330802262578,12.690137992195458
12.395401000976562,12.398740017345634,12.400945326714782,12.380509961112763,12.380241901026885,12.368797327967695,12.345838935721968,12.384574344416166
11.6729154586792,11.694452434340807,11.722983993299623,11.754970670189987,11.756947844558505,11.683344704664455,11.693169865968983,11.72584824347958
11.264707565307617,11.225282244624854,11.350427435732934,11.278848333653846,11.279304397139146,11.32250120142907,11.338583982516495,11.281075008988367
12.674727439880371,12.633928526842498,12.662388346349326,12.682469678490294,12.682929953413197,12.715628597358156,12.66191713053049,12.682008730268791
12.493782043457031,12.444017391048334,12.47806464399704,12.434366473590869,12.4317907901196,12.474339519844056,12.567240979056246,12.455267573600754
11.573673248291016,11.516817952352431,11.515016111161454,11.443020863924694,11.44032861605554,11.51991123762093,11.48247656671073,11.487556367839801
11.21461296081543,11.202768075606118,11.185816615925221,11.267313890721232,11.26501145989302,11.195110432257385,11.289794413577894,11.243794956036579
11.960027694702148,12.003312104474317,12.004878997741265,11.918498235570542,11.905583246550561,11.969453716464557,11.951186847493476,11.935718604065926
12.028608322143555,12.060199738893742,11.968387374216757,12.044304393950254,12.043291842125438,12.051282265064158,12.06105265381003,12.037278897608289
12.155757904052734,12.147549059036544,12.163856397837197,12.174690925137671,12.176120181893074,12.158290035670756,12.185875040240456,12.167958270577468
12.438846588134766,12.40468051976871,12.438186757784518,12.455836514977824,12.454697797037904,12.474292419778108,12.47717172708952,12.451629360506978
12.734822273254395,12.76036678499048,12.646363194576217,12.679299615446315,12.678206645688588,12.64101425186893,12.535379989788607,12.69044370772105
11.704266548156738,11.671019455128098,11.720083018566333,11.743859896055426,11.749505970408274,11.68460802981484,11.846543632608535,11.728215407852073
13.027487754821777,12.984322316561913,13.01339780113443,13.010078689456956,13.015118302587249,13.033439724435562,13.229569788348705,13.017374536247804
11.858109474182129,11.879261740659063,11.871402710355659,11.895645816343762,11.898638247915063,11.902454739620747,11.884495917930655,11.885103256211005
11.706880569458008,11.7273628333971,11.75124095004826,11.769340906981556,11.771824933502902,11.731388101205322,11.652696102959753,11.748763037125679
11.571279525756836,11.562862555674023,11.546207014982969,11.487932093094901,11.487983035123621,11.586451852482767,11.349241150793087,11.520697538370229
12.132177352905273,12.101314907902594,12.126691712170043,12.138860109531516,12.137175143114217,12.102509824890921,12.080996832096167,12.13363284476877
12.164070129394531,12.12055108427311,12.138019403126881,12.18484861384522,12.184465527022018,12.159119363637705,12.206782393599413,12.175248501607573
12.050265312194824,12.034667230885923,12.066566589114123,12.065208186782892,12.063551229155873,12.009911076876572,12.013706813470414,12.056838538159603
11.852258682250977,11.865522821789146,11.891765538197147,11.84304635199612,11.83505053242181,11.869791657654748,11.881041706925902,11.84857898730601
12.522218704223633,12.550533224113384,12.525595419058225,12.467248589189065,12.466829472117452,12.50622975995034,12.449022745701502,12.487690642150598
11.978801727294922,11.993889562971887,12.000248454140408,12.032173444015937,12.033434646834976,11.974895692052238,12.100717685412471,12.011992568772511
12.223421096801758,12.269348864162303,12.252811235148641,12.269026600153174,12.270701167044963,12.26036817503876,12.13270055639427,12.255268049341634
12.327776908874512,12.336446530430202,12.301612942184985,12.420143824482992,12.42153918315594,12.359381216731926,12.421188057397055,12.385401497263768
12.76845645904541,12.733275635932806,12.707476079807321,12.761458130097873,12.763609633902353,12.784315193189066,12.721888795877375,12.763170113730162
12.152780532836914,12.158632410110695,12.10656081874929,12.228998295791818,12.230798126344808,12.141185496045944,12.301387370778713,12.196639834695704
12.269501686096191,12.218930118418823,12.258420206464136,12.236507980384935,12.2400598045361,12.264853178816967,12.271396795480596,12.249070611070609
11.302581787109375,11.475647685687177,11.569724177597358,11.253398749694547,11.253919623636863,11.388973929890929,11.302216779257382,11.289855629013044
11.723458290100098,11.696327704894689,11.72574560392332,11.708575162268097,11.708366727399145,11.784317658703042,11.407576060361786,11.718957261457243
11.805681228637695,11.81644769717446,11.817038578480496,11.684456359146568,11.682146554171553,11.7875507183371,11.612779849672751,11.730790420852408
11.921276092529297,11.95587458604466,11.9379018812554,11.93297098415847,11.934417077463861,11.933370209031217,11.944714374881176,11.93012396865224
12.56960391998291,12.544362210240102,12.547337822632057,12.531162616007636,12.533822280407998,12.541105167322172,12.700771936142122,12.543544282285247
12.059164047241211,12.090071480351206,12.065789656058817,12.090431797392485,12.090063755399147,12.086211984802,12.08954444723597,12.080398468943503
12.037805557250977,12.03737244424819,12.0253695529145,12.124139543101274,12.127344394321332,12.054262202649099,12.031129798974042,12.091414592079385
11.993509292602539,11.993740027295134,11.911871108460517,12.089240473554915,12.086749507145777,11.984899044730913,11.927687224983487,12.047515886303312
11.754117012023926,11.74308553327112,11.699392053834268,11.74351478184537,11.74593011132984,11.763482203885351,11.813037464800539,11.746443748059203
11.786208152770996,11.8028833937629,11.786836151347549,11.760748852493823,11.761400878991262,11.78675820198755,11.813037464800539,11.770866599796328
11.969278335571289,11.969767410519013,11.969479003995987,11.946232519130923,11.944850136708977,11.968661531168404,11.944714374881176,11.955057424140087
11.539395332336426,11.464579021118416,11.557460655308438,11.598222534028803,11.596318818626862,11.624619203247857,11.424105180165641,11.581956102093063
11.906980514526367,11.8622754569524,11.94277594583307,11.900450689568896,11.896135756533791,11.91265607689419,11.979805470779858,11.904350993102264
12.13818073272705,12.204041888638324,12.158417961872297,12.12112490950131,12.120074228628024,12.122911813245992,12.175618592671356,12.12737049397462
12.199604034423828,12.207544284237725,12.234645563524182,12.147926605150005,12.149853414530549,12.191938576031404,12.299112067295642,12.169249152661953
11.953798294067383,11.942651929869676,11.97087865889609,11.928612886775046,11.930842555023272,11.98464312969322,12.04355959836804,11.94170773587185
11.800323486328125,11.848572778973248,11.81251663360431,11.806923514898681,11.808626772813522,11.843511447024479,11.840796531639839,11.808215918940892
11.851542472839355,11.834112657231893,11.850532581199687,11.865417449405268,11.865409706113152,11.871568073962342,11.956976469393481,11.861415946222332
11.792344093322754,11.792110554870801,11.765993124884396,11.786647089090561,11.786905244998366,11.807080405767184,11.744045122410057,11.788934273164436
12.078367233276367,12.043966290748733,12.114362831842747,12.071035932825152,12.07177343986757,12.046334018230315,11.884495917930655,12.073086029358171
11.80462646484375,11.792922547704086,11.794040318372279,11.7044454332247,11.706959324820541,11.774617517935841,11.798111925972618,11.741355310392404
12.160444259643555,12.152954666910246,12.14514282860599,12.172096630625399,12.171277112002343,12.157403207376602,12.165255859329688,12.166593009546162
11.904788970947266,11.845854889858082,11.920540314804747,11.924052773335031,11.922304808160623,11.935931325412843,11.982935344196433,11.919225672834264
12.137954711914062,12.13359254112165,12.117843991269241,12.109076327915922,12.109873630178855,12.12375194032467,12.141539457711714,12.118628454465547
11.962142944335938,11.944419269155713,11.969228198735403,11.988672329533324,11.987285547903529,11.948101911535383,11.898194668458823,11.977363792068678
11.47237777709961,11.436543911343293,11.421973666769949,11.478406937050512,11.475170001991943,11.415496377570305,11.332613886815139,11.469434754717463
12.464151382446289,12.443361582421307,12.444673255794276,12.459597358574209,12.459694610368913,12.504130326182072,12.437188334739655,12.463554365082263
11.818900108337402,11.785238643785776,11.790078122532035,11.927617179518313,11.925126072507162,11.802824191679335,11.83138646878959,11.882382776884608
12.25905990600586,12.239186456539267,12.253543962195167,12.25138661841289,12.250489768969933,12.286196971520322,12.190964083849375,12.25606243199567
11.418497085571289,11.442183472830267,11.377970922555958,11.352231055584495,11.350272349014677,11.394968720175381,11.439289689006644,11.374589451911818
11.907424926757812,11.901276388640941,11.89631004267663,11.974028835100512,11.97487420099569,11.961382809661535,11.982935344196433,11.95156650468932
11.985369682312012,11.980639844116448,11.974733410781887,12.0064947699678,12.007684631450022,11.999860259443773,11.824087219587643,11.999001149217081
11.958830833435059,11.939698331596073,11.94015472955434,12.015935587534678,12.015932544405043,11.974830078989298,11.891368749982085,11.993991095186193
11.786746978759766,11.809687586635247,11.817467414828164,11.777181572314621,11.776900584106805,11.776709269754672,11.767575435251748,11.781392921804223
12.052484512329102,12.036358214666421,12.051100264969788,12.051875005142788,12.05238658247237,12.040049360462268,12.080696479888447,12.05120311318896
11.721373558044434,11.684882497510847,11.735983935159695,11.69348654357008,11.696359418437648,11.676654564933242,11.751950239425476,11.702049401553616
11.981762886047363,12.00050949187319,11.966588450872909,11.976954829859826,11.979462115862564,11.964259125202151,12.04355959836804,11.977238254993152
11.589027404785156,11.580714318004592,11.55168250809636,11.623838667512388,11.628831891458848,11.579789601226189,11.759793355371237,11.608615631990194
12.007919311523438,11.908010459026212,12.03411932906987,12.006297450083915,12.005317871299418,12.032575410478634,11.964007453736912,12.009687456699432
10.880082130432129,10.731657849320014,10.915629206465704,10.981746932118064,10.984498290630723,10.917115167608822,11.002116507732017,10.946410770328171
11.702041625976562,11.720708642769077,11.709736986711768,11.654186778213734,11.65416608486135,11.68838717094319,11.691080018519527,11.672235231945614
11.75274658203125,11.743053900198314,11.775986502734627,11.771957360501636,11.770642399191702,11.752580375550634,11.813037464800539,11.765197631678287
11.883508682250977,11.833990940697642,11.884911564337868,11.934300128089737,11.931838800637706,11.851936644282425,11.979805470779858,11.911837281810909
11.630809783935547,11.627570917424586,11.619717084453553,11.581657822057835,11.583185086324027,11.642485452444085,11.571203807011969,11.601509876206258
12.671091079711914,12.629183223835973,12.69411715081861,12.689006276782496,12.68992256950025,12.670744945287606,12.691583538230217,12.683000010013211
12.14765453338623,12.196949524170499,12.14529388969074,12.162451471613943,12.160964484829714,12.1880727149904,12.100161978566867,12.159359504139573
12.370244026184082,12.319207547457227,12.370971503100908,12.45709386304339,12.460582353513498,12.378427434239882,12.52352951631214,12.424121492252924
12.068401336669922,12.065077717249645,12.08383774959647,12.049395022483884,12.047909513914227,12.060735807218238,12.10625783509458,12.056719405592851
12.60578727722168,12.61087135309749,12.652550689598963,12.653121472735382,12.653174588497572,12.635111634738033,12.54254845357358,12.638629239339643
12.098456382751465,12.132238756116763,12.103036334636652,12.099735011801128,12.09889831427989,12.093929991848482,12.144202560946876,12.098984645151905
12.1837739944458,12.13587198089164,12.157312121777728,12.15429319247921,12.151836326335928,12.21211423951256,12.230770136157428,12.166569771645934
11.700721740722656,11.712273163474398,11.689603008470042,11.694032488945595,11.696759543287287,11.693752038414535,11.774527900858468,11.696018838143882
11.799627304077148,11.771620214001004,11.780204257662371,11.80388896987558,11.804184780559257,11.800091971796666,11.80932691294063,11.801506810967478
11.653658866882324,11.669964615307107,11.679590129828364,11.65755290981303,11.657014809542822,11.696507404102428,11.669937760751914,11.660164763843948
12.608914375305176,12.586130576834167,12.648628429760794,12.693066498757709,12.694991868086582,12.603186851771893,12.669809806411457,12.6615087546885
12.103887557983398,12.086369956973938,12.104042668984397,12.154555248906822,12.153954027215574,12.149002791452675,12.123239799036943,12.13796469534195
11.836177825927734,11.874628913143987,11.838911095427846,11.790364214072964,11.787311879064042,11.877135603221967,11.775297421715827,11.811073472019192
11.87783432006836,11.847923471618818,11.873734807492594,11.76918488217119,11.77234140305171,11.87819829945547,11.849404844423074,11.811988751877578
11.73111629486084,11.675428277335875,11.725791703574622,11.74599941458478,11.74583509799477,11.681736847155323,11.803361242493628,11.73629615114916
11.6753511428833,11.662907478764383,11.643923914520832,11.64610810436609,11.6509115294429,11.626144949627546,11.681832447342321,11.653248757647194
12.297941207885742,12.327026218340936,12.279431622995281,12.31721171225841,12.317948003148286,12.301368842638004,12.268582547911404,12.309257843588945
11.354642868041992,11.381305861993722,11.325278610168604,11.39352296287956,11.388634298163929,11.37227812241855,11.626263078808801,11.377821617484262
11.544829368591309,11.510447564367176,11.523079175976411,11.515340518971971,11.515330149053826,11.510057103420571,11.678448377988165,11.523453121617749
12.065630912780762,12.055923530469789,12.044704809119692,11.988933290484775,11.987085120929613,12.04838336624705,12.007017865994577,12.016643862170639
11.64985179901123,11.612228931705161,11.636909079904617,11.561122259230014,11.557041998397017,11.657635573157588,11.652696102959753,11.595444494281763
12.196457862854004,12.167775675820684,12.160066946992394,12.156147349799125,12.156011068832745,12.18029941996518,12.066816325306588,12.169266054548308
12.298102378845215,12.397188128597886,12.443369389560855,12.390847082611172,12.387920984107465,12.381787416548024,12.464587201678082,12.366181317889389
12.2893648147583,12.32300078047313,12.288743942470868,12.27080306928479,12.269750844104184,12.278431899277743,12.278397958261774,12.277117714630169
11.787449836730957,11.792038408190207,11.794372029416524,11.750785171669405,11.75141949302907,11.765877954702221,11.849404844423074,11.763913939314117
11.829828262329102,11.85499975477513,11.927346763047924,11.810834100527785,11.810491752234242,11.87601072291439,11.813037464800539,11.825565220978012
11.488138198852539,11.432116844365252,11.485941185150812,11.603856755392464,11.605186432906327,11.524343719157809,11.445727410406752,11.561263037112191
11.824106216430664,11.84720069312654,11.78968706467003,11.753733533814426,11.76150712384553,11.826756644469679,11.674202123168433,11.7810437920969
12.452946662902832,12.439081046349829,12.430637439305732,12.362217428104424,12.358814385706758,12.434944873940493,12.386312871189734,12.395126969089846
12.094425201416016,12.09943231827687,12.095876188166965,12.07881625421407,12.08013975590865,12.055692937403517,12.037659911047468,12.082294291370715
11.57110595703125,11.59345470860403,11.608243697581589,11.506210789754169,11.509011129682666,11.56741274887419,11.532737896139919,11.533193358127525
11.746896743774414,11.712165746714213,11.7480418295688,11.716557435396327,11.718489714082688,11.728684654802777,11.686887175419702,11.727378886670532
11.377386093139648,11.360586963764742,11.453754267176091,11.367359875100973,11.372001324924629,11.41262779131623,11.451060699493427,11.37751779402713
12.18368911743164,12.15170243756621,12.195921590296965,12.255584981527448,12.251767951733266,12.198281977179338,12.185875040240456,12.228529756784726
11.77942943572998,11.764646961326575,11.795850257676113,11.670642793833277,11.664309050499229,11.757690183769794,11.87757552297847,11.711559291767283
11.757303237915039,11.778452692081721,11.738104150618813,11.74978250575924,11.749375792189321,11.752134034392597,11.842236406331555,11.751525658024761
12.081788063049316,12.061665862406311,12.049517311000914,12.155914323683277,12.157242099871496,12.076849111215873,12.193498926601634,12.125370906903433
12.849961280822754,12.924734513027172,12.915904180407848,12.863671688663326,12.862089467172897,12.812887703880671,12.959540872420414,12.858035226017206
11.402848243713379,11.459554117291537,11.492897678065084,11.495953917633264,11.498542656735014,11.434134878350177,11.289794413577894,11.465723295096684
11.367002487182617,11.3240669381684,11.370756645101123,11.395089233461972,11.393565108110389,11.391477562776544,11.289794413577894,11.385858056949456
11.759222984313965,11.758284123107051,11.767544790709358,11.74564900010315,11.747799940270651,11.788374529091168,11.91170829631447,11.753708049077346
12.019306182861328,12.035395034892002,12.051744889328374,12.080517033627055,12.077383262005203,12.060051690509795,12.100717685412471,12.060470705000881
12.106488227844238,12.113861509129888,12.099635796192109,12.093585749001358,12.097006084294907,12.087074973912639,12.069685751267224,12.097344263249832
11.61043643951416,11.606705041721614,11.67479768554789,11.678557947011088,11.677356786889801,11.610013203586782,11.669082701743504,11.65428863529851
11.801619529724121,11.814618568877883,11.812429542269061,12.028086049418956,12.02699451265674,11.854772213588078,11.870606902224587,11.943589027183778
11.678794860839844,11.671759402951443,11.673744253827458,11.686329536400645,11.683782885139157,11.742860536547886,11.728044909070785,11.687589523962723
11.895666122436523,11.927286982080703,11.950343402697648,11.946227922723542,11.943950555190018,11.931966166104827,11.917730355182513,11.93102437683252
12.27882194519043,12.263918338034483,12.236059084461942,12.327796912840112,12.328884618930983,12.223545151219522,12.345838935721968,12.30294581715646
11.630539894104004,11.681362751878176,11.68240084321359,11.701725441075338,11.702162372956202,11.644747474249117,11.699413330633599,11.677026955392193
12.317459106445312,12.318164430140019,12.309309888276857,12.302887418785469,12.302781826579201,12.288398376384938,12.215037342290755,12.306113541323871
12.170248985290527,12.126790752214585,12.15570753840528,12.273932838262365,12.275491334221632,12.184650282650555,12.292254928916668,12.233977232635807
12.060245513916016,12.080936107716207,12.077709556251772,12.176839076947568,12.177803599309943,12.044599559239218,12.100161978566867,12.130829973221873
12.25062370300293,12.246587146372105,12.271373038370728,12.239636747838091,12.239519294239928,12.248062748773597,12.345838935721968,12.244573897587038
12.411686897277832,12.416941318900529,12.406664793968519,12.278733632333408,12.27895311401473,12.390831457045529,12.367889578686164,12.329105259991126
12.097512245178223,12.090839912959288,12.106731104099223,12.092466993681095,12.090496982156765,12.085909239335011,12.128116509451258,12.093723396403067
11.87752914428711,11.903479364611188,11.900926315074486,11.82616817151376,11.827725822393433,11.894773121661485,11.891368749982085,11.848688877717478
12.238927841186523,12.310047358116377,12.233867978328963,12.292115753653285,12.292431658026533,12.182297560551993,12.319405795112926,12.266940622755033
11.733786582946777,11.764539826645851,11.73364115475923,11.718171178609568,11.718817017380244,11.766325095991677,11.767575435251748,11.726757811003544
11.727827072143555,11.787912826550665,11.807005101101867,11.787390781286158,11.781190913634356,11.854230565096294,11.59873612138334,11.775816328226668
12.093240737915039,12.16858391570535,12.10858257321156,12.18043331797648,12.177589830649767,12.161582163955268,12.175618592671356,12.1515882602302
12.271565437316895,12.277757351199972,12.255505161881828,12.2706531653565,12.271355731140172,12.315570123619665,12.359527368950229,12.273690487674296
12.471396446228027,12.44349857487079,12.501484258206354,12.372667292578427,12.372424578311474,12.447966060440873,12.41044511731981,12.41080072950956
12.147700309753418,12.144534350346323,12.140234479577524,12.176094855201809,12.175742663660506,12.155939985772298,12.06105265381003,12.16523545793292
12.224977493286133,12.233547704868371,12.202017078522276,12.229283842913151,12.226782832820838,12.270492400599494,12.367345048436391,12.229725618353646
13.262526512145996,13.273857469323296,13.226602823352653,13.196624776510426,13.195943498921675,13.274772057892346,13.345508528717259,13.221815231368707
11.974627494812012,11.980678948754726,11.937628314265462,11.96557691266433,11.967230144698917,11.939496247974429,12.049424683420915,11.96524179048366
11.995095252990723,12.00315542514299,12.00220694140613,12.023644388269071,12.024406585184511,11.964995336804765,12.001511614739405,12.010620271560812
11.999110221862793,12.014011509411203,11.976052959188035,12.010295927023508,12.012257322051475,12.020959035440576,12.05467400868968,12.006830513878034
12.282937049865723,12.252176415974661,12.321384475107296,12.311531054231407,12.316502129471194,12.211605622370248,12.208574513247495,12.297218553327008
12.312103271484375,12.39110526566536,12.323313666769197,12.339027132432951,12.341577050187032,12.330048692025679,12.384223015005313,12.33055967830461
12.573089599609375,12.549922940180348,12.6169594806594,12.636835995891953,12.639595427723089,12.632891162940398,12.560247968016562,12.618368307499667
11.809441566467285,11.84161926859615,11.810355930703777,11.725084639320613,11.725090018740264,11.801888651746173,11.691080018519527,11.75761233830623
11.627294540405273,11.64869165215028,11.600850897009318,11.681632346908296,11.680547190697188,11.61153019941464,11.652696102959753,11.657988487925035
11.773380279541016,11.766770808233266,11.790755307160307,11.759078277823395,11.75945965332991,11.765636857657922,11.950541482162043,11.764856161426138
11.530192375183105,11.501478855158263,11.502658351038702,11.412577227610166,11.415372963789423,11.495674127839898,11.440365524765756,11.455335767142067
12.389443397521973,12.383982955225484,12.362609044407353,12.41308195007697,12.411985101913247,12.380755340997121,12.429220196836383,12.401968789235225
12.608596801757812,12.654148600244014,12.622645403303283,12.587603196230203,12.591337513749668,12.50573945710341,12.880294363972055,12.589262305518917
13.180755615234375,13.256890427504787,13.08593953393984,13.366625406303177,13.365792592343034,13.172266968152616,13.521140839642674,13.289266217340415
11.895174026489258,11.835894053214089,11.899890368787833,11.849641219369433,11.853344573994676,11.903334332219512,11.695255355062795,11.86871442538898
12.21628475189209,12.227216070451298,12.21176407919385,12.291385525505827,12.290384432863505,12.229166980491845,12.137263685701864,12.26261184501126
11.729414939880371,11.718494847025907,11.760081185168527,11.688302436845367,11.6859042357432,11.758669272262026,11.560772327227417,11.707511351653858
11.565277099609375,11.626183265762293,11.616909643939007,11.534539346044555,11.529663125350849,11.66467280209065,11.461642696843066,11.555399595639585
12.529461860656738,12.59347227300701,12.517805554990634,12.504351655930957,12.504004720845057,12.571204603060151,12.476103599529843,12.516753268004708
12.152483940124512,12.112755200401741,12.136118558095822,12.14232112958643,12.14131601733233,12.129124635138629,12.180759965737863,12.143801274928048
12.223068237304688,12.201366947613375,12.216029487811138,12.155538946479833,12.156035866222746,12.214354536990545,12.149507585033072,12.181127523308122
12.010391235351562,12.008393680572315,12.032415952653874,12.208970629375498,12.210505416945667,11.917019731167798,12.031725210748633,12.125368451094278
12.075016975402832,12.079829303683416,12.07625125803111,12.059187309279558,12.059055414263897,12.042054418566526,12.066816325306588,12.062993559697292
11.741691589355469,11.7469236174174,11.75492673345301,11.773074278060061,11.770035611025188,11.69197614131405,11.736077016252437,11.757285206812396
11.999852180480957,12.001202724170366,12.004236760953455,12.01872747188165,12.015491776067009,11.99864747955604,12.013706813470414,12.011032594896038
11.93386459350586,11.929631887474072,11.904878257592376,11.950604781525103,11.951709713009866,11.903034241292158,11.970356641102999,11.940740027063411
12.025931358337402,12.017448904913719,12.008660146842281,12.006026444174601,12.004935913808914,12.014288232700826,12.07824495582233,12.012139637781289
12.309061050415039,12.304035952243769,12.292180551498932,12.356562767846144,12.355231368991193,12.313492349002662,12.29779001527865,12.33744075879728
11.926759719848633,11.921422622963219,11.865819018978145,11.935694071323374,11.937242267081574,11.959509139640355,11.87757552297847,11.93233824620408
12.122486114501953,12.127470967458102,12.127756876875477,12.056987141705147,12.056461866993056,12.084123393154632,12.08954444723597,12.07996877409051
11.797593116760254,11.806788974122183,11.817282388298713,11.844310177335371,11.845915089083205,11.80847257506952,11.904974309480183,11.827796210362573
11.552000999450684,11.465417840124019,11.491839014630925,11.477198283406679,11.481222480711898,11.548295834238985,11.6617850286409,11.504288716501426
12.199535369873047,12.201706745573023,12.203226580906588,12.204465988755318,12.204350279071978,12.19930708322608,12.19552218463499,12.20265240202625
11.804267883300781,11.757156693465525,11.79624749778557,11.791151306352404,11.793162073644336,11.760247589321475,11.669937760751914,11.79296426182813
12.248590469360352,12.278870942479656,12.273557929446751,12.234031873622836,12.233725017799278,12.267207582473935,12.269052139516223,12.242075934072172
11.904010772705078,11.882037167314103,11.894854119886933,11.904560823285966,11.9044589104482,11.932583247562949,11.941462360646149,11.906069672526275
12.51331901550293,12.465125562365575,12.512623061983321,12.547066974211512,12.546385787600606,12.564656257872553,12.513193308436527,12.537519313673746
11.656501770019531,11.614687165545892,11.658732178559095,11.69636964544983,11.698264431442714,11.612419968925641,11.580593459194764,11.677820446073248
12.232466697692871,12.256201345380727,12.234990510450162,12.256951975457566,12.258323341867037,12.241990895193117,12.206077645517674,12.248327943402144
11.876995086669922,11.867137268357467,11.879900852233725,11.85811919153569,11.856360939804745,11.868923575515137,11.849404844423074,11.864825075505944
12.608126640319824,12.641292626041254,12.542754679089729,12.587964325212392,12.588691214837507,12.575011140532812,12.577639650232573,12.59087666379488
12.176406860351562,12.126311360837457,12.142153351005824,12.185553887758147,12.1864648426166,12.154528459610535,12.149507585033072,12.179087935779986
12.24747371673584,12.196416141555206,12.234639006647681,12.33316161851649,12.332947899246248,12.28624434089706,12.00762780434872,12.301907660820085
11.213315963745117,11.295737915382759,11.286393277165377,11.41020375848645,11.407652029668252,11.292849547331675,11.635151947212842,11.341571095599562
11.769157409667969,11.770191198388062,11.753104952873317,11.864746496643807,11.867862337513838,11.791896668955612,11.884495917930655,11.828702450291146
11.779423713684082,11.765959933545554,11.766920932606103,11.759309208472638,11.759968328701538,11.77646932743702,11.80932691294063,11.766546824768442
11.68475341796875,11.684011703353598,11.704012751680072,11.600563020881959,11.599572012478669,11.635921525298182,11.736077016252437,11.630603157453432
11.761087417602539,11.768020428700247,11.812495159883408,11.783677443669099,11.778371840321105,11.773283020642095,11.626263078808801,11.777160499379605
12.413822174072266,12.475786584680872,12.382421789648948,12.357847924534827,12.357264187104555,12.426369553569923,12.343470927093518,12.379365448230024
11.14759349822998,11.135656057977162,11.174491785010177,11.271888235426955,11.271390038486501,11.150754558785966,11.296024885689746,11.224452503517826
11.46841812133789,11.531234723343855,11.530761935010354,11.39000991166755,11.392067431560058,11.489782838100012,11.424105180165641,11.425058835528088
11.59423828125,11.575543048867184,11.663551386038579,11.524278561532103,11.52205540258995,11.608294922073906,11.652696102959753,11.555246263549963
11.699728012084961,11.693634705454269,11.726928661590527,11.72325704032369,11.724544564673872,11.738516936447951,11.80560254159177,11.718148004453859
11.957242965698242,11.926034030468633,11.960064722536487,11.966784837299873,11.964231258889084,11.947119767755693,11.870606902224587,11.962108060351442
11.763748168945312,11.872435396477892,11.840767103554098,11.9045985836076,11.897259182711688,11.80729276491777,11.834291315386718,11.854850786689418
12.171215057373047,12.1589727812845,12.181335818045534,12.21842890157072,12.21750822506694,12.185214042811785,12.122696471358964,12.201261632919913
11.911816596984863,11.912742026817421,11.874086280013723,11.899354572980858,11.90020259354963,11.892932575261357,11.884495917930655,11.90142699262884
12.211493492126465,12.19713118810063,12.235845064303078,12.31064290337432,12.3129394402449,12.18350915729484,12.273735966890268,12.270995669481067
11.863593101501465,11.869150032698062,11.877665026536526,11.920833327782685,11.920034164857444,11.843450175214775,11.898194668458823,11.89739617196858
12.805743217468262,12.785027891637657,12.838123805344864,12.775841541623205,12.778014304654592,12.799346598222073,12.813920618864572,12.788649279999158
11.873550415039062,11.873806149235698,11.916399576936104,11.848608504349068,11.850696614615295,11.835517054300935,11.751950239425476,11.857553586669876
12.133576393127441,12.167696747652666,12.127427407208039,12.258271869567505,12.260894149620198,12.146082821010861,12.154784614286667,12.21041108555637
11.887411117553711,11.872879262414237,11.878235294402339,11.763332425966208,11.761160246026718,11.86363837487809,11.794345471549745,11.809558116281945
11.578398704528809,11.600688671598876,11.55984745619012,11.545456945649551,11.541437422477255,11.543219543093446,11.530775206233024,11.554539927839148
11.826674461364746,11.7881376352137,11.857577108566883,11.781988876175065,11.781130906741156,11.802702115918889,11.863589378812122,11.7988698271731
11.67685604095459,11.708176298807006,11.622484974452307,11.654451006949438,11.655525986234384,11.61767315987152,11.775297421715827,11.656806025166249
11.838028907775879,11.815468515435303,11.854763446899526,11.830752583956869,11.832610009331825,11.898664613322799,11.841423131921784,11.83896814422243
12.006597518920898,11.985559116662126,12.010262007540563,12.042933040316585,12.044444755984616,12.006264526735546,12.075400019877522,12.029003133058826
12.26968002319336,12.308610834500545,12.284929599382808,12.256728202239893,12.253913410549726,12.26322678020629,12.180759965737863,12.261603006463902
11.8279447555542,11.849818678344223,11.853669531017387,11.831623737749958,11.826168030609795,11.814518339920788,11.86710429621008,11.82957460855204
12.342978477478027,12.372859862033076,12.353278555077875,12.344846238595709,12.34378461099727,12.340366095585564,12.490879338036375,12.344209538386929
12.248507499694824,12.263161661763263,12.264228472246957,12.227706519910402,12.227865610411802,12.241682231061013,12.323415584358154,12.236004722749932
12.42093276977539,12.402569361514542,12.417123658970056,12.48329566857073,12.482357067424346,12.430391039005338,12.42250975887691,12.459295905149327
11.916300773620605,11.999605523166569,12.043319200468387,12.069315396466791,12.066999050623195,12.007236438600257,12.04355959836804,12.020911299875563
13.060133934020996,13.043557827852958,13.057805547022307,13.01073629084351,13.011317725977852,12.995640781355005,13.049794835104816,13.025311491877325
12.278918266296387,12.2251661380254,12.206828639988464,12.222970171159986,12.223387757160987,12.186116707353742,12.345838935721968,12.235195777691764
12.163825988769531,12.128018991531995,12.181409571557523,12.212935282812708,12.212848998025182,12.155741539076244,12.08954444723597,12.193798977548742
12.180559158325195,12.173182521744941,12.185889608135028,12.19910825606416,12.199547359172117,12.185092356047695,12.136191879981927,12.19244311644609
11.92110538482666,11.910647827109921,11.909234679438672,11.862805535357326,11.861189658356045,11.904212452317866,12.042971193457888,11.883727569894772
11.875066757202148,11.81642978632845,11.864475362077714,11.852470838842642,11.851067483164135,11.821163046997135,11.771443882099637,11.856755721715773
11.751270294189453,11.764401789806806,11.755771407610457,11.676987105717913,11.67730685346248,11.730779950278972,11.686887175419702,11.704797319525966
12.431760787963867,12.47513668794962,12.509260035159103,12.529666978642085,12.53264338211675,12.407322334919378,12.404927602627597,12.492990544074233
12.068675994873047,12.11973595963645,12.113984266544763,12.133826055217732,12.134781448455444,12.099424687838603,12.053801032483948,12.112509097218346
11.677258491516113,11.641592919239196,11.717317434113939,11.62055287542653,11.617008600917176,11.670277791277591,11.775297421715827,11.643441149589751
12.476757049560547,12.459383458334136,12.451393024552493,12.492873751530041,12.492550745827959,12.50007594640577,12.591338447675579,12.487217858431066
12.09199047088623,12.128630679485239,12.089402768279141,12.122495982931833,12.120677283050624,12.154081179687076,12.016128107502665,12.114798209868821
11.787519454956055,11.761920301344116,11.802779603944103,11.816577361385365,11.81513736730728,11.794851515577252,11.755879486687116,11.806176102493009
12.647851943969727,12.532227177373958,12.666349454320603,12.62447275720528,12.625770496049824,12.6765826940317,12.616528611893463,12.636649477384067
11.389808654785156,11.401096683271023,11.427658065167478,11.39262284656316,11.394150303653188,11.437410305783803,11.511934974596555,11.396735962668995
12.136157035827637,12.11209767844099,12.114657630652692,12.16174810281952,12.16192478859815,12.113185849821042,12.154784614286667,12.149185319052247
11.927689552307129,11.920865654416046,11.941011370219492,12.05986654702989,12.057945971622955,11.934743749479807,11.92504173829169,12.008912221025257
12.099004745483398,12.108367165711782,12.09067624759261,12.149671587575664,12.150934084215494,12.137749360800186,12.10625783509458,12.132493881844589
11.753667831420898,11.760876990146174,11.74192785671313,11.735087218506605,11.73517194586494,11.73399407880569,11.766799946849087,11.740453729131046
11.812504768371582,11.78342123846887,11.806000182707976,11.82034675834593,11.826170404112109,11.907632690218046,11.992266613576142,11.824721248654987
12.002168655395508,12.010198218289489,12.047408982261878,12.035801819445709,12.04104502432098,11.98692633737006,12.103491596905931,12.023954540579592
12.044978141784668,12.074376286145432,12.066654543955872,11.99260446510063,11.991687213907634,11.979363703406602,12.10625783509458,12.009049989490366
12.034656524658203,12.0306732330999,12.0411088760244,12.119501029390957,12.120621957480406,12.052102189279834,12.12215284831553,12.08794320841627
11.768403053283691,11.84388154361418,11.73254910210686,11.6999616438368,11.697281369055743,11.831639451359766,11.711784520403112,11.729667251694394
12.66382122039795,12.61702626524366,12.662262981886837,12.68608464094514,12.688410941068922,12.723216668745422,12.843973993864076,12.68195604189138
12.928844451904297,12.872959954787213,12.914944029322022,12.912200548092756,12.913439873820943,12.897822379412371,12.850557278777309,12.916023680750376
11.84512710571289,11.830698620375559,11.847194723398232,11.802836044444597,11.812745821388399,11.8200352913515,11.87757552297847,11.81882725066693
12.334939956665039,12.25086349294009,12.313632354483776,12.400312015001898,12.399977644119973,12.37475495596382,12.468440756144114,12.376737947556142
12.112425804138184,12.138664681736829,12.126703600137192,12.069084360361233,12.06898132757537,12.078176153917685,12.132162346145595,12.084102370892742
11.827567100524902,11.802780600733078,11.835072144449166,11.769972979360128,11.770888678374362,11.787586858715454,11.827743504053695,11.79000164608837
12.063825607299805,12.050085738323478,12.06665295983735,12.061301440620174,12.056491614011266,12.09517236307101,12.083910661257521,12.064136741952732
11.694334030151367,11.764924113711995,11.743215710831274,11.857105410537157,11.863422498680107,11.786260313561145,11.842236406331555,11.802840782141326
11.837666511535645,11.854509427169354,11.83369712113382,11.815827346911524,11.814775895303871,11.866397826020851,11.827743504053695,11.826213851200816
11.982232093811035,11.993315549729601,11.995901643934397,12.005578469132068,12.00466849900107,11.982441176717325,11.995357787034976,11.996889370739032
12.143383979797363,12.102232497005929,12.162606889124584,12.160480960320989,12.162260016905554,12.171226953736229,12.19552218463499,12.156822739101498
12.512686729431152,12.479709069653689,12.497891484381801,12.43982727852007,12.438359963169814,12.525144852353096,12.37581963951765,12.468515832122065
11.179824829101562,11.33057707731476,11.432494310764081,11.219003874839904,11.21100001742785,11.381120638895053,11.133142723386813,11.227705712200732
12.275787353515625,12.232629138713289,12.282468376766714,12.273846362444699,12.273226583382298,12.275322652955326,12.33270970174018,12.274767241441856
12.131953239440918,12.085967400497559,12.14782138339716,12.163272649049022,12.163220622942388,12.137417920547467,12.100717685412471,12.152038919686055
11.904058456420898,11.89983543421164,11.899944858170104,11.928338991390918,11.928485349078931,11.93330015625057,11.921725007667265,11.920833692837526
11.873176574707031,11.862539313730553,11.88760951527245,11.837082073069345,11.835260277876948,11.850264610201405,11.842236406331555,11.84989650130331
12.140403747558594,12.188737105234964,12.142148521132187,12.131955726931198,12.133613048906074,12.126534925278708,12.037659911047468,12.134512478253182
11.730332374572754,11.73582548401657,11.73640986756143,11.764652069867086,11.767215294353988,11.688072093347767,11.794345471549745,11.748645780703047
11.957764625549316,11.959413216037902,11.955720306702771,11.884734190085254,11.884362521883574,11.983897425931836,11.870606902224587,11.915142496801113
12.085935592651367,12.114976991498086,12.117125517550988,12.076351943694219,12.077458575155216,12.094340799130144,12.154784614286667,12.082114887915706
12.430227279663086,12.470884637655285,12.44416468155958,12.466442787473685,12.466850543381991,12.459204322290464,12.535379989788607,12.455000970248074
12.52397346496582,12.513539409476296,12.495530642084232,12.56050381655827,12.560356684761038,12.526141306620362,12.546113507028412,12.545189427947934
11.960124969482422,11.964428622399772,11.981508313738138,11.991156481135917,11.986903120681996,11.945939592596451,12.103491596905931,11.978305514149064
11.685606956481934,11.669032166916082,11.665081462864018,11.670706920905472,11.672956189092822,11.651521626043348,11.691080018519527,11.673475514521519
11.679276466369629,11.674917684488305,11.581623227834083,11.666197318342002,11.666970064629075,11.702946535265099,11.58525542883217,11.669224322142066
12.101024627685547,12.059425516482516,12.088323720364457,12.100048727683435,12.096816410580324,12.10919585417891,12.000897933306716,12.100133592361185
11.698495864868164,11.692461619921339,11.712810439214211,11.654337007546221,11.652575177988053,11.705698010633249,11.652696102959753,11.672532078371516
11.855677604675293,11.851189986197713,11.867441078533638,11.780306079958292,11.778848400516658,11.845685029078975,11.83863282480007,11.809395411643449
11.895637512207031,11.882380663895493,11.884222033620022,11.889800496047329,11.890856127113606,11.884886774684224,11.951186847493476,11.890961815741079
11.877118110656738,11.875010387057047,11.900605525075878,11.887773368899925,11.886870951415023,11.900513599597453,11.849404844423074,11.886160923982956
12.038978576660156,12.024838960354025,12.015363639018744,12.003644171520675,12.005114666855121,11.989243421943799,11.944714374881176,12.013046817157825
12.304450035095215,12.282749368443614,12.298325686377222,12.331556847138089,12.331032878145914,12.270879870638314,12.323860125621126,12.318154512761271
12.003125190734863,11.96065648943625,11.990454598928991,11.981416651657902,11.98028761002246,12.008521139162793,12.086731521684555,11.989672665792373
12.627416610717773,12.613515565180338,12.576316917562606,12.605922126188297,12.607481696103585,12.660398700175653,12.577639650232573,12.614901701266811
12.310396194458008,12.325404561170565,12.320083097060346,12.304077595164085,12.30427682995625,12.30970078836438,12.354496960983985,12.306915778499713
11.893625259399414,11.84005895984434,11.87548707273794,11.92913562565932,11.92257266372397,11.94607888476475,11.775297421715827,11.917571278793659
12.70032024383545,12.701100923429534,12.749947473928811,12.707420931026203,12.707348943306688,12.705645534165173,12.691583538230217,12.70702208224937
12.202251434326172,12.217812040053154,12.188780428037262,12.209535187473247,12.211054203247562,12.188607147068197,12.218500103788143,12.205316052741566
11.841657638549805,11.852477705801043,11.800475853276902,11.850223357461772,11.851878476366775,11.881586312190665,11.835016210489899,11.848349717882325
11.863090515136719,11.845845838154688,11.892509726758625,11.862471522505054,11.86206507446486,11.85297616854471,11.898194668458823,11.86310499993915
12.079129219055176,12.108488639613562,12.076879149882807,12.041893253133015,12.041822993858766,12.07108213936354,12.09626335986454,12.055788386276404
12.649523735046387,12.621691105011058,12.66887043888257,12.74949367108704,12.75174569745786,12.570149399921444,12.721888795877375,12.705531293048987
12.268316268920898,12.275387899682151,12.26720464618203,12.246849166884093,12.245929403480899,12.226378680683592,12.220966184120165,12.252013483001635
12.651022911071777,12.641187940717852,12.631686044185157,12.645065272395918,12.646468776199425,12.629121983211826,12.618185607609803,12.645174888554031
12.692944526672363,12.669221669328714,12.735223378468698,12.693853435629087,12.693010426834702,12.753151925233626,12.716405147731708,12.69953574698344
11.750375747680664,11.705731733987216,11.741562421705567,11.623017891000293,11.62024900025053,11.740425923765063,11.686887175419702,11.671489742333218
12.091540336608887,12.050643565079406,12.11946267239127,12.17629929528689,12.17689864166044,12.091001465797705,12.239995696974733,12.144252018701248
12.568596839904785,12.565007323665121,12.595550320069892,12.557387522737718,12.558366400342202,12.526967051998584,12.596403811053621,12.559914425938722
12.14530086517334,12.196817221764471,12.138284562284802,12.215547722919025,12.218854647901091,12.165779040275584,12.249615734512616,12.189651793079257
12.489914894104004,12.446641048680615,12.440549301458287,12.498001764759035,12.499484056986415,12.477795506971306,12.524530013005734,12.492130065377815
11.658455848693848,11.708534233840513,11.691241151423334,11.571480939104397,11.570702034753685,11.628239958886493,11.6172944892629,11.604553965079466
11.994684219360352,11.916936921541657,11.966519945135117,12.011573752012014,12.014281918361691,11.959609583313588,11.960817678718287,12.001563276672881
11.2263765335083,11.086713417751927,11.200246711142428,11.231401770974266,11.233082056689113,11.110091336998584,11.19135563385109,11.220013578848695
12.283905029296875,12.30487070236632,12.282382175817363,12.331010126777965,12.332127224453444,12.302536053672577,12.154784614286667,12.314002322707012
11.251180648803711,11.206843774369757,11.267533054417783,11.39509667498632,11.398283683669,11.197629184382057,11.320565693461432,11.335812845164597
12.569605827331543,12.567846618049364,12.545237061949713,12.568264503638616,12.568076748587588,12.565604013000986,11.898194668458823,12.567490932473937
11.063441276550293,11.144768288526333,11.012528053531216,11.117242367672434,11.116889418143133,11.090943714871242,10.915106645867503,11.096099148007248
11.148416519165039,11.034436947300735,11.265237384829842,11.370199230104598,11.370749442063726,11.318217668577454,11.277215789596893,11.300599876271047
11.684107780456543,11.72127071948775,11.688612090206956,11.842499430933103,11.840139496495743,11.802543244613823,11.779136168550774,11.789074925666458
12.219722747802734,12.26199568200916,12.340486720918605,12.269830681607695,12.2673605980987,12.150799340244118,12.45293662970407,12.249690341140608
12.144068717956543,12.104766102242394,12.152765317595177,12.1153509842001,12.113557146548391,12.123448224586838,12.081081821061819,12.125216704208636
12.424046516418457,12.403440948909136,12.39147472389495,12.390636082198881,12.390452110024896,12.43368405507892,12.33270970174018,12.403100622543313
11.79286003112793,11.820611558590723,11.76593240551253,11.753194140348871,11.755767198109021,11.776333607328501,11.794345471549745,11.766739568924821
11.64754867553711,11.62088675090667,11.58866105870946,11.576051131389672,11.571873183145396,11.685380775918661,11.51293546492023,11.603974433077653
11.785700798034668,11.795920574994248,11.76785420301506,11.732769140933623,11.735010222333054,11.80406273752182,11.74006900564972,11.754408188622453
11.691137313842773,11.768058103089858,11.68750295794143,11.610784152034325,11.614222596368384,11.699141358728667,11.736077016252437,11.643118518590423
11.992962837219238,11.998277252444266,12.002039811080623,11.986467204593882,11.985422796715667,11.97423544695368,12.031129798974042,11.987872195228439
11.870137214660645,11.8617484629119,11.841346699831266,11.855248252748899,11.85220898599837,11.892921334505573,11.813037464800539,11.86123537525643
11.039772033691406,10.976459980869542,11.026568377285995,11.058673933147066,11.06042633429885,10.951898039680179,10.868587496017359,11.044472439398643
12.312810897827148,12.316818651394588,12.31242725711534,12.353381882354874,12.354244921345202,12.304280196749074,12.206077645517674,12.336947754254016
11.717411041259766,11.74122273569374,11.692099298209353,11.748279145158167,11.748684724282414,11.741496425709084,11.763691965388299,11.736990429657116
11.58013916015625,11.546513209638773,11.57597508844575,11.583261453753986,11.585832965207917,11.570384615599208,11.719947764402807,11.581460409668878
11.975141525268555,12.010412166572921,11.979902819916987,12.001560972831099,11.993736762890409,12.000613704763856,11.951186847493476,11.9923408762415
12.449319839477539,12.4267086439204,12.464101424164078,12.4232377142259,12.421833635827905,12.467672741516921,12.339295865674435,12.435234647858298
12.065058708190918,12.041989362818455,12.018083028042232,12.053275313056597,12.055019683444437,12.001601405044235,12.083910661257521,12.051532582755527
12.146088600158691,12.094124446090158,12.134292877649388,12.187517015042554,12.187658126570318,12.104739662211749,11.95655945119582,12.167782378917414
11.329229354858398,11.323489629692018,11.349119330404186,11.429994721232568,11.434248490832449,11.340818465000716,11.59451466851004,11.392685654665982
12.50891399383545,12.503790092154027,12.55905578056305,12.42668699245797,12.42643959513859,12.461915626135301,12.47801017053037,12.457426326403207
12.559061050415039,12.492260783487247,12.582769671348833,12.612233013495578,12.614240213475501,12.576762006433846,12.554840409959793,12.593903184925699
12.406148910522461,12.452988461780087,12.326096330783624,12.417666182181852,12.416421040043614,12.429190567787607,12.278397958261774,12.41147805326379
11.906644821166992,11.94112793485375,11.843823265009304,11.758671010406092,11.759741071792027,11.878481455802618,11.711784520403112,11.812162245371571
12.104687690734863,12.119453478009701,12.06839240194008,12.179815202550184,12.1747974374945,12.086547519856602,12.206077645517674,12.14698309544367
11.988873481750488,11.983692138535694,11.9994008278646,12.0624017328481,12.060745393973702,11.99363811729772,12.049424683420915,12.034173449631805
11.795697212219238,11.785698647248772,11.766968252697316,11.869086694909582,11.867285791446635,11.777237234400552,11.812296455066814,11.837602762427615
12.915185928344727,12.944348927602851,12.905089349054776,12.849822500205562,12.852093080253953,12.971893182293883,12.923914877701906,12.879472948901107
12.373285293579102,12.358493386182156,12.357585899391015,12.365182334381238,12.363439518094902,12.367860617297268,12.367345048436391,12.367115366107196
12.181028366088867,12.172748359000355,12.14671945604787,12.13760281586041,12.13621401701221,12.194113168963133,12.04355959836804,12.154030212878451
11.611066818237305,11.62305800273935,11.646718231797292,11.590967319074137,11.591089867805339,11.587807369393877,11.608244735642321,11.598578187604836
11.992131233215332,11.974416136617453,11.981103585909576,11.988660971268937,11.99110561533504,11.967538785236735,11.917730355182513,11.988057497048702
12.035176277160645,12.072855140220058,12.051261604930785,12.00947025481406,12.010455195820157,12.036132381697191,12.086731521684555,12.020377182201978
12.820083618164062,12.8362212090248,12.815038397755847,12.805714408351543,12.805603063561765,12.847970977177438,12.660331092405906,12.813181868210492
12.13873291015625,12.123534118242988,12.1843883796706,12.10429692041609,12.105199640282654,12.122194080004414,12.149507585033072,12.118515936370502
12.424012184143066,12.409780173459694,12.392229804156793,12.5318504193436,12.535580762382535,12.396140892764935,12.468440756144114,12.486718576583666
11.723088264465332,11.608683038962088,11.68857646664089,11.664087278398716,11.665807788399343,11.657219897470016,11.560772327227417,11.681163549511432
11.985681533813477,11.961044332962794,11.94023524800906,12.050555914039792,12.049372729608653,12.039012195861673,11.963574241653713,12.02709851086415
11.896188735961914,11.84491575364931,11.90024017329314,11.853605903117003,11.853875623296252,11.88993934379287,11.878630514504515,11.870022773632018
12.276814460754395,12.284863207256768,12.313582418872965,12.248618749274357,12.249396291180195,12.273183756683947,12.283038316285214,12.26097126758661
12.234172821044922,12.245159948216854,12.23885629193805,12.192762476289634,12.192229815785554,12.217597496499945,12.170450649220749,12.207888301175219
11.80660343170166,11.865381437766034,11.844278990677862,11.810007995020802,11.8063475236731,11.783054401474917,11.751950239425476,11.808017328959648
11.868379592895508,11.858978797292881,11.860901994211629,11.821617343898184,11.822446520791067,11.85917962268591,11.87757552297847,11.83905681362991
12.45002269744873,12.417289633504412,12.41515163473463,12.369670058790367,12.367590176017943,12.433620944911283,12.354496960983985,12.39828526550814
11.596443176269531,11.690182056401197,11.607860277195925,11.614110209392937,11.61682791349915,11.609099486622148,11.561725152903833,11.608907838558657
12.044978141784668,12.042200558440076,12.058727779550816,12.103187991753998,12.105279578320921,12.032639856041383,12.016732516077072,12.080280044943269
12.439825057983398,12.39193714124416,12.426627046774847,12.502477090022381,12.5026178022836,12.45692081045998,12.521981322562505,12.478678174272215
13.048583984375,13.148545065343223,13.12433780798701,13.09093888322622,13.093326974833293,13.085720284612147,13.05301544288996,13.080420949845877
12.42529582977295,12.435365954577073,12.380768297296514,12.398986646532974,12.39905865970218,12.459094559531547,12.429220196836383,12.409998756922011
12.507145881652832,12.50223303225891,12.451025625930043,12.415728153811953,12.414958930058916,12.526221911999244,12.384223015005313,12.45059368638117
11.451793670654297,11.353808034003213,11.469647236970165,11.45549011406213,11.454156843881703,11.472820859511579,11.418625774449598,11.456150615948864
11.787900924682617,11.798419248299753,11.804934291572353,11.760263550104563,11.756138283904454,11.80064557886928,11.669937760751914,11.772220612175193
11.502326965332031,11.462392794895822,11.491225305655908,11.496396593628122,11.495738618499054,11.482290855399098,11.326607934898927,11.49671725438673
11.886778831481934,11.875431047183355,11.826464511241594,11.91368071290471,11.913073194349534,11.890878839122893,12.02874460037869,11.900941547413234
11.091963768005371,11.045818446130873,11.07222479963084,11.200054909829467,11.197960588881664,11.21860034659917,10.97679912709094,11.16599522172393
12.255600929260254,12.260593141606305,12.23054103575,12.394138417124603,12.393622399347057,12.236275569744729,12.377927112974284,12.337371036699373
11.908493995666504,11.876820626766376,11.910095117598756,11.960464907746806,11.959527017349682,11.943001020381008,11.964007453736912,11.942599976483626
11.866783142089844,11.88632571480188,11.862869294735802,11.897965741776147,11.898996471686216,11.893901816151201,11.626263078808801,11.887714312576747
11.65961742401123,11.691036185005567,11.694339583510269,11.62845875386966,11.625505385374012,11.643734236469905,11.561725152903833,11.640538978545033
11.638717651367188,11.653404007493483,11.60132754627281,11.597849694729254,11.601314032308355,11.617060824113555,11.74006900564972,11.611173511274647
12.57205581665039,12.616675934401886,12.573112225186811,12.590505923803192,12.59502327200143,12.641825118817588,12.429220196836383,12.589003891063047
11.978795051574707,11.918117243280541,11.903735647923098,11.954254607048403,11.958503133855588,11.9680326583765,11.820417517632333,11.96056163307456
12.749295234680176,12.73406029663924,12.76077391601568,12.748721140440681,12.749799008302409,12.775834069659261,12.84132849667433,12.751493345828557
11.81760311126709,11.801972426144845,11.844663388601639,11.779880562941491,11.781722972016532,11.799369993088058,11.782960235741939,11.794625970423903
12.311726570129395,12.30272005005584,12.29373937027506,12.303402960156001,12.302143780860451,12.318988087487117,12.367345048436391,12.3063231229075
11.71294116973877,11.737101222248109,11.771680511306455,11.812121545706106,11.806478075229489,11.78752467150754,11.728044909070785,11.780452317953118
11.784954071044922,11.78789192694849,11.785209102922666,11.71851285513779,11.718061434245405,11.728401390663732,11.719947764402807,11.740330074428877
11.803564071655273,11.761088468061969,11.80089414405707,11.892342615942251,11.889052796408606,11.89035921169812,12.001511614739405,11.863456934379215
12.307625770568848,12.299653908119007,12.279069110824539,12.314644439873469,12.31396399823362,12.32609956683704,12.415437707935368,12.312024171631426
12.57332706451416,12.53184357878899,12.564182165605416,12.562150502992333,12.56099063864529,12.56045186866252,12.546871224308068,12.565072604894654
12.00248908996582,12.031107956524249,12.014121122304465,11.924012874361418,11.92897342435581,12.037520482974417,11.982935344196433,11.958401142360108
11.824387550354004,11.801589604968015,11.819371987675035,11.852157973184328,11.849596759100878,11.818488579102715,11.83138646878959,11.840334824192844
11.827610969543457,11.84678734272773,11.87014396457435,11.823232726410774,11.82653873153676,11.839137110181477,11.835016210489899,11.827907312863555
11.941234588623047,11.885992975619555,11.902950200258164,11.911200483753689,11.911800659506719,11.960509095933329,11.831022768939789,11.922916463274042
11.755647659301758,11.752751846255356,11.806794443329137,11.703026032043914,11.705725177235294,11.748976772496746,11.695255355062795,11.725533199440267
12.13184642791748,12.113835306875082,12.138175610556198,12.164480931545894,12.164803301003168,12.132367089274616,12.170450649220749,12.152028393876956
12.148608207702637,12.148349471150562,12.147821982567221,12.167810405315764,12.167032981254257,12.15794741628035,12.174994689959313,12.160851156337536
12.443387985229492,12.493861125522523,12.48894187974241,12.457061052413856,12.456876356263527,12.429164927263999,12.552930054797935,12.452469417344638
11.247912406921387,11.269712005203733,11.219556534695926,11.399967064998972,11.395577393393479,11.282741210419916,11.561725152903833,11.341297102796368
12.542936325073242,12.578270001271989,12.562435249157788,12.535633849655033,12.537173722220729,12.54308355045917,12.524530013005734,12.539475704243447
11.753047943115234,11.80385724644381,11.764149779794902,11.781332416690177,11.783306566068747,11.77254046319496,11.798111925972618,11.772372468321327
11.701813697814941,11.715753711623401,11.703169666785046,11.59859409924637,11.598985290632452,11.65793467890226,11.626263078808801,11.635898581737095
11.667827606201172,11.654084785878965,11.612301125020306,11.614523435822964,11.617443744855642,11.571754214003894,11.74006900564972,11.62643976341445
12.234430313110352,12.291570759237613,12.296967312361074,12.263303950516297,12.261053158739884,12.308052597874035,12.278397958261774,12.259666672377136
12.301584243774414,12.303037082812349,12.308407054516247,12.293388257459055,12.293561733236203,12.302546032171586,12.345838935721968,12.29696555646654
11.93476390838623,11.967221745644334,11.9438192904382,11.988780496084502,11.991959506095407,11.959286877125566,11.849404844423074,11.970172856404503
11.495499610900879,11.515136820665612,11.535669859402738,11.433817651925098,11.437903925278176,11.502107543793297,11.407576060361786,11.460576995304505
12.452244758605957,12.472685037175001,12.43460480021406,12.469828986353392,12.469009400708678,12.444298572789824,12.456835254920371,12.461545913214701
12.148554801940918,12.147847308557683,12.173370383114355,12.088379265876718,12.09440416944859,12.133321016247777,12.240478903153711,12.11255318264832
12.285370826721191,12.223822792714294,12.254255743273246,12.260216990853388,12.260556905873479,12.255594033609217,12.077676615757813,12.266664259593874
11.681495666503906,11.673379391136224,11.682725198177428,11.807833965948515,11.8072697973053,11.674919454658243,11.715874472198905,11.757838259634987
12.676804542541504,12.65818136383328,12.741339020731742,12.630540284410555,12.631806647845227,12.708211766883993,12.73670383776449,12.65373012611272
11.787223815917969,11.768741512619528,11.769347168026265,11.803956199172854,11.805067809234533,11.769435972268939,11.728044909070785,11.795503881476652
12.250516891479492,12.21738247836455,12.306095901295855,12.36627406255057,12.366188822138144,12.22551860584636,12.314931534737134,12.321312824427663
12.014939308166504,12.024989170746354,12.014349711191866,12.03466837845001,12.0336111507296,12.022780818858797,12.100161978566867,12.027366706100336
11.8621244430542,11.834056851709626,11.897533129215503,11.824855315865593,11.824745797986344,11.877044683880932,11.755879486687116,11.84196807808678
11.854776382446289,11.866967776731043,11.866410231038742,11.824211926726655,11.824605494010918,11.865478067175005,11.824087219587643,11.837489971604487
12.120845794677734,12.134916243780234,12.177339698856846,12.337716420740382,12.3313570489171,12.168902110982339,12.524420916542532,12.25781104501713
11.857806205749512,11.902136492531637,11.91137799543951,11.79670779105587,11.795174136492085,11.854135259649631,11.87757552297847,11.822346459915089
11.889785766601562,11.88423805139975,11.9029047285373,11.901606120149767,11.902741004387792,11.873657135351044,11.863589378812122,11.896451703155545
12.428999900817871,12.389741892072633,12.383059513798866,12.489539173885158,12.491047808750988,12.445663117000144,12.509877789891931,12.46538130951057
11.8175048828125,11.86467932311278,11.830980705892193,11.833875920596512,11.831993010630587,11.840888241933376,11.849404844423074,11.829502466296494
11.660150527954102,11.669529800621701,11.606177505714705,11.622967524230823,11.622777507200118,11.631399232283409,11.686887175419702,11.633218414757563
12.145524978637695,12.15679088115237,12.166591699282103,12.16908325582642,12.166772668174143,12.151427833174495,12.116700301832573,12.160860571993739
12.072171211242676,12.11003728505056,12.061091708562593,12.110036663861628,12.112756398898199,12.095747008065787,12.165984756488543,12.096820234363722
11.81624698638916,11.796945085694645,11.821389686064562,11.820287471712419,11.818376803706805,11.820601369519387,11.87583791515714,11.819003316483448
11.601360321044922,11.533913829025996,11.55443729054244,11.51939817708519,11.51844421343815,11.596362642749872,11.07443600653965,11.549133889500483
12.133943557739258,12.12993838937357,12.130928170337477,12.162564298247457,12.163003954746152,12.131801715850061,12.136191879981927,12.151125618496021
11.994359970092773,11.998244063703286,11.993465366110598,11.992848607085605,11.989973845013482,11.993544075667359,11.982935344196433,11.992999501457874
12.014134407043457,12.088307719194185,12.072187704233839,12.082301212560179,12.080145707972418,12.049816113737712,12.066816325306588,12.060305972507443
11.686933517456055,11.668852223641785,11.691618809173287,11.68051884260637,11.67791428663683,11.698193298373702,11.699413330633599,11.683737620434568
12.750663757324219,12.74211046939919,12.74505414892726,12.75017655632035,12.750528600422141,12.755753456380715,12.885673487343764,12.750558746044254
11.926837921142578,11.929518685092448,11.921713465872223,11.919258782128107,11.917707545249394,11.955998415076927,11.916395250412128,11.923984044097498
12.115325927734375,12.102722793263816,12.127129982692354,12.114768901456314,12.113420875746554,12.09372111139913,12.190964083849375,12.113708831368182
12.29564380645752,12.263215752742937,12.26684239592681,12.342549912126778,12.348786249858604,12.173573959949717,12.160033942617156,12.314767859690416
11.883219718933105,11.878707393639813,11.884083186121643,11.860560868880976,11.859350059496363,11.879870926404454,11.913719681428494,11.86908015972493
12.78228759765625,12.733319806536533,12.830023587595546,12.772238244243617,12.774953196118862,12.738484097400505,12.644330802262578,12.775196078063257
11.624022483825684,11.625016798296382,11.684040596844405,11.542045800239025,11.524279192130884,11.574223796755746,11.703554089007538,11.570775936172726
12.193922996520996,12.20521137879994,12.18667657113966,12.137827865468317,12.134683775738495,12.15357754353419,12.098493002763465,12.156160926626843
11.72270393371582,11.76019187385735,11.718744679880817,11.810014912909988,11.811557072529155,11.744128684873516,11.767575435251748,11.777415214293498
11.915193557739258,11.935596251252793,11.941980704629973,11.894885200131116,11.891843935303354,11.939692920212735,11.969723533345908,11.905360290267632
12.53408145904541,12.585368620799517,12.551707736539585,12.454843294732663,12.453378538383589,12.505136617768118,12.388398368982115,12.48428616643784
11.613348007202148,11.621083016338188,11.591066955760631,11.534393885009063,11.531568683211821,11.646889953853517,11.626263078808801,11.566559104585503
11.315281867980957,11.344820476920303,11.38166342345845,11.373690731371005,11.36959048220546,11.38695060617551,11.429554725537322,11.358271994934826
11.853838920593262,11.891640692521031,11.82400252589134,11.761561882124566,11.76024356972949,11.79888099909706,11.820417517632333,11.792301598185317
12.451355934143066,12.397938030184527,12.44430624361074,12.428673054779496,12.428486126873297,12.477403991285781,12.567554517655415,12.439172041991608
11.828043937683105,11.864157385899762,11.852107381341888,11.770558490402626,11.77128510398972,11.802903676909148,11.884495917930655,11.792282402212415
11.699630737304688,11.694652501222283,11.753564576806975,11.759204101338339,11.75930117878518,11.730014007355045,11.344518647594766,11.74028932398716
12.136402130126953,12.1141243354002,12.128031305138121,12.141770673558042,12.144601016659415,12.115158164637446,12.128116509451258,12.138104654399392
12.084149360656738,12.077884025134752,12.081462450235215,12.091528929672632,12.091453211514661,12.082069734936898,12.07254696717504,12.088367426440268
12.218003273010254,12.09209701862261,12.27331312643937,12.236772453932995,12.235815750942637,12.280037067456364,12.25486757159303,12.236103864392845
12.510209083557129,12.461361630177414,12.463344438616613,12.444114615550271,12.446887091197826,12.454821427760386,12.493133274926212,12.464370701272784
11.82398796081543,11.805916097541736,11.803557916451082,11.867731722395598,11.870583534219467,11.826974046046205,11.864469267087891,11.850334476879524
11.894259452819824,11.933001264147002,11.921535888063781,11.912010483097225,11.910967778331958,11.972766141896132,11.901590234400047,11.911815025298884
