Id,ActualLog,XGB,CatBoost,GBR,Ridge,Ensemble
1,12.24769911637256,12.215677261352539,12.199506067570333,12.223462037952023,12.22663882349251,12.221996404330511
2,12.109016442313738,12.062337875366211,12.09334648527796,12.037932711784114,12.18599259005762,12.089351990012375
3,12.317171167298682,12.285985946655273,12.302387356180827,12.286786892020833,12.259771919235476,12.279044339686326
4,11.849404844423074,12.003532409667969,12.050133335821478,11.978720164505269,12.02412996406009,11.999916672728414
5,12.429220196836383,12.609071731567383,12.636584511979454,12.596941620026541,12.562706376261652,12.590501067047278
6,11.870606902224587,12.000666618347168,12.004717294278798,11.978079536847815,11.867507306537863,11.950366572216979
7,12.634606283893019,12.569650650024414,12.543067740009121,12.520478685979882,12.578632513874824,12.548773079195632
8,12.206077645517674,12.36352252960205,12.340631181548641,12.361418394347877,12.376949725427007,12.365793407058371
9,11.774527900858468,11.708974838256836,11.830717019373823,11.787913223628408,11.687093507392468,11.742999234129233
10,11.678448377988165,11.739645957946777,11.775021076777072,11.737480353003072,11.822500672019151,11.764790603799558
11,11.771443882099637,11.761880874633789,11.793596823784988,11.776361156327384,11.806706012098944,11.783132733551923
12,12.75130259456002,12.812097549438477,12.787294434347457,12.826774462513622,12.877879269553215,12.837773502904517
13,11.87757552297847,11.842108726501465,11.873850692573518,11.808632714542947,11.80426781383186,11.816414487603108
14,12.540761149388421,12.260677337646484,12.285717887718079,12.267003284949874,12.299660915175814,12.27618395136677
15,11.964007453736912,11.971084594726562,11.98081586008847,11.958374132016685,11.921368590292296,11.950620244231633
16,11.790564777297387,11.732539176940918,11.72304943505367,11.757713714132665,11.837247227294007,11.775287783858662
17,11.91170829631447,11.95820426940918,11.927394366470349,11.93454879865494,11.958084223538247,11.946198056933579
18,11.407576060361786,11.61245346069336,11.570010448114761,11.598652923833193,11.683227100270294,11.625897158267783
19,11.976665770490767,11.951056480407715,11.953613254345774,11.938916585985034,11.913562289825794,11.934279853601517
20,11.842236406331555,11.684627532958984,11.712386290227006,11.711432592332624,11.730169416613887,11.711634985234229
21,12.692506186542177,12.709754943847656,12.68493508927025,12.694617946851547,12.707592279806363,12.701267427448684
22,11.845109950883979,11.696435928344727,11.706671845803696,11.689693052409933,11.712723728119375,11.698582942598252
23,12.345838935721968,12.29128360748291,12.36096268955548,12.374436532213505,12.34464981522191,12.348061239011871
24,11.774527900858468,11.83411693572998,11.814038547919209,11.822078932770161,11.808918818878155,11.820296304409926
25,11.944714374881176,11.903997421264648,11.917903076889939,11.892095818418342,11.9712925866436,11.919231434955252
26,12.454107814022272,12.409894943237305,12.420153087713302,12.424072785232951,12.453123138541619,12.42978045173904
27,11.811554895830454,11.819058418273926,11.802390436636669,11.820312878228828,11.753269138661835,11.799276037979272
28,12.631343648903034,12.530904769897461,12.548512288817339,12.556475220130118,12.591265298425231,12.561445476081087
29,12.242891437918386,12.162809371948242,12.152203415392448,12.122673138992594,12.235895729322884,12.165924116183149
30,11.134603622683905,11.130607604980469,11.085309992457745,11.116706075953998,11.279442463249197,11.167375207377754
31,10.596659732783579,11.261781692504883,11.354490462004,11.466035599599286,11.141263058190178,11.32287028439196
32,11.914054519303125,11.834495544433594,11.829736360286322,11.835701449510369,11.83837664918833,11.836052320709491
33,12.100161978566867,12.128015518188477,12.124060916900477,12.148159288783592,12.162250003201716,12.14745069446575
34,12.016732516077072,12.033949851989746,12.026916365457758,12.09784763483789,12.033085384258586,12.062881855137777
35,12.533579815765737,12.540290832519531,12.566130052213444,12.543894286704605,12.544408567805283,12.544088313150695
36,12.6410997921206,12.640751838684082,12.628684376903575,12.670712007080215,12.633143504191985,12.651846481673822
37,11.884495917930655,11.872876167297363,11.920523527663256,11.886830840395943,11.96871342064494,11.909777655126545
38,11.938199736300925,11.94017505645752,11.927863069417418,11.947182440335926,11.939259461797405,11.942699423247605
39,11.599112335481124,11.756592750549316,11.775965234997802,11.757880829086796,11.77946011526235,11.764735724847844
40,11.314486721293981,11.391291618347168,11.415783308295094,11.378129743731321,11.397391312803965,11.387914558681459
41,11.982935344196433,11.864151000976562,11.884248834481165,11.879126972540462,11.817982543186641,11.857868798743581
42,12.04355959836804,12.008554458618164,12.089484957823824,11.99486565987662,12.062180311858123,12.021188287865872
43,11.87757552297847,11.871455192565918,11.90885977787767,11.8983143567277,11.908720020988337,11.896334745131728
44,11.777218637129327,11.787013053894043,11.815391592368321,11.799562171214001,11.773759167247256,11.78979712029585
45,11.856522261533737,11.896552085876465,11.86846974715763,11.872541468003579,11.92389657131293,11.892734654046109
46,12.675766851909591,12.59289264678955,12.584194419864481,12.594506481013138,12.575903981602169,12.588225563026565
47,12.387089184491993,12.62010669708252,12.552134790583821,12.535136141997791,12.48776339594868,12.538805976327781
48,12.428019481065613,12.417768478393555,12.408893172956859,12.388024123401289,12.422505785057043,12.405181098219074
49,11.635151947212842,11.52865219116211,11.466385727618139,11.514027702450335,11.479184679400491,11.50487474938505
50,11.751950239425476,11.765918731689453,11.754780882613638,11.747164712731736,11.80802357364318,11.76955055570501
51,12.083910661257521,12.094167709350586,12.071509328739047,12.082902005089151,12.097650672692062,12.089236280515948
52,11.648338835562747,11.69433879852295,11.645100114039654,11.707889262635373,11.745094223271924,11.714127492447211
53,11.608244735642321,11.622974395751953,11.617917086626711,11.624365580953402,11.55253093594876,11.602259817690234
54,12.861001210669146,12.918192863464355,12.855095401169015,12.85252505430495,12.847329219174442,12.864438686502817
55,11.775297421715827,11.692951202392578,11.698761876828785,11.68232406208146,11.764904397890016,11.709891055362721
56,12.103491596905931,12.001104354858398,12.00115870532403,11.987090996129618,11.952456193038998,11.980024009955244
57,12.058158312538197,12.280357360839844,12.254651394847848,12.264881851421492,12.163628550473153,12.237237735723575
58,12.188422799337028,12.160367012023926,12.151581509863227,12.182856186856256,12.174165843786188,12.174570371236573
59,12.991755706536901,13.151713371276855,13.159351104812893,13.03147785731473,13.124854557026504,13.088513222960733
60,11.735276702486741,11.66183090209961,11.65298914710555,11.660205426610204,11.727521271623743,11.68052470017939
61,11.970356641102999,12.037922859191895,11.996639285650804,12.042823753894572,12.07403949845129,12.04960244489642
62,11.522885696764481,11.502464294433594,11.471599982770396,11.538782284836163,11.623384785689796,11.554476942956365
63,12.218500103788143,12.297123908996582,12.275380748168507,12.256501759877201,12.204273605813942,12.249736829580943
64,11.849404844423074,11.820858001708984,11.879362112043479,11.86633475576947,11.997873499447085,11.89706607442708
65,12.299112067295642,12.373311042785645,12.34748382186598,12.342084699845932,12.391826337289203,12.363593357594722
66,12.666660207428574,12.60032844543457,12.586123818854114,12.608154128456865,12.611813592468177,12.606892304496741
67,12.100717685412471,12.492825508117676,12.454604739066559,12.428033610449086,12.420892671300257,12.440019276410528
68,12.328294703023394,12.2998628616333,12.314813026736564,12.288535370832552,12.276231711128665,12.288059920901704
69,11.289794413577894,11.298105239868164,11.29945863785295,11.257288821880344,11.275043944496694,11.272415268803112
70,12.323860125621126,12.32623291015625,12.303214783832345,12.287605457347858,12.377624948554967,12.323088105679966
71,12.404927602627597,12.630899429321289,12.5820311379291,12.543457842594036,12.551422160304394,12.56501992268084
72,11.771443882099637,11.681746482849121,11.678647019385398,11.672892047631198,11.698492740593878,11.682594406069711
73,12.128116509451258,12.211406707763672,12.172434118223586,12.203340021962296,12.233613026651659,12.213010506832969
74,11.88380602959621,11.868913650512695,11.90191146649424,11.865158540180127,11.815334996900535,11.852223397977951
75,11.58432477200052,11.398417472839355,11.43172944098687,11.443824782416096,11.481681122316393,11.445529368634812
76,11.418625774449598,11.466729164123535,11.479761569591297,11.448849351266555,11.42562214021008,11.446586642358348
77,11.818577604251555,11.66558837890625,11.646385847491242,11.680682650919865,11.670056778877843,11.673217155715507
78,11.751950239425476,11.72472095489502,11.679738254585834,11.671915496043168,11.728815107664294,11.70005951000535
79,11.824087219587643,11.725419044494629,11.674782776579189,11.71433279417102,11.693543161526218,11.708965507319732
80,11.608244735642321,11.63923454284668,11.569800468921336,11.603607728524901,11.649196182116924,11.623400063312696
81,12.173037959397275,12.226192474365234,12.23254527518689,12.240363266320722,12.237310680184155,12.236284650518535
82,11.941462360646149,12.095688819885254,12.069476082278703,12.093409790942005,11.994991966872618,12.063451120512216
83,12.409017571151187,12.393913269042969,12.355895095897045,12.399001238694213,12.424674043490356,12.404182409000466
84,11.748005492256807,11.699698448181152,11.724928613407027,11.695713248079347,11.752783538129593,11.7147012178992
85,12.034696963475044,12.0299711227417,12.021960768972523,12.0513605110438,11.992457890540335,12.028267385193905
86,12.468440756144114,12.492151260375977,12.453964911550514,12.443215365143438,12.485709573457104,12.46634133344486
87,12.066816325306588,12.082444190979004,12.12859156299944,12.100796026795743,12.120232015541157,12.10386610321963
88,12.010671928196443,12.0199556350708,12.047736035936254,12.055813749798158,12.057113401400748,12.048613686007478
89,11.350418300109132,10.958355903625488,11.1313182391611,11.297746042304922,10.698604819338907,11.042631629857224
90,11.724813914587886,11.711084365844727,11.766465932589275,11.708416699398613,11.756538380862814,11.725449239698175
91,11.60733523953139,11.50493335723877,11.496787571272153,11.500776107384574,11.56310495434716,11.520224445455835
92,11.498836682527127,11.597954750061035,11.623211312908875,11.66595211762439,11.603801258773512,11.631917009709975
93,12.004574385508691,11.861236572265625,11.806926632957836,11.885759601691433,11.890565530459874,11.879461587208809
94,11.804855999911272,11.994891166687012,12.086815034306548,12.192420078083058,11.873954892237414,12.052728768724549
95,12.229549885708273,12.198801040649414,12.203330472281865,12.196332218010385,12.174658913017018,12.190562806080356
96,12.128116509451258,12.041895866394043,12.056738836250432,12.097236041521075,12.166965690816962,12.105510220403158
97,12.273735966890268,12.320756912231445,12.324993149346453,12.33793285136063,12.275910486590256,12.315333583930649
98,11.459007676978688,11.781417846679688,11.759449508477399,11.751698017527174,11.622395608686254,11.719150287737904
99,11.326607934898927,11.299625396728516,11.334656401892444,11.31239109821837,11.208807687211152,11.279420549354077
100,11.767187766223199,11.695394515991211,11.654541571933088,11.710567191390997,11.681691839935246,11.696842527885057
101,12.230770136157428,12.27021312713623,12.292226256859529,12.238959166924007,12.241865868338525,12.248058270149174
102,12.08954444723597,12.045719146728516,12.04671796450867,12.053819569846628,12.012329083944369,12.039446637895619
103,11.68658461118553,11.620157241821289,11.656345941299689,11.679266621573152,11.564014517883896,11.631767851684545
104,12.200562492481511,12.195013999938965,12.197113690655804,12.144746107535642,12.110224619740208,12.146436764987246
105,12.040614105490253,11.971053123474121,11.947529093435367,11.903302761715294,11.962617071559325,11.93648639134431
106,12.429220196836383,12.47900390625,12.453944065846635,12.452603521107893,12.454637794847907,12.458643504887736
107,11.51293546492023,11.390463829040527,11.367147878192505,11.440403927728386,11.426659176075821,11.42354135266073
108,11.652696102959753,11.433197021484375,11.49354201674882,11.518061907150964,11.301392848858578,11.434765332349324
109,11.652696102959753,11.704594612121582,11.639001559568339,11.722485361194671,11.74609982802743,11.723032402269126
110,12.154784614286667,12.18668270111084,12.265016172005229,12.222774736306189,12.24660446285503,12.224052322306754
111,11.827013315851762,11.92470932006836,11.871244057141997,11.84721279137184,11.88779260487186,11.876047545767241
112,12.100717685412471,12.029601097106934,12.035595038461295,12.06108846590791,12.047065501201761,12.049566304111867
113,12.85832230788469,12.700493812561035,12.696732565334706,12.667424372982532,12.804491848502437,12.716396233103971
114,12.28765724080691,12.358922958374023,12.346162297237765,12.298071593562176,12.397838408340414,12.342145776206731
115,12.466515835145202,12.390302658081055,12.299112424670652,12.361977983590746,12.376788498926672,12.37001668614072
116,12.07824495582233,12.013221740722656,12.031895679270265,12.03985116947432,12.124704177254497,12.059657671834001
117,11.842236406331555,11.65520191192627,11.753424035038034,11.782103321522573,11.704712537094894,11.731968088758187
118,11.951186847493476,11.85200309753418,11.863694130541253,11.880675464257171,11.9310436809083,11.889383195265852
119,12.676079399771027,12.775077819824219,12.743862915123257,12.726416369404573,12.71144605135947,12.732442281622305
120,12.0075668272517,12.064884185791016,12.0568577379665,12.07104999501039,12.084892374849087,12.073460939071904
121,12.100717685412471,11.993589401245117,11.988515531262413,12.012276145125568,11.844677395916616,11.957249788069811
122,11.51293546492023,11.502592086791992,11.40132694673881,11.441094462064235,11.484602982957195,11.465327734350058
123,11.820417517632333,11.83283805847168,11.834295585380378,11.856798613204313,11.872847329823333,11.855956190029687
124,11.944064817531656,12.012202262878418,12.006936191191794,11.996751296334944,11.945355268114964,11.984802806050286
125,12.10625783509458,12.020711898803711,12.029402294459082,12.049650942391189,11.980977907113136,12.022399787424206
126,11.344518647594766,11.428123474121094,11.500375211825837,11.381654447224006,11.457763406764823,11.418142293552371
127,11.759793355371237,11.869691848754883,11.765255815827347,11.811156276838753,11.765794377759246,11.807852593542126
128,11.373674891823535,11.41907787322998,11.418348107566567,11.46549418057823,11.387453311791788,11.430927551209916
129,11.951186847493476,11.930643081665039,11.926345190137464,11.92748271102644,11.872344421216557,11.911509545409501
130,11.918397239722838,11.829790115356445,11.867279831177246,11.871724997495997,11.59722233474722,11.780490239314533
131,12.328294703023394,12.281219482421875,12.283455533516367,12.281846835324629,12.285265641343559,12.282802838214351
132,12.404927602627597,12.294002532958984,12.266239624979345,12.268906061530576,12.310222435080231,12.286351279850779
133,11.923384748066601,11.935315132141113,11.93828722701694,11.926643947659716,11.91810027424158,11.926248102486706
134,12.301387370778713,12.27708625793457,12.290871250801729,12.29396914527907,12.230001460994675,12.27118730476137
135,12.100717685412471,12.00711727142334,12.009092315810824,12.013894288211992,12.080624209085673,12.032408591405
136,12.066816325306588,12.074610710144043,12.145498178810923,12.128347591985882,12.0752277265739,12.102019374539058
137,11.870606902224587,11.877151489257812,11.869806328141204,11.877602384031569,11.864259162483723,11.873227353692023
138,12.049424683420915,12.287803649902344,12.229680840174085,12.245737322173387,12.10320769365027,12.210900848892827
139,12.345838935721968,12.379392623901367,12.405950810407967,12.39864865270284,12.389003530698812,12.392077601206399
140,12.352339472153524,12.232173919677734,12.216803939451724,12.209438258627245,12.266651316859129,12.23153089525869
141,11.652696102959753,11.55876636505127,11.495416379451266,11.591130617424563,11.551092750347841,11.569163903832031
142,12.468440756144114,12.45228385925293,12.430032702462341,12.482033206211478,12.406049586748987,12.451313686460566
143,12.019749091416921,11.746050834655762,11.75704988241058,11.734999391546964,11.732439111272576,11.737249966245471
144,12.225880174775122,12.254966735839844,12.262354245450483,12.258856012572535,12.291586012923467,12.268025511930905
145,11.736077016252437,11.784074783325195,11.82814536638437,11.834224883876386,11.712122374671544,11.787079016438426
146,11.775297421715827,11.762453079223633,11.76922506300818,11.76893539649515,11.829415080650808,11.785807811185533
147,11.561725152903833,11.560039520263672,11.581601101059245,11.592615384821586,11.608997887179271,11.590516983276984
148,12.312686874960354,12.280617713928223,12.293236007289195,12.293336642167846,12.26820575934066,12.28318457366372
149,11.856522261533737,11.893694877624512,11.914241108606685,11.870999829803283,11.960192338172584,11.903947819636569
150,11.652696102959753,11.593653678894043,11.58350326819705,11.588460265095549,11.62778141826366,11.601168649850047
151,11.711784520403112,11.792439460754395,11.820683397444503,11.801887545986617,11.863156199668094,11.819036750213499
152,12.827731880206521,12.6552734375,12.654082260360086,12.659143559498787,12.71515240932802,12.675018020636548
153,12.154784614286667,12.094930648803711,12.143674991116727,12.117182559545038,12.082857493066488,12.103248517404088
154,12.367345048436391,12.164322853088379,12.203235794394535,12.240157423494987,12.385792802016002,12.267200013623066
155,11.736077016252437,11.602689743041992,11.593775445116815,11.670388638049651,11.462734054570024,11.591488397289469
156,11.277215789596893,11.296171188354492,11.400342759744154,11.325888670319495,10.941034440417123,11.206712516358039
157,11.603688960617083,11.580413818359375,11.586802050998639,11.609498596780748,11.602188451841254,11.60058182131147
158,12.504327379899443,12.536683082580566,12.573742443743813,12.581139947335332,12.515239261743286,12.552006338697186
159,12.448630513463613,12.307051658630371,12.344525692434873,12.328146255943215,12.368562918335504,12.336567883454952
160,12.676079399771027,12.577893257141113,12.608061942770794,12.596522642513737,12.658475932526638,12.61175350643372
161,11.998439434579149,12.000779151916504,11.996235942878927,11.986443274724278,12.087821436554288,12.020186724004585
162,12.929993908996359,12.855229377746582,13.003252943992694,12.931542964102455,12.918522874199958,12.914567910693654
163,12.301387370778713,12.394335746765137,12.36587061683929,12.349371431028498,12.423871553829786,12.381510783738744
164,11.544433821905134,11.479080200195312,11.429436371015573,11.524011228639791,11.548752664669362,11.51899891124734
165,11.931642378754141,11.861440658569336,11.863608710125577,11.875039206169895,11.83878113480725,11.86096797997865
166,11.755879486687116,11.734282493591309,11.73496883786084,11.703942781954252,11.64293758110142,11.69286569301395
167,12.154784614286667,12.114995002746582,12.128048343445798,12.114711636638447,12.111450338138768,12.11425307619772
168,12.693501691489768,12.753543853759766,12.728071362866508,12.753620376616812,12.804186901538149,12.767918757357162
169,12.119975396053194,12.182167053222656,12.187911104672924,12.164240145058713,12.132913477794295,12.15929981580765
170,12.337105293891872,12.360011100769043,12.390253915622843,12.37018083188545,12.262767994190899,12.336511814011724
171,11.763691965388299,11.762577056884766,11.778497571549709,11.747664734270693,11.696499689298012,11.736394586270805
172,12.278397958261774,12.160118103027344,12.101936326223125,12.220997934432864,12.285577872152178,12.22385994408773
173,12.384223015005313,12.267172813415527,12.268019516596047,12.240113549232627,12.363679970161037,12.283752220920283
174,12.001511614739405,11.910022735595703,11.93073894260507,11.899496845300993,11.893976537589753,11.90107026237274
175,12.122696471358964,12.082677841186523,12.129145045334237,12.167075888333907,12.203650928914765,12.15954774300804
176,12.400820837540556,12.321762084960938,12.34120758176674,12.282360040623432,12.228373880403531,12.276209026757424
177,12.259618151783465,12.24438190460205,12.279957253731716,12.298565450811717,12.347838625910363,12.301686884472861
178,12.058158312538197,11.949939727783203,12.004029334426745,12.0419722867705,12.052876184373886,12.02516917519669
179,13.126032637428713,13.002739906311035,13.018736379265247,13.042176292238741,13.100882981301627,13.050972014939735
180,11.51293546492023,11.605141639709473,11.620137898595964,11.683056879916304,11.587150918404868,11.636148906079661
181,12.083910661257521,12.058782577514648,12.06776561843596,12.073331138286948,12.061612559186448,12.066648409912558
182,12.206577518060588,12.108967781066895,12.128027321983021,12.108498489579876,11.990240268014782,12.073718525568857
183,11.695255355062795,11.577842712402344,11.651193310542931,11.624022748891171,11.672755221091009,11.630206556635896
184,12.206077645517674,12.282495498657227,12.21733826507321,12.224959034347249,12.175061860364021,12.22142052281511
185,11.751950239425476,11.660611152648926,11.69632492653259,11.6692680297622,11.9760968500264,11.760695886124036
186,13.07107218827772,12.817768096923828,12.710535534858451,12.788369979903306,12.838021198509198,12.806581641230729
187,12.06105265381003,12.056894302368164,12.073124737261745,12.05439281882226,12.083234949213711,12.064226390296351
188,11.813037464800539,11.781082153320312,11.762270495271181,11.81093965028836,11.688714581443959,11.766411141287826
189,11.940399914116648,11.876441955566406,11.864296377460034,11.856332355169066,11.856071527209311,11.86063046899391
190,12.563750586299374,12.49300765991211,12.53556856882854,12.563513153727918,12.571283917758723,12.550504331202758
191,12.660331092405906,12.592082023620605,12.576014802902112,12.617309639292879,12.373115074980381,12.537310407879117
192,12.122696471358964,12.086917877197266,12.050105968309818,12.076589224772805,12.156171579887776,12.10170003936437
193,12.165255859329688,12.223461151123047,12.229693507936524,12.213236144682773,12.17758287241353,12.205173870919554
194,11.775297421715827,11.866307258605957,11.914274272657824,11.855051175373061,11.791770350800032,11.840381175714896
195,11.751950239425476,11.651442527770996,11.706360597409454,11.681351012849294,11.705141721793108,11.683277587698946
196,11.908346971208951,11.893452644348145,11.921533504154638,11.917138539967496,11.919691124510493,11.913230619381046
197,12.650351332641707,12.578913688659668,12.579272174334978,12.583949286717878,12.698182014624063,12.617105059152548
198,12.367345048436391,12.673116683959961,12.62051421794774,12.588745744643836,12.674987266055076,12.632979747236732
199,11.552155793461898,11.666791915893555,11.691129092258638,11.801919295550151,11.696304772511546,11.738763437126455
200,12.524166311833152,12.588135719299316,12.614651904437249,12.63799598066973,12.650072901444094,12.63065048973104
201,11.849404844423074,11.734542846679688,11.771698330594212,11.82389954805252,11.810339780256689,11.79979040190895
202,12.052344376474922,12.02987289428711,12.023556500442764,12.019564917790568,11.966723010617534,12.005917744269217
203,11.626263078808801,11.723143577575684,11.717303511561544,11.688257467957703,11.637838159075553,11.681220981898951
204,11.91170829631447,11.863255500793457,11.872662006720395,11.881243809599622,11.840465846159205,11.865017943336895
205,11.608244735642321,11.682806015014648,11.649660040479583,11.681229346863915,11.597577816840335,11.655301342774525
206,12.103491596905931,12.103978157043457,12.121556965521107,12.09696656008772,12.244552531352571,12.143624811502972
207,11.87688084212164,11.790081024169922,11.847654561600729,11.85443378734807,11.68741892013648,11.790865066806802
208,11.856522261533737,11.771319389343262,11.766976201650854,11.810666326868104,11.732072546058212,11.777494837876151
209,12.531776395271262,12.380996704101562,12.439573967342607,12.403402985302458,12.350307899622168,12.384130987086458
210,11.884495917930655,11.939732551574707,11.942011445018336,11.946445373299941,11.985907286214353,11.956787207107505
211,11.49273296168228,11.493027687072754,11.497727831267614,11.546550160220535,11.438426544196599,11.501431955716006
212,12.133507329024972,12.019427299499512,12.028602814618612,12.0798076841218,12.004078185690558,12.042948145325632
213,12.439875187430008,12.446605682373047,12.42647472954501,12.440048007246416,12.459269690202692,12.446691504773739
214,11.957617696467539,11.901028633117676,11.91718264006672,11.921814293567577,11.946751434041008,11.92491350592283
215,11.993813394724253,11.882832527160645,11.907958826154482,11.895511273924424,11.915521015999609,11.899376089181349
216,11.808955099378537,11.863913536071777,11.864387752611325,11.858522648204623,11.750075165213927,11.827220036750266
217,12.25486757159303,12.222818374633789,12.229443482146257,12.224446059241474,12.244211085119566,12.23023073182166
218,11.580593459194764,11.263633728027344,11.180996293970296,11.318937613972444,11.40738700900889,11.329455688215786
219,12.649157827477366,12.371047973632812,12.38881517917956,12.403576378551394,12.434655357671877,12.4057758567522
220,12.027191164883384,12.063920974731445,12.068009367795673,12.062835657706751,12.08458873948614,12.069777236392522
221,12.230282214644559,12.252775192260742,12.272919823883582,12.269322805464705,12.224301064557672,12.252538605906508
222,12.206077645517674,12.284529685974121,12.28182058483261,12.259697784590964,12.269253255916228,12.268402720531036
223,12.100161978566867,12.04153823852539,12.056876054463652,12.064350383995324,12.064552331346897,12.059500700030398
224,11.48247656671073,11.705558776855469,11.68312166885825,11.754345378203617,11.638733422368022,11.707161413228121
225,12.864242696187505,12.948688507080078,12.946778534961867,12.913086589437428,12.971293805401967,12.939017250065302
226,11.626263078808801,11.483112335205078,11.488348706830513,11.492648184775009,11.478730520509771,11.486370187353813
227,12.577639650232573,12.433226585388184,12.46217824264936,12.44500081384293,12.488024140687461,12.456133884775483
228,11.571203807011969,11.485013008117676,11.48361735183825,11.501105576333956,11.469657539395543,11.487761272153246
229,11.736077016252437,11.706053733825684,11.681191336226727,11.7335166082775,11.6143758006993,11.690276292470301
230,12.167856627501678,12.173418998718262,12.189815025109983,12.172874792064698,12.15634466604864,12.168605442966303
231,11.904974309480183,11.863752365112305,11.830421560031601,11.825116752707618,11.82130716314725,11.832031855501874
232,12.90669432231532,12.796602249145508,12.795322804464258,12.777931831223771,12.779076073590153,12.78268714129451
233,11.456365695436427,11.507593154907227,11.481343426204129,11.482631830582926,11.455044928166027,11.479381089597743
234,11.761354623750297,11.818429946899414,11.839104486807424,11.781013209283374,11.805298800363051,11.797964258052371
235,12.285350445351659,12.228843688964844,12.244055917631261,12.220378264394292,12.279644717523958,12.240747068371135
236,11.402005077384885,11.270499229431152,11.28409335772361,11.309391591156436,11.408264705383392,11.330309918390412
237,12.130815551850676,12.124722480773926,12.110296784389199,12.080690664220706,12.116107362061706,12.101345368465873
238,12.178192583415596,12.240263938903809,12.273126038835589,12.27044494458534,12.344063598866551,12.28651998317474
239,12.669809806411457,12.436748504638672,12.469368240229848,12.428748510779968,12.5065568793051,12.455186933210507
240,11.635151947212842,11.766988754272461,11.759750675284916,11.74762228518652,11.62409612821562,11.71485305838436
241,12.47801017053037,12.570290565490723,12.590445123512108,12.585556149991833,12.46436695753187,12.546177847173654
242,11.612779849672751,11.49183464050293,11.527914137817557,11.484287246075807,11.53890146159129,11.503764551531395
243,11.277215789596893,11.400243759155273,11.45928216061415,11.439200474122588,11.460098407951023,11.438241308701826
244,11.695255355062795,11.819159507751465,11.81830371659698,11.777639267648345,11.809499168478245,11.797097516064147
245,12.230770136157428,12.37939739227295,12.40581216206846,12.392965025368108,12.3049448267883,12.364182399642296
246,12.394628892852941,12.367465019226074,12.324254442109375,12.342451459345064,12.267187351390152,12.324288254229884
247,11.827743504053695,11.817438125610352,11.88008639072707,11.87360848093398,12.104452648485038,11.93178899604838
248,11.849404844423074,11.873077392578125,11.894301801936459,11.912211414453928,11.842886142288794,11.882767334526669
249,12.100717685412471,12.149493217468262,12.134737711727519,12.153628843913562,12.16856907182417,12.156620162291613
250,12.531776395271262,12.492046356201172,12.535044231196009,12.522203102264912,12.510017842180478,12.512839028163917
251,11.245059091624615,11.307520866394043,11.39756384827855,11.373212612653719,11.272296834492998,11.330327777625119
252,12.367345048436391,12.46946907043457,12.506890592921051,12.564909428383768,12.535682367349136,12.534647128511635
253,12.06105265381003,12.068784713745117,12.07924993364363,12.072339096439089,12.08386420805332,12.075320210924282
254,11.970356641102999,12.06432819366455,12.03307198961592,12.023814293472011,12.25040849261836,12.1005227958097
255,11.884495917930655,11.899660110473633,11.897457301901692,11.928034427307992,11.852495238638271,11.89847451666326
256,12.345838935721968,12.335649490356445,12.347558751201351,12.344831107605122,12.337143158467255,12.340742933299166
257,12.242891437918386,12.205677032470703,12.198152025510934,12.225241909462172,12.212152668999472,12.216375303853336
258,12.301387370778713,12.37642765045166,12.380698963370662,12.348945427882018,12.37537398496263,12.363598890522091
259,12.352339472153524,12.270742416381836,12.24312210122851,12.25137615046399,12.25966061358961,12.257527446988018
260,11.48247656671073,11.582002639770508,11.52697005313462,11.563424965462367,11.620059217375836,11.582970703310874
261,12.07824495582233,12.008256912231445,12.085012585811592,12.03871617263218,12.059757812949508,12.040444875868129
262,12.52815976788113,12.769095420837402,12.726163850419809,12.723846891084214,12.721247047194737,12.732369754662363
263,11.92504173829169,11.935678482055664,11.958521372672516,11.985231301777915,11.946406358543761,11.962527234151484
264,11.775297421715827,11.694948196411133,11.710590695740295,11.737510826589368,11.801501900480012,11.747136926512132
265,11.19822841866684,11.328789710998535,11.381131828333942,11.372680745404361,11.271901418299018,11.33372755612447
266,12.075400019877522,12.108048439025879,12.100028697722259,12.108006583475648,12.108705021952751,12.10794741938865
267,12.128116509451258,12.0999174118042,12.10106127805187,12.104142109933672,12.135425313782482,12.112579242873995
268,12.097936057925594,12.07763671875,12.100452428854263,12.121350716808127,12.073182672396719,12.09723009068373
269,11.699413330633599,11.700882911682129,11.66452186860681,11.695323763007703,11.686459953477746,11.692719881438212
270,11.904974309480183,11.993769645690918,12.002340025423692,11.966084508729827,11.920717826756352,11.959350167533495
271,12.491255347155265,12.475844383239746,12.468506142209321,12.4677852226894,12.495194466042614,12.4776940001451
272,12.394628892852941,12.2713623046875,12.372707863832964,12.266719140997612,12.136719004104705,12.232269135970322
273,12.577639650232573,12.562321662902832,12.666723800985503,12.622478164112648,12.687366904940516,12.631264738719441
274,11.842236406331555,12.041357040405273,12.03428306553725,12.034959728075659,11.975939000467834,12.018495163031789
275,11.732069026983156,11.71854019165039,11.722897774226603,11.713347591089034,11.775198646317548,11.733334577525826
276,12.230770136157428,12.111017227172852,12.10215900321284,12.172020240169944,12.049873812438411,12.120428745334134
277,12.211065162153215,12.249174118041992,12.207008651866184,12.21221967731813,12.152898616506652,12.201736036140378
278,11.856522261533737,11.544551849365234,11.582111846723862,11.581716980662256,11.62350896033376,11.586719763409068
279,12.936754021718041,12.915083885192871,12.916111027432928,12.904121407312374,12.837459182706597,12.886730843037482
280,12.165255859329688,12.241462707519531,12.242855496483553,12.264516200192949,12.28701408844081,12.265827000064457
281,12.339295865674435,12.262290000915527,12.28494826858132,12.296671655509417,12.29319873262323,12.288210754969915
282,12.128116509451258,12.154152870178223,12.141331526438336,12.13388739692281,12.261548514346703,12.176660045765903
283,12.242891437918386,12.305997848510742,12.3145904601346,12.29646080441098,12.67547826048731,12.412990894489262
284,12.407383590534293,12.45552921295166,12.452701027837556,12.395250795963614,12.305233582077088,12.382473727524332
285,12.09626335986454,12.130928993225098,12.141254163575882,12.150788625135652,12.140189951082677,12.143221799941802
286,12.011886987792716,12.000957489013672,12.008813972092742,12.021831533564624,12.042264398960377,12.023266588922972
287,11.976665770490767,12.110785484313965,12.137582568115759,12.101214083780885,12.100979481803192,12.10436055785665
288,11.385103457032141,11.541882514953613,11.506274874790577,11.535923300720185,11.493348318996553,11.523305561255464
289,11.711784520403112,11.64376163482666,11.623655924526517,11.675238078039222,11.64494048945721,11.65791695893553
290,11.941950837487406,11.80487060546875,11.859567437865618,11.864616774694396,11.889797429411647,11.85983258965135
291,12.359784657728284,12.47299575805664,12.42999004093222,12.410721652121781,12.42334481743662,12.427882131494455
292,11.819681958463892,11.742364883422852,11.763452124536373,11.727893404215298,11.71007110049296,11.726722673420081
293,11.782960235741939,11.816047668457031,11.816629996817465,11.833466721425848,11.805090563148074,11.820798278410514
294,12.367345048436391,12.400192260742188,12.414202817699802,12.355068806957854,12.349997414461306,12.36480072434641
295,12.025755079404917,11.971037864685059,11.985796534828733,12.026565171124515,12.079542609553378,12.029755056318521
296,11.86710429621008,11.923465728759766,11.9000199775178,11.908583643592172,11.911236905032993,11.912116995717437
297,11.931642378754141,11.814949989318848,11.817743191190015,11.795819170000774,11.827567041495616,11.810027365257241
298,12.384223015005313,12.356271743774414,12.386709163688117,12.366302485620183,12.445638805278387,12.388821186541778
299,12.07254696717504,12.041762351989746,12.103032803956864,12.06253705514196,12.082538735006727,12.065725370697503
300,11.973516181427835,12.034235000610352,11.963283377665848,12.003542338169606,11.989941450989933,12.004308488475614
301,11.964007453736912,11.985648155212402,11.950938315871776,12.001340547086155,12.0477865756841,12.010351708686384
302,12.495007682693725,12.552746772766113,12.573868263506956,12.536142846958999,12.477777251142786,12.523292533765527
303,12.230770136157428,12.299633979797363,12.30145279811057,12.308603761032904,12.317297970500741,12.309140362461454
304,11.917730355182513,11.784939765930176,11.781594488469006,11.79048044128567,11.800708454117565,11.79211682494736
305,12.59473402514672,12.669178009033203,12.552064493012262,12.60730051038365,12.41042138031996,12.558798145593446
306,12.631016799175821,12.612120628356934,12.604874427608058,12.642212386117675,12.59090878976361,12.61935369422165
307,12.323860125621126,12.362374305725098,12.366592383181995,12.329380898586185,12.316313203552633,12.333472893416609
308,11.402005077384885,11.579106330871582,11.592329561256786,11.53698399403975,11.526225607992926,11.544262426015631
309,11.320565693461432,11.577105522155762,11.647829935235979,11.624044026168479,11.609980674011055,11.611075294339493
310,12.793862088206213,12.782356262207031,12.810335127080053,12.793270839672305,12.822100769080972,12.800307842143974
311,12.017336559562407,12.088760375976562,12.109464090299305,12.092200329554295,12.02347169341322,12.071436132605239
312,11.790564777297387,11.806952476501465,11.805553639842167,11.810401769608788,11.836374556052089,11.817338829993634
313,11.694421681264394,11.762659072875977,11.721321155891294,11.771359958355626,11.710611494596641,11.749580018157738
314,12.834683971615659,12.539371490478516,12.551762073997589,12.57049464736724,12.826402689032296,12.640439184376648
315,12.08954444723597,11.968422889709473,11.960281040603547,12.01914616976391,11.91679308470479,11.975983977826793
316,12.146858590895919,12.108708381652832,12.114259474876842,12.121148293847678,12.11311393370692,12.115957044512385
317,12.468440756144114,12.37968921661377,12.41034273334593,12.402837022462787,12.487307687859337,12.42377645806383
318,12.506180941677357,12.473770141601562,12.492021896699958,12.500646322955763,12.455383005682265,12.48125862518097
319,12.468440756144114,12.609440803527832,12.681847416685722,12.62113367950232,12.700459839971021,12.64471347746942
320,12.141539457711714,12.259984016418457,12.203067485531792,12.192845912006257,12.196726533331992,12.208054497147604
321,12.74444728628135,12.825691223144531,12.744394321946455,12.780917282078317,12.815845191447863,12.799274540321212
322,12.777055016970678,12.723845481872559,12.741321561510771,12.743424725370561,12.722142229550043,12.73296153508199
323,12.614868865984631,12.541150093078613,12.553321932190588,12.534055769379352,12.491400643993195,12.523347905877413
324,11.745433036677353,11.704319953918457,11.688705495864111,11.72613031704783,11.694396824659457,11.710840682118402
325,12.396697137361691,12.478236198425293,12.515308664675596,12.481135590526293,12.471696381133883,12.478896039671678
326,11.373674891823535,11.392138481140137,11.437419833934346,11.439220172146845,11.385143497021847,11.413301308763199
327,12.688501881189456,12.571491241455078,12.57297976323006,12.524885584918703,12.513593455030735,12.532665063204586
328,11.886218559372042,11.881881713867188,11.90172187123205,11.902052502844237,11.903850257055112,11.898469703206967
329,12.276069679344003,12.103826522827148,12.06456589707416,12.047855292524572,12.015585090069553,12.050144320231034
330,11.264476926102367,11.375460624694824,11.29846497435022,11.402338175061598,11.316249893678178,11.367360469711873
331,11.686887175419702,11.857784271240234,11.859555803986984,11.836055710468333,11.842319929508792,11.843186428330883
332,11.842236406331555,11.811253547668457,11.822360734047328,11.817064793643626,11.7831063903716,11.80585461975051
333,12.556733038263905,12.829024314880371,12.729722901990414,12.690900588690294,12.652970456786402,12.709004287307573
334,12.240478903153711,12.172682762145996,12.17653494715026,12.182388456981718,12.209423418763222,12.188334511917278
335,12.165255859329688,12.210210800170898,12.190424246834928,12.158504028817902,12.227381710048933,12.190864153328313
336,12.34126328584159,12.222269058227539,12.242812507279087,12.279971449451116,12.376029331097982,12.295796102102392
337,12.841132451487937,12.786460876464844,12.783070600955194,12.791482151039204,12.873403069111843,12.814796028503228
338,12.273735966890268,12.298592567443848,12.291510944343463,12.30970474872702,12.27493361590909,12.296352015863366
339,12.218500103788143,12.288086891174316,12.26219914867198,12.278206267256552,12.210426814475511,12.259284774837774
340,11.951186847493476,11.87962818145752,11.948748525073805,11.894661174122719,11.84522678361715,11.878616454893848
341,12.220473454337986,12.317044258117676,12.33334701329853,12.304173105239473,12.280002811511396,12.300545332512844
342,11.314486721293981,11.308016777038574,11.22967054557838,11.354275737123512,11.38112592085486,11.348581463015465
343,11.37940550085183,11.442771911621094,11.390311879644198,11.433141765639427,11.387541913774852,11.419904079484633
344,12.491255347155265,12.51095962524414,12.473007844002808,12.507314902926137,12.545308008119846,12.518286704781897
345,11.350418300109132,11.428958892822266,11.37061603961666,11.387593001915246,11.347398889776896,11.383349777548409
346,11.850832386224807,11.861927032470703,11.849766185786866,11.880755990112037,11.850131812618123,11.866631622975387
347,11.928347504569842,11.862761497497559,11.8760097361333,11.8603301510121,11.767819528053758,11.833557410699685
348,11.967187086434018,12.08100414276123,12.077249874815298,12.087819937957113,12.124372718265265,12.097052542663047
349,11.944714374881176,12.138517379760742,12.14190205701558,12.134758248728293,12.168347306549553,12.145872046399884
350,12.988043102265232,13.039192199707031,13.04667955701746,13.080879149508355,13.028879688011434,13.055556805266516
351,12.670001611311875,12.60938835144043,12.646717493876976,12.62478158516975,12.580839280797498,12.609195572848519
352,12.154784614286667,12.171685218811035,12.213713332071698,12.155646257104681,12.159765036400348,12.162175289009488
353,11.461642696843066,11.424840927124023,11.478358506373294,11.449687091206359,11.834993462829837,11.56146593422537
354,11.570259974415547,11.591850280761719,11.578730758442708,11.581189359990477,11.571180105220227,11.580267634140746
355,11.849404844423074,11.935810089111328,11.970982107351162,11.909348487885046,11.89949862043752,11.913926513039957
356,12.086731521684555,12.078620910644531,12.100388042997785,12.094251958551745,12.018512387128382,12.06850739248227
357,12.06105265381003,12.058401107788086,12.055166420473553,12.042182093563722,12.041363256720036,12.045694086539267
358,11.80560254159177,11.854469299316406,11.848109284741536,11.930563849791668,11.814823879549616,11.877383774166729
359,11.775297421715827,11.717517852783203,11.75300957136084,11.715688248236694,11.61570470959265,11.687299334097231
360,12.54254845357358,12.554495811462402,12.518259641037403,12.52778614927546,12.624339964526056,12.561929057487928
361,11.957617696467539,11.912939071655273,11.903569523252434,11.898012084020063,11.9539351125023,11.91806212916251
362,11.884495917930655,11.860533714294434,11.829839020611782,11.873099041711145,11.91812919933644,11.882570559704195
363,12.198549416880068,12.103663444519043,12.080103595174768,12.10938430282612,12.174065284519747,12.12664583508613
364,11.678448377988165,11.566167831420898,11.58285985471302,11.53944301434156,11.634832394770553,11.57508172477052
365,12.154784614286667,12.118432998657227,12.117688465740928,12.129938534206687,12.069732662364817,12.109065323536758
366,11.898194668458823,11.80142593383789,11.773000686959474,11.76093745374069,11.654092334799802,11.737486967450103
367,11.976665770490767,12.00250244140625,12.02696539257328,12.04236311102269,12.060852928135176,12.039260714372244
368,12.013706813470414,11.920326232910156,11.938886095833189,11.952355756212173,11.888264613917707,11.926088153058165
369,11.790564777297387,11.844902038574219,11.872285600321737,11.890515220007158,11.81294734611615,11.857261018565794
370,11.995357787034976,12.019330978393555,12.04589601990913,12.029125657891216,12.028917566410891,12.027650184061404
371,12.057578437658945,12.090707778930664,12.093230732087957,12.097320000210091,12.118180329865414,12.102101608620712
372,11.808821212646512,11.736330032348633,11.720992744551497,11.703131425758894,11.723878790762933,11.716758519809522
373,11.736077016252437,11.68402099609375,11.724296315027129,11.68291997342501,11.700001068927744,11.689720192724257
374,11.719947764402807,11.758506774902344,11.748363076060631,11.721653176098043,11.744728766456825,11.73703333373109
375,12.299112067295642,12.2250337600708,12.210521270878186,12.228590270737017,12.21826013434133,12.2241305006293
376,11.0186455364637,11.04845142364502,11.035164215410228,11.072174191000595,10.668346970938902,10.944635905921778
377,11.904974309480183,11.75532341003418,11.814680559623923,11.819347231044555,11.87730390980574,11.823558768569086
378,12.73670383776449,12.567084312438965,12.57424214679977,12.512331208482717,12.560523045711378,12.540136838586518
379,12.885204569609956,12.746222496032715,12.520477073588303,12.646958453800563,12.7177102421693,12.684063044691204
380,12.095146671399466,12.09742259979248,12.08910770855119,12.091310439233416,12.101169271014447,12.095443872532837
381,11.751950239425476,11.872077941894531,11.881956851950996,11.855363810103453,11.958645747303772,11.890749225982805
382,12.142871895843887,12.216279029846191,12.232954083084453,12.218899730185145,12.25063696388132,12.228396773107175
383,12.271396795480596,12.242578506469727,12.24266851891586,12.258626609926882,12.21584628233466,12.24193747682087
384,11.23850177707664,11.208951950073242,11.312620133169435,11.247172926942248,11.41129886384089,11.2910055457305
385,12.388398368982115,12.482369422912598,12.474786575413395,12.492924533099474,12.48409495073875,12.48748685767276
386,12.165255859329688,12.086138725280762,12.15060799708056,12.094557088583414,12.129023066232552,12.10515448571092
387,11.302216779257382,11.291817665100098,11.35307992768049,11.375323617966204,11.325913985251772,11.342671304286327
388,11.736077016252437,11.757182121276855,11.794891018814688,11.814887196984824,11.80587928550715,11.79971973687353
389,12.160033942617156,12.183777809143066,12.169046029550627,12.20196548404036,12.164801163632909,12.185938324805798
390,12.962196972666593,13.019390106201172,13.02482295356967,12.981624404867045,12.977768105716255,12.989667108782584
391,11.686887175419702,11.762127876281738,11.830624149850996,11.73398125854504,11.760260874285875,11.750983994860725
392,12.278397958261774,12.295219421386719,12.273047461798493,12.258328886576162,12.308580924828227,12.281470026743108
393,11.575909653758895,11.607731819152832,11.615741179096746,11.551584304290897,11.513600479615206,11.553842889258426
394,11.51293546492023,11.365357398986816,11.332754796892907,11.35574090708315,11.37478582564518,11.362627162126874
395,11.599112335481124,11.650835990905762,11.623800795621452,11.631937573818265,11.651178965897135,11.641291878476743
396,11.767575435251748,11.77939224243164,11.826939202627237,11.784411515322331,11.757489935607097,11.776774400800232
397,11.719947764402807,11.771146774291992,11.765582736561072,11.749805287526891,11.699026661413363,11.739437864452084
398,12.040614105490253,11.896574974060059,11.961629731185608,11.954917554342435,11.928929130170271,11.935444442487679
399,11.112462823634855,11.271760940551758,11.227285855267109,11.345092320230643,11.16962020251431,11.273286019201553
400,12.392556361841777,12.264303207397461,12.23678770574722,12.265432713708972,12.262237491862916,12.263244740170126
401,12.411056299528171,12.33480453491211,12.35738920355445,12.366553739918377,12.449661989271796,12.38474991883276
402,12.013646205940514,12.15359115600586,12.143166592706603,12.145221482771493,12.139603198572685,12.145166923582682
403,11.58989576532275,11.579545021057129,11.542084002175029,11.50784327766265,11.566698454725895,11.54134678033088
404,12.460718739865236,12.439560890197754,12.428397147612749,12.39203511261856,12.401570752429912,12.405855845640104
405,12.031725210748633,12.064481735229492,12.049354251398125,12.051056332869305,12.058211209919332,12.055885024091724
406,11.918397239722838,11.933852195739746,11.889861331576563,11.919012409124056,11.883548973363112,11.910360428478464
407,11.652696102959753,11.738268852233887,11.769680224451983,11.776007140605627,11.593420651764855,11.713197761807663
408,12.083910661257521,12.03042984008789,11.995361324013547,12.031245253217802,12.000279722572095,12.0205199534282
409,12.54254845357358,12.488378524780273,12.521829640572594,12.479196367252268,12.596118699643018,12.517705815596404
410,12.73596827534975,12.671188354492188,12.677759324306427,12.614657301815342,12.715169442390708,12.658597382647626
411,11.002116507732017,11.457162857055664,11.516787572548528,11.505404189019348,11.599453502453926,11.524243201721939
412,11.884495917930655,11.892792701721191,11.883251149370397,11.875558280796849,11.859944775943868,11.87464493594487
413,12.310437165348775,12.394523620605469,12.408540642724995,12.387728235960147,12.447212917327313,12.40772248440285
414,11.652696102959753,11.565106391906738,11.516526269696563,11.55741419000647,11.513132400853628,11.544245336790773
415,12.337105293891872,12.381667137145996,12.364593350192301,12.38404574951396,12.464346249773772,12.407026837855465
416,12.106997888588934,12.193538665771484,12.184940788784067,12.160631762374885,12.131375640793683,12.159389832223814
417,11.915058360753719,11.962701797485352,11.952571194769275,11.946683071097196,11.95063342824804,11.951341136531049
418,12.384223015005313,12.406983375549316,12.311752138454592,12.402104540342346,12.463254228779192,12.418339363190853
419,11.744045122410057,11.599393844604492,11.588635059070784,11.633487719696397,11.580940441961527,11.609177709279878
420,11.863589378812122,11.793755531311035,11.812923695784416,11.805963720994066,11.833173872714543,11.811898318119482
421,12.237091546357338,12.18379020690918,12.13825334878461,12.26243420562417,12.14109201612569,12.205597694289493
422,12.278397958261774,12.2924165725708,12.277248528985965,12.282592611355907,12.246804279879669,12.27364913047371
423,11.635151947212842,11.576340675354004,11.609091564645402,11.60849241290408,11.598312162236295,11.59889837569398
424,12.660331092405906,12.669537544250488,12.710054126655677,12.680892476557842,12.631546195661377,12.664756424204421
425,11.842236406331555,11.885680198669434,11.899857866330724,11.908077119651782,11.850792679801609,11.886002362966106
426,11.813037464800539,11.847151756286621,11.835191970233579,11.822689589616296,11.768450667858287,11.811803950771361
427,12.524530013005734,12.335618019104004,12.369044610942645,12.370102371498138,12.414823809620241,12.37648183476266
428,11.599185726610004,11.648402214050293,11.651580863762717,11.645047764277514,11.633076912748153,11.642359823958998
429,12.182809136284991,12.193498611450195,12.216762220578977,12.17745836688437,12.190979204123153,12.186161376145236
430,12.07254696717504,12.074867248535156,12.067829627496083,12.100788028038854,12.165596450036036,12.113842125653132
431,11.355113089309977,11.506012916564941,11.492696691107097,11.531827090737723,11.449316470846478,11.500395325790887
432,11.288543647320601,11.619741439819336,11.610930313410117,11.561329931272915,11.662752619377851,11.605457151407593
433,11.715874472198905,11.735045433044434,11.698819821076443,11.76531701402572,11.714774840033291,11.741635641897403
434,12.10625783509458,12.07064437866211,12.071328317058946,12.06836524386988,12.109025241653821,12.08115776576142
435,11.302216779257382,11.34119987487793,11.356360748666464,11.330670950260696,11.297315053765129,11.323682711564842
436,12.264346270624157,12.243953704833984,12.290264269201327,12.225437586166224,12.746917769625917,12.388256118301197
437,11.661354090741,11.596030235290527,11.601175297550553,11.597736180959364,11.64329537924378,11.611205904265823
438,11.686887175419702,11.597122192382812,11.63001533939253,11.6197017866232,11.749101138663367,11.654362989196889
439,11.411457364027745,11.501816749572754,11.587696548994366,11.529004499943069,11.58045533644364,11.54097434778968
440,11.608244735642321,11.768487930297852,11.864597226785865,11.832512549073872,11.783434835456923,11.80582230585799
441,13.22672519452875,13.17052936553955,13.10139261263497,13.112552483147411,13.21791942236118,13.155662083660905
442,11.678448377988165,11.64613151550293,11.6138659650089,11.620961071841066,11.581898169541773,11.614100484396957
443,12.000897933306716,11.86156177520752,11.878664996250393,11.888635185636115,11.910142413694407,11.889235591502299
444,12.058158312538197,12.135539054870605,12.170737070437035,12.164495999936179,12.177591784345712,12.162747742900871
445,12.25486757159303,12.27187728881836,12.275988443364932,12.27259660899679,12.26645507338499,12.2707215297382
446,11.755879486687116,11.938995361328125,11.940228190761918,11.947760904547723,11.953954039611855,11.947573882088292
447,12.154784614286667,12.241874694824219,12.27357462566449,12.287199703840248,12.227806371280332,12.259628852898853
448,12.20557752297723,12.23287582397461,12.223693891436948,12.236649560844397,12.207238691736725,12.226586700224692
449,11.691080018519527,11.768671035766602,11.784942720711792,11.755854956789646,11.761252722610712,11.761102855656857
450,11.695255355062795,11.652737617492676,11.526600191632658,11.524870370249621,11.65776632470678,11.590952569466882
451,11.608244735642321,11.58534049987793,11.596660278113402,11.59837934138318,11.514067869577458,11.570312561911724
452,12.54254845357358,12.292071342468262,12.342068216276301,12.310557515540536,12.432271596515939,12.344480328701398
453,12.225880174775122,12.205427169799805,12.200730382804945,12.202166863766202,12.263741881667746,12.22129454503964
454,12.25486757159303,12.292634963989258,12.317324948772853,12.318692459429114,12.200191872044726,12.277704814719371
455,12.144202560946876,11.84851360321045,11.926556698083957,11.913517519121845,11.8986536100957,11.896251406951423
456,12.075400019877522,12.003761291503906,12.036587901622486,11.997666193301653,12.033201716672899,12.010947498448306
457,11.49273296168228,11.374300956726074,11.408626760283365,11.38004967480756,11.260054223151059,11.343794804691804
458,12.45293662970407,12.115406036376953,12.1779511905453,12.228269363568755,12.217568826619058,12.200293603844198
459,11.989165855127435,11.976180076599121,11.97995329336829,11.975482098684724,11.863773857625851,11.942193947002409
460,11.608244735642321,11.682562828063965,11.707774823692368,11.73666927562273,11.716117682044988,11.718454959923813
461,12.481565733211923,12.487115859985352,12.432589667773515,12.432292731171003,12.4114726803493,12.437218993763784
462,11.951186847493476,11.894899368286133,11.95959653874774,11.948040659453877,11.891694485103175,11.92066909846655
463,11.04106411122238,11.747228622436523,11.739305390204603,11.730664202183977,11.718476542061033,11.730677296808588
464,12.147919030759663,12.150711059570312,12.13487147550942,12.146901463954972,12.213458833323068,12.167270374792192
465,11.728044909070785,11.668100357055664,11.650596767908624,11.699797595356216,11.676843397939175,11.684722209700034
466,12.093693109638318,12.070938110351562,12.050009601859658,12.092305322897271,12.050426942033727,12.07388633163957
467,12.025755079404917,11.960862159729004,11.980272417889093,12.026395462617256,12.031881111367259,12.013080436373627
468,11.89478753335453,11.887292861938477,11.919493737233935,11.914764446359891,11.904197111226084,11.906151833531872
469,12.429220196836383,12.362189292907715,12.381581539930343,12.406614967136363,12.417320029315736,12.399906050221364
470,12.138869243416009,12.115840911865234,12.111074801116848,12.120909034324756,11.965362400259153,12.072767136938557
471,12.264346270624157,12.343070983886719,12.378225303327632,12.398170663238076,12.355692710220056,12.373473018309344
472,12.154784614286667,12.165492057800293,12.21138432384099,12.199375272316242,12.172306727134242,12.184747807423754
473,11.904974309480183,11.808016777038574,11.843954450425722,11.811970561446262,11.81850712321464,11.81424312990731
474,12.994532278619134,12.832710266113281,12.774537492309062,12.82229503884489,12.736358058451852,12.7969181608658
475,12.433212202169729,12.444957733154297,12.433924128235075,12.462477324570354,12.47724816253754,12.462353092517379
476,11.794345471549745,11.844843864440918,11.847110113001259,11.834553151335417,11.858350315599552,11.844242805635837
477,12.249615734512616,12.276411056518555,12.241085914258969,12.249795360522494,12.320317441105079,12.276120883767543
478,12.847929163278053,12.946630477905273,12.979125804368646,12.942208904709068,12.836800529342112,12.912703259985438
479,12.601490784782536,12.625266075134277,12.61305340744474,12.623800993014674,12.619547294251063,12.622446643622082
480,11.401681006153428,11.706799507141113,11.65431441469424,11.715119680077633,11.796187835737815,11.735681009549339
481,12.694655727828803,12.81484603881836,12.802997827300919,12.785982117389946,12.768940693209027,12.787334624095763
482,12.832013750189885,12.748903274536133,12.789807289908095,12.713714075382075,12.794496446557309,12.747823892359433
483,11.951186847493476,12.017571449279785,12.069596578042004,12.034011184725381,11.955498518617619,12.00829306135973
484,12.00762780434872,11.953375816345215,11.939731058606158,11.93512242442305,11.923781458195702,11.935594018787452
485,11.794345471549745,11.825549125671387,11.832624347617307,11.836618422823886,11.831049206698712,11.832548497615639
486,11.898194668458823,11.870889663696289,11.882340703979347,11.877323967516807,11.889632487531653,11.879887622250092
487,11.957617696467539,11.87022590637207,11.899509377673528,11.869911460649748,11.914762200964146,11.884490550242536
488,12.07254696717504,12.050865173339844,12.058775392633553,12.08264447286536,12.09039416197786,12.077665479793755
489,11.982935344196433,11.585029602050781,11.69899582421133,11.551512931054223,11.633469589381722,11.588119739842682
490,11.362114203075018,11.492108345031738,11.567713613407083,11.4965646684713,11.403491966330142,11.470149621070835
491,11.652696102959753,11.620718002319336,11.589599563416105,11.612027568772413,11.580847600761453,11.603643920223208
492,11.798111925972618,11.904471397399902,11.91481713523142,11.90857746679702,11.859302400015848,11.89314265113906
493,12.059809113551397,12.065075874328613,12.02325567426053,12.06930708974613,12.118060953282555,12.081499915133149
494,11.951186847493476,11.877950668334961,11.8715253723109,11.916624306595843,11.997284400225585,11.931422108619115
495,11.421917019425596,11.472052574157715,11.478126994056883,11.510905428706975,11.543051520854362,11.511509379215635
496,10.460270761075149,11.183891296386719,11.179224970194467,11.305325276962627,10.958802366898901,11.171996684217763
497,12.971542813248437,12.795862197875977,12.838453746848572,12.805350220581893,12.834636445137676,12.813373495649994
498,12.122696471358964,12.109840393066406,12.086112993161066,12.156845684095444,12.047395583591866,12.111894544949173
499,11.775297421715827,11.786796569824219,11.779010383144215,11.780366196457953,11.801074107982878,11.787855847175608
500,11.695255355062795,11.761466026306152,11.735279970669636,11.767110690466072,11.815383958613186,11.779365872841991
501,11.635151947212842,11.66701889038086,11.648252974625727,11.643770597458602,11.616542973223371,11.640479541134324
502,12.331387247601905,12.29583740234375,12.276082143166906,12.280964602157143,12.291832800968956,12.287094087182572
503,11.849404844423074,11.856861114501953,11.859176395346095,11.868347313166469,11.817033762846608,11.850258775532419
504,12.574185427296195,12.486584663391113,12.46328033653546,12.584487155163774,12.654079486969493,12.581234471730967
505,11.898194668458823,11.858330726623535,11.891047372308872,11.862739967315639,11.814083607698187,11.848197486560917
506,11.732069026983156,11.727127075195312,11.70786388145,11.726202316824649,11.689393369460149,11.714685585028821
507,12.278397958261774,12.318623542785645,12.30872385410557,12.324257134470766,12.302269881572926,12.315957399650296
508,12.246739428005663,12.095987319946289,12.092114897425608,12.132303680704096,12.131304821303385,12.12320143938329
509,11.989165855127435,11.89228343963623,11.940550587912663,11.895346552364655,12.025334549852008,11.935377598584598
510,11.732069026983156,11.878570556640625,11.853069247778526,11.852953986374573,11.871124138962173,11.863642935018301
511,12.013100572810686,11.929576873779297,12.024475705448378,11.9921932177354,11.907930561714336,11.955218273641849
512,12.2193145828011,12.168633460998535,12.16537448132547,12.166451957291274,12.211733656759666,12.180473492098027
513,11.774527900858468,11.735560417175293,11.739552991670891,11.73833325799014,11.624529539308051,11.703594384175968
514,11.80560254159177,11.873970985412598,11.858104169615192,11.861608935580117,11.854867557852236,11.861980085620731
515,11.477308649967686,11.518823623657227,11.47657669525134,11.531194599585183,11.022152630261953,11.37372374816753
516,12.90634935052389,13.001360893249512,12.995181072176802,13.035007913767334,12.921393392381063,12.992603525938408
517,11.970356641102999,12.02291202545166,12.017857975061924,12.01836911657375,12.042974224631266,12.026675135955557
518,12.487488878546145,12.495779037475586,12.501977480204939,12.51057179184002,12.48909982373048,12.500801418888765
519,12.259618151783465,12.175963401794434,12.157867446498424,12.171889471102602,12.23289065280115,12.190572412615415
520,12.36308066783498,12.443532943725586,12.457426423115159,12.38910583718402,12.355156775812302,12.39237173227372
521,11.573559498507079,11.373801231384277,11.458926109761974,11.413628792488772,11.442475804997747,11.415759751842705
522,11.918397239722838,11.931600570678711,11.927015458858863,11.94438246609627,11.948882965464175,11.942525502778283
523,11.976665770490767,11.893332481384277,11.950703618627708,12.008833290294099,12.030288586414772,11.989715918825922
525,12.662709207270272,12.541662216186523,12.568753709136015,12.586710511900622,12.585078037227838,12.576411602772826
526,12.07824495582233,12.098154067993164,12.127321108690499,12.124520317310555,12.143403853767145,12.124920563831289
527,11.790564777297387,11.799402236938477,11.796047888931884,11.787639616890056,11.771480946674455,11.785471841529706
528,13.008661502470739,12.976213455200195,13.041393164094236,13.018891288394867,12.998281262833476,13.004778082982952
529,11.362114203075018,11.275915145874023,11.330010606213753,11.307443823887475,11.342971163531562,11.312483817455856
530,12.209192772866418,12.466840744018555,12.350462122262353,12.484548229848986,12.409297965662917,12.453646753985195
531,12.07254696717504,12.085837364196777,12.092163455696511,12.114836786055802,12.120299009308344,12.109778343209715
532,11.759793355371237,11.835983276367188,11.899553721822969,11.878607131466019,11.772771160533578,11.83882686526062
533,11.58525542883217,11.450243949890137,11.536025289347089,11.515103940604796,11.37464494029212,11.460380256521582
534,10.579005242826247,10.972798347473145,10.931389079426957,10.906922565265518,10.910522009282351,10.922285115136074
535,12.08954444723597,12.155726432800293,12.12316415859205,12.149322860938186,12.121301430150618,12.141292823951993
536,11.58525542883217,11.797426223754883,11.855977399778737,11.778986609483958,11.806437994219419,11.793678847381297
537,12.144202560946876,12.24920654296875,12.212594523344826,12.200536630460682,12.19291571654704,12.208586366582065
538,11.619544188752133,11.712717056274414,11.678405815731375,11.757577333812483,11.693397600242685,11.726380655615678
539,11.970356641102999,11.819474220275879,11.850361061734025,11.845966718827695,11.804881137595057,11.828366454653754
540,12.513561021741964,12.481385231018066,12.522586250466556,12.447837405107176,12.401086296782083,12.443221774720286
541,12.660331092405906,12.791786193847656,12.785519901773975,12.809530323535965,12.739279923349503,12.783956058812477
542,12.421188057397055,12.430746078491211,12.45786328401848,12.411547844204412,12.424448175494984,12.4209521007757
543,12.270225154674701,12.318922996520996,12.32319317577469,12.303844509094278,12.217671339599995,12.281683001573208
544,11.798111925972618,11.831554412841797,11.766088093853694,11.820820587974042,11.809653363037185,11.817746061115237
545,12.098854850641,12.165517807006836,12.213047998198975,12.18324824224937,12.253688880541604,12.201849747947293
546,12.34148164933907,12.39832878112793,12.373383633507803,12.364338133417812,12.34655002754582,12.36623380264659
547,12.25486757159303,12.04478645324707,11.987787786283002,12.117555972701242,12.1056787393907,12.094634091209942
548,11.771443882099637,11.77939224243164,11.770619351546099,11.748489775915367,11.713496270422667,11.745038387168853
549,11.736077016252437,11.772067070007324,11.719449485693845,11.774233759702986,11.63695257849215,11.730610400596639
550,12.479913113434042,12.298538208007812,12.35361377981322,12.347192606969871,12.35368485194942,12.339449893839046
551,11.849404844423074,11.84024715423584,11.82312228204825,11.825724716155527,11.832049363875708,11.83049608287009
552,11.630717389475995,11.63913345336914,11.602182266808708,11.625681565693808,11.645207243474323,11.633476345417893
553,12.450981602512561,12.42553997039795,12.460390500449842,12.465806002830007,12.51034736549703,12.470801052360033
554,11.58989576532275,11.571775436401367,11.671342671514532,11.657666538680262,11.558905240257324,11.61094027108405
555,12.556733038263905,12.407081604003906,12.462947920736914,12.453067045162243,12.525108919923618,12.465696891848093
556,11.635151947212842,11.67077350616455,11.63878637448746,11.627092265372783,11.626201780856505,11.636135964509903
557,11.856522261533737,11.927628517150879,11.915400974282615,11.929018510107895,11.841960375943241,11.902086379793447
558,11.58989576532275,11.456781387329102,11.676468703999129,11.719706049400845,11.133676782435993,11.48840921465559
559,12.07254696717504,12.20073127746582,12.16643076837247,12.16502065310165,12.21565891814604,12.18757416137741
560,12.36308066783498,12.157254219055176,12.190355234911316,12.140354358986382,12.179553644891856,12.157325384967963
561,11.707677772181546,12.061680793762207,12.032123360842657,12.036700820908267,12.025663521048944,12.038315181918074
562,12.04355959836804,11.995447158813477,11.94882774633489,11.980336775652644,12.035712407452053,11.998969445731326
563,11.58989576532275,11.638988494873047,11.667380352625068,11.673476681112964,11.677035386385223,11.667304047162075
564,12.128116509451258,12.047635078430176,12.077309711899069,12.125921327808827,11.986907310911262,12.066474908044336
565,12.498745990829315,12.460186004638672,12.497044578394675,12.4701423627513,12.485480783517081,12.47366078789672
566,11.759793355371237,11.79115104675293,11.739922518378568,11.704477447213991,11.778761627559243,11.745713738067336
567,12.691583538230217,12.687226295471191,12.673951986393233,12.689699010264006,12.713330561472556,12.695751872410966
568,12.273735966890268,12.152844429016113,12.210176314865244,12.185806644639376,12.23195212694569,12.193809603881796
569,12.665397584983758,12.542606353759766,12.599466449988459,12.518710645971794,12.493683659697549,12.518868071349152
570,11.820123358887447,11.845460891723633,11.850751496090158,11.830865596918526,11.88501337979347,11.850813017284288
571,11.867805799560465,11.792314529418945,11.827731732090614,11.80814476164048,11.859744969502742,11.82111360295603
572,11.695255355062795,11.6820707321167,11.72756702098153,11.685653270075369,11.656971598796504,11.67775847660632
573,12.32163544049751,12.334006309509277,12.37154269401852,12.332261304047567,12.325626214743666,12.331989400110706
574,12.04355959836804,11.998159408569336,11.991083843447061,12.05102227496018,12.037087799974648,12.033970402840097
575,11.842236406331555,11.693605422973633,11.668756872248238,11.672841012760937,11.67065961122293,11.67627580883458
576,11.682676678340282,11.634516716003418,11.618499401337798,11.638094990905538,11.658317532663206,11.642763578879176
577,11.884495917930655,11.937149047851562,11.994492344866044,11.904723482119422,11.894174497324611,11.91128637111633
578,12.010671928196443,11.953124046325684,11.967324070645777,11.965027188292579,11.947389141704255,11.957377655197757
579,11.891368749982085,11.914353370666504,11.962808089131755,11.934973540745077,11.988890994982949,11.947949732111677
580,11.78676973513378,11.816587448120117,11.790754746587274,11.756762677809128,11.80496694020983,11.784634121387015
581,12.111217862017215,12.093019485473633,12.087271358898585,12.073803187552151,12.082622917821139,12.080840935946046
582,12.442306148381938,12.778154373168945,12.721064272610851,12.829245840102452,12.80049382211106,12.806420832974903
583,11.682676678340282,11.680594444274902,11.63657468438516,11.703029010558227,11.42425114438717,11.612325635195612
584,12.691583538230217,12.751394271850586,12.708060889967022,12.630952435396281,12.562986290201035,12.637753735292165
585,11.798111925972618,11.729743003845215,11.794825177962185,11.75486333052436,11.84922876783558,11.779505326843008
586,12.820990681250251,12.824752807617188,12.830107321912259,12.814659760545434,12.788474255831728,12.809382006036815
587,11.775297421715827,11.708633422851562,11.716247086516292,11.740038933651155,11.729423503874411,11.729617191129885
588,11.827743504053695,11.822403907775879,11.788509867756504,11.825734525025442,11.786422622143874,11.811940425425258
589,11.870606902224587,12.316286087036133,12.317449939174205,12.297668209357926,12.383496954198474,12.327957164190677
590,11.283524879179666,11.546075820922852,11.488782074080348,11.577246854658112,11.611434515975214,11.57809226836067
591,12.132969552931216,12.134571075439453,12.162478942438648,12.145738464842884,12.135164863703451,12.14086564329919
592,13.02132904585825,13.031496047973633,13.043214087721706,13.051145716792167,13.024573213587747,13.038874810530043
593,11.835016210489899,11.881810188293457,11.89856279093123,11.863129178516601,11.869490879201951,11.870083336400823
594,11.849404844423074,11.875367164611816,11.872540948544195,11.895042240112465,11.820168653116157,11.86773688027045
595,11.608244735642321,11.65088176727295,11.67589116013148,11.648131321226444,11.64677645283902,11.649250887385755
596,12.672949516558306,12.736688613891602,12.756025047850617,12.728916019915387,12.781491854137299,12.747251434090693
597,11.648373769145277,11.662399291992188,11.666714812254881,11.611653906737914,11.565158502619989,11.60993558472397
598,12.176654133447505,12.127888679504395,12.155233505342983,12.143013171825226,12.221307171683353,12.163895188664796
599,12.289958727201455,12.172220230102539,12.122061529100424,12.183517879975035,12.336354102361119,12.225027289912513
600,11.92504173829169,11.925752639770508,11.908263901030546,11.922583446630183,11.917579340450278,11.9212265325739
601,12.524530013005734,12.502625465393066,12.501948195623976,12.516640706279517,12.518772310172862,12.513913188854495
602,11.856522261533737,11.75363540649414,11.77734169005909,11.75519696399414,11.70924476044399,11.741833504146431
603,12.301387370778713,12.310656547546387,12.328885267906712,12.290464894327302,12.281863605193024,12.293332202389267
604,11.92504173829169,11.957372665405273,11.96128808065925,11.960184428536893,11.947229438897626,11.955754636132388
605,12.30592250537653,12.283060073852539,12.294413373809782,12.291266315404954,12.300357842440999,12.29243646633564
606,12.230770136157428,12.279214859008789,12.221620871805662,12.226169042477855,12.216423977040407,12.233894148094059
607,11.931642378754141,11.920364379882812,11.947793057184565,11.916514110804828,11.96742635634337,11.933694932362068
608,12.323860125621126,12.097550392150879,12.060216583929645,12.151262807171593,12.187554384474861,12.14805588334273
609,12.791358964949923,12.733688354492188,12.611297271593703,12.647454141610522,12.680680976240332,12.673764348097057
610,11.682676678340282,11.669099807739258,11.688329163785202,11.707766115893612,11.625390059304827,11.674440383694177
611,12.653961664405365,12.719268798828125,12.708452923489867,12.733963613344171,12.713340911626279,12.723879732770914
612,11.904974309480183,11.938097953796387,11.928267213240884,11.920000138077794,11.85754483054152,11.905199382806376
613,12.474193386571581,12.492830276489258,12.434922805210162,12.472102009879855,12.492904749145962,12.481287874937514
614,11.898194668458823,11.66105842590332,11.615928673294917,11.682597654039256,11.760333540145758,11.699258312229963
615,11.231901180182515,11.281133651733398,11.321370421649293,11.290661679903643,11.287583159454483,11.28886269925182
616,11.83138646878959,11.861881256103516,11.890386117320425,11.854840968427462,11.901389432295918,11.871508558481796
617,12.118339189722553,12.125579833984375,12.131973039302611,12.14512550216205,12.123184127018567,12.13408646301102
618,11.566475710526321,11.645657539367676,11.67525304395722,11.651215091872052,11.660561359375626,11.653728920060246
619,12.659737267217572,12.652969360351562,12.677886936182537,12.647290699403337,12.673134755145176,12.65728350275914
620,12.628070334272698,12.709200859069824,12.698954092961666,12.672502540944011,12.653745193041342,12.675264612021776
621,11.112462823634855,11.064236640930176,11.063628705232873,11.099111116699937,11.234181588745237,11.131377058001487
622,12.388398368982115,12.477429389953613,12.467236660981222,12.425988566705009,12.437926807218036,12.441499812286583
623,11.813037464800539,11.782140731811523,11.76992863015625,11.781652863693544,11.77495097625091,11.779329246054903
624,12.034696963475044,12.067961692810059,12.102806096456558,12.096830326332942,12.08436416738626,12.087405414390853
625,12.014615485902027,11.981464385986328,12.019487429683844,11.973918319435372,12.017909755377968,11.990269125437374
626,11.982935344196433,11.88122844696045,11.864497197964639,11.89369153973969,11.92077337587316,11.898277164801522
627,11.848690308590857,11.78286075592041,11.772028880399972,11.781009674648315,11.743353814968893,11.769752854947377
628,11.938199736300925,11.968545913696289,12.008531299319097,11.99604497710311,12.08058930710639,12.016292920871091
629,11.813037464800539,12.027427673339844,12.007637258325706,12.083327081726262,11.936893909449381,12.025271053362069
630,12.034696963475044,12.005105972290039,11.993165447280573,12.010275791573404,12.061672059166007,12.024079103232502
631,11.728044909070785,11.600885391235352,11.613524265758036,11.597268340107714,11.48484837504697,11.564771447129777
632,12.252483791602627,12.34349250793457,12.303081957068253,12.330374119305395,12.251573075643883,12.308406104028876
633,11.320565693461432,12.108619689941406,12.045293688454077,12.074275299374216,12.098639692814,12.087592980219162
634,11.845109950883979,11.896414756774902,11.870859559020632,11.882755541718414,11.856149594152372,11.877126585749597
635,11.87757552297847,11.860635757446289,11.857875338985162,11.829184914959553,11.81354099308157,11.831891299409186
636,12.206077645517674,12.157898902893066,11.989421330737976,12.002616995982297,11.919153217083881,12.00871768647336
637,11.002116507732017,10.81009292602539,10.84539452106165,10.82404093031852,10.68687974078746,10.780702181592535
638,11.440365524765756,11.607381820678711,11.611594603338732,11.556034530267315,11.593557119978989,11.579717028651578
639,11.350418300109132,11.46074104309082,11.431743580630812,11.46672739137301,11.476132856373324,11.467117224953288
640,12.485830907348902,12.52303409576416,12.590297527156133,12.56035796926988,12.495634118504253,12.534331840947003
641,12.520887034998584,12.5320405960083,12.500295690393003,12.542407446709001,12.561043420836915,12.544431447513585
642,12.328294703023394,12.374110221862793,12.394481696953836,12.398719284121224,12.3955978394255,12.392616754842994
643,12.75130259456002,12.765438079833984,12.781451457109833,12.74826945305128,12.815535081157808,12.773148241176258
644,11.931642378754141,11.879432678222656,11.934659884543514,11.915108704870802,11.849981738795158,11.888935698368659
645,12.823631142839984,12.737071990966797,12.746630199866694,12.772255741869326,12.759002879710359,12.760207014605061
646,11.872353615355413,11.822769165039062,11.796780410268338,11.818223066192873,11.822015438046602,11.81954363620398
647,11.495789479023493,11.529687881469727,11.532691562464244,11.494664879183906,11.526485098485901,11.512694926134905
648,11.951186847493476,11.8834867477417,11.893693275145946,11.866265786568396,11.855758211808437,11.867571747823948
649,11.951186847493476,11.943449974060059,11.96056095693525,11.995534371189514,11.967004385986167,11.975121883859781
650,11.344518647594766,11.22420883178711,11.224968890331624,11.229970320496328,11.237960250236576,11.231024001574745
651,12.235393555399902,12.185385704040527,12.202337090136933,12.199064869935189,12.220757535723074,12.202912368471782
652,11.58989576532275,11.67806625366211,11.60518248841074,11.65980551015351,11.825225246367108,11.711361571952716
653,12.160033942617156,12.200000762939453,12.170194540515164,12.201639149472642,12.148477285583624,12.18422708492641
654,11.813037464800539,11.82089900970459,11.837749441461222,11.787216737592157,11.836394265823348,11.810627404710262
655,12.765691290604371,12.788493156433105,12.875127595533106,12.794320462028596,12.742803758508646,12.780456291451369
656,11.385103457032141,11.390823364257812,11.381768171482811,11.44634358709064,11.433612817231618,11.428950518655741
657,11.8879382384223,11.879026412963867,11.889935700564251,11.888877156355083,11.899264461852614,11.89002896849928
658,11.91170829631447,12.06557846069336,12.019333780711948,12.053289298686545,11.950328170541848,12.023656371662721
659,11.487617913343598,11.765440940856934,11.770140862736156,11.783004559316998,11.744337090663448,11.767350763902725
660,12.025755079404917,11.971403121948242,11.977541266025836,11.978060360210387,12.07951403879353,12.00718815797945
661,12.19552218463499,12.205144882202148,12.207237860766678,12.223300528947174,12.226639131792757,12.220044196022688
662,12.904209855160254,12.82702350616455,12.880806402753015,12.915499974291851,12.941292630897646,12.904011307525087
663,11.608244735642321,11.785839080810547,11.768008920590546,11.85720950021027,11.557854001574587,11.749552004213168
664,11.83138646878959,11.816729545593262,11.822795761232062,11.852857533383345,11.80331924291336,11.82955237852007
665,12.955129822091815,12.898868560791016,12.944365301338758,12.949671635558298,12.876086565011143,12.917006766194605
666,12.348010479804223,12.390480041503906,12.368087209126397,12.370406795548709,12.345550383390208,12.366944676356576
667,11.767575435251748,12.162454605102539,12.115689535540975,12.190009657996702,12.06766985041046,12.145023164763028
668,12.173037959397275,12.212884902954102,12.238259596681406,12.230201367017003,12.228270668701409,12.226371420496141
669,12.031725210748633,12.01418685913086,11.98856606487891,12.006762379739712,12.004365640508883,12.006921891182335
670,11.83138646878959,11.638731002807617,11.58881136749869,11.645665011671237,11.802661093694697,11.68947485264892
671,12.063938642041201,12.06724739074707,12.08337552536949,12.077603718023546,12.081928766760452,12.076993852046526
672,11.548302261270587,11.67848014831543,11.695666991384089,11.68427228496976,11.506813209319017,11.630133549988596
673,12.013706813470414,12.044123649597168,12.019763992739877,12.019515468170738,12.067160047827038,12.03886524132385
674,12.458778882573533,12.415342330932617,12.423557303362957,12.424369750400423,12.537627837156393,12.456553276516768
675,11.849404844423074,11.951177597045898,11.950598779575998,11.96452505186357,11.90586638170506,11.94368320297133
676,11.908346971208951,11.892831802368164,11.89547029492109,11.890007750840782,11.912659842911838,11.897584118241047
677,11.373674891823535,11.642304420471191,11.558365350310098,11.581556860473066,11.406012761827068,11.54035410304741
678,11.603688960617083,11.616581916809082,11.643299452768897,11.693525743440071,11.538309522897118,11.629425438491488
679,12.827995001361906,12.781679153442383,12.754293869078712,12.743145471473946,12.73565217978597,12.749135657513742
680,11.763691965388299,11.760438919067383,11.796524424984957,11.781682225462085,11.750614042789062,11.768527485247517
681,11.870606902224587,11.792128562927246,11.789657327920404,11.791456631988433,11.703443978385506,11.765069198550966
682,11.979391594635791,11.593320846557617,11.637886065352301,11.64144560234069,11.587095020075617,11.615170525503267
683,12.06105265381003,12.063834190368652,12.071140297532878,12.070034865597524,12.018074774977556,12.053187081470753
684,12.560247968016562,12.539424896240234,12.580310916752792,12.53436547837989,12.542014281316103,12.539295749817638
685,12.30592250537653,12.25720500946045,12.234595264679715,12.271651160778212,12.298450470861642,12.275473957939752
686,12.242891437918386,12.286450386047363,12.306625161342849,12.262693786651148,12.35397988632857,12.296511649994898
687,12.336556900342153,12.371596336364746,12.31111247724457,12.307999697510404,12.352205723202722,12.334363106970175
688,11.910365121788654,11.892826080322266,11.890137114736062,11.93256194297291,11.970615929299207,11.934426389060743
689,12.879019669789754,12.36710262298584,12.35525202137528,12.400937320035059,12.46705609302794,12.412329151512791
690,12.179220327453931,12.101248741149902,12.090217314827083,12.118612560134888,12.178956830571735,12.132227632781314
691,11.856522261533737,11.891141891479492,11.902237133972289,11.905423680102444,11.893711183600207,11.898879967286295
692,13.534474352733596,13.156655311584473,13.230199539812405,13.27270714781806,13.529548717747822,13.32479216100304
693,12.721888795877375,12.620960235595703,12.688864018734472,12.579670003433828,12.67070084165524,12.61925695020157
694,11.59433032142082,11.525546073913574,11.591663664528264,11.519611972459453,11.384996449217844,11.482856214301028
695,11.860062063178267,11.743788719177246,11.759466141066843,11.795371097008564,11.813463280150174,11.789045886017256
696,12.07824495582233,12.044230461120605,12.082079744173985,12.032920658697481,12.056321914626764,12.043973038308533
697,11.39640288460621,11.491833686828613,11.414228433487928,11.43029220745608,11.475776293619148,11.455953451727598
698,11.724004532183379,11.722182273864746,11.7553401271706,11.732337307463002,11.774607982745355,11.743776924510058
699,11.83863282480007,11.893327713012695,11.782989713161756,11.85309193373428,11.79791453896173,11.842264339112397
700,12.185875040240456,12.136127471923828,12.182936819625606,12.167485480486734,12.201986403673938,12.172003995032686
701,12.652362948153474,12.635194778442383,12.618100353414842,12.66412883227353,12.636382244726583,12.648286266356745
702,11.849404844423074,11.90009880065918,11.88895908228018,11.877015833432413,11.862799929593752,11.877862855755161
703,12.799178471909892,12.700267791748047,12.715350929893765,12.70496141341638,12.835828703674984,12.74371265216095
704,11.849404844423074,11.831868171691895,11.82894519471084,11.84660194855698,11.722116302167741,11.805556192588188
705,12.269052139516223,12.265457153320312,12.265131842740654,12.248450970358272,12.246267226548131,12.251841722336426
706,10.915106645867503,11.064681053161621,11.072258085043824,11.125355017368248,11.23066264773001,11.142800178013545
707,12.618185607609803,12.596465110778809,12.586199971827254,12.607651917989877,12.563219069819471,12.591265686260215
708,12.445093483000798,12.299331665039062,12.324536248800456,12.283288166229502,12.296699208416394,12.292026501209396
709,12.09815887308463,12.173120498657227,12.162472930354872,12.141421813777285,12.120337553755489,12.14227713227789
710,11.60733523953139,11.594697952270508,11.573059627252217,11.601519590710236,11.549663834586754,11.583547503689422
711,10.859018228147887,11.153284072875977,11.200443225719367,11.082086467961554,10.958428271583305,11.063540798298124
712,11.54031687156214,11.21109676361084,11.42979048989857,11.460245472280262,11.206559832822323,11.332123805573007
713,12.149507585033072,12.17520523071289,12.165717004793262,12.130316896231067,12.196174327703773,12.160500147614488
714,11.767575435251748,11.719857215881348,11.689868029470484,11.69449690035344,11.768826688462557,11.721853369300415
715,11.779136168550774,12.119576454162598,12.087869830226008,12.104272066698556,12.056355761528984,12.092414481698443
716,12.013706813470414,11.930134773254395,11.925941706566748,11.9106457327517,11.877827697697072,11.905283940387685
717,11.979805470779858,12.154084205627441,12.208371714152817,12.216182464579179,12.082158944724208,12.162956557075496
718,11.964007453736912,11.927589416503906,11.966473910356575,11.956343273666912,11.914074464247655,11.9381259495075
719,12.739640688812674,12.644357681274414,12.634730959910694,12.64253260513881,12.670792492976128,12.651129675650449
720,11.763691965388299,11.799121856689453,11.824133890833586,11.783451060923134,11.812062971031194,11.796664020220868
721,12.524530013005734,12.462385177612305,12.4691112848318,12.476143405921592,12.473878686258203,12.47241312386518
722,11.870606902224587,11.872265815734863,11.87709877571191,11.885965974951812,11.81840797004007,11.862552656581585
723,11.732069026983156,11.666067123413086,11.700696605813931,11.674476911535782,11.68084667506744,11.67559034170189
724,11.813037464800539,11.787031173706055,11.782179624374214,11.742601417336843,11.849174110573427,11.785078016909978
725,12.676079399771027,12.677769660949707,12.671342607156062,12.679873136087627,12.622755229458825,12.661974419827228
726,11.699413330633599,11.681498527526855,11.685339126163203,11.682197024093917,11.589396227759238,11.654262629336536
727,12.310437165348775,12.379718780517578,12.2792134076465,12.326555705899741,12.514589611143778,12.39227915483897
728,12.178192583415596,12.155014038085938,12.153165226026843,12.158062168037077,12.174375406302032,12.162175078242525
729,11.608244735642321,11.76724910736084,11.823446169136892,11.860925662652326,11.940704351122807,11.864511366063752
730,11.542493975902508,11.471086502075195,11.47916552729162,11.466743993190736,11.600367116444845,11.508236535382942
731,12.373707715234994,12.447921752929688,12.463809266932987,12.461501449680684,12.438729559170472,12.451966997358538
732,12.141539457711714,12.101391792297363,12.112656641614748,12.101439720342679,12.221198159763079,12.1378268067091
733,12.312686874960354,12.346760749816895,12.330441640137394,12.357576548657265,12.330634365253228,12.346326860638179
734,11.786008995353765,11.809388160705566,11.786451999825696,11.819099675465957,11.802365896430924,11.81095245739231
735,11.58989576532275,11.666254043579102,11.64338559608764,11.658591772688297,11.654074468873832,11.658266269783637
736,12.001511614739405,12.014912605285645,12.074149050182974,12.013253775416109,12.16577662156394,12.061568854982124
737,11.445727410406752,11.36017894744873,11.357576961763137,11.36432153309518,11.264917055883208,11.333355480864796
738,12.3879816172226,12.353967666625977,12.386096453104328,12.329305724503625,12.31162920466835,12.330995171029228
739,12.095146671399466,11.883744239807129,11.837412350876045,11.918962546187316,11.818990580471034,11.878887333276866
740,12.154784614286667,12.215534210205078,12.20084373942627,12.214903557585005,12.16650197455381,12.19999037153778
741,11.790564777297387,11.673234939575195,11.655163011448444,11.680225580696126,11.600145609751795,11.653851438330241
742,11.863589378812122,11.829867362976074,11.862793818339318,11.832394639705326,11.804477365714657,11.82454399311218
743,12.095146671399466,12.078300476074219,12.08538237549445,12.079724073990866,12.04981984907212,12.070639856336403
744,12.07254696717504,11.944104194641113,11.971476879872533,11.999508366898187,11.952041621260936,11.972967271418826
745,12.100717685412471,12.267651557922363,12.300993411491788,12.251126327983673,12.33620072245307,12.281809083247683
746,12.61087420020211,12.745471954345703,12.801437366492484,12.724302910736405,12.689431376151077,12.72081860848042
747,12.371591321286905,12.353778839111328,12.38525114115153,12.374637283340261,12.326661760128356,12.356330479791291
748,12.491176396967154,12.415029525756836,12.29847813897807,12.392701287740985,12.182917328629395,12.33089984895459
749,12.469978029554953,12.38247299194336,12.411535349300243,12.35811074646325,12.40641952404109,12.379460993806392
750,11.49273296168228,11.342711448669434,11.411616286011755,11.327447687981515,11.296582612631013,11.32420901379828
751,11.477308649967686,11.391094207763672,11.286110913755778,11.40604562710289,11.34867413550744,11.381573954173588
752,11.995357787034976,11.996228218078613,12.004635835906843,11.989160425322726,11.955041908235252,11.98088181424694
753,12.28765724080691,12.205364227294922,12.232395919369928,12.17700234381357,12.250102629680304,12.206690233866295
754,12.526346537332584,12.480076789855957,12.481103596528891,12.510921749344286,12.538345124689886,12.511841216789945
755,11.957617696467539,11.974163055419922,11.949974149099825,11.957911589884482,11.973703923093211,11.96569626377277
756,12.058158312538197,11.994812965393066,12.013229368469736,12.006677370292007,12.07404320664686,12.024741006472546
757,12.264346270624157,12.278624534606934,12.259748851129755,12.260957812603836,12.245505153853635,12.259871103929314
758,11.97603664577121,11.94743537902832,11.905362254893918,11.944240145473287,11.813350119857645,11.904185024797016
759,12.097378802727306,12.05175495147705,12.03827181217841,12.024545756912788,12.035753586472971,12.033939831198866
760,12.577639650232573,12.636734962463379,12.627828650917813,12.647979120785664,12.575231070576425,12.62311328463951
761,11.755879486687116,11.737515449523926,11.718707172861965,11.768489074826407,11.820681623823834,11.77613450095935
762,11.51293546492023,11.627580642700195,11.670260397672862,11.659811879763359,11.564782277017576,11.625033762663952
763,12.279327754099118,12.176738739013672,12.209270335430023,12.206585670560324,12.210749524941527,12.201846738588578
764,12.727841176689147,12.634422302246094,12.67959655475395,12.681264839287525,12.65340918093572,12.663282902701166
765,12.506180941677357,12.442972183227539,12.448467234030904,12.47199377706303,12.45790776492165,12.461023767848728
766,12.484208043148733,12.545940399169922,12.553645853431071,12.536795489670833,12.406834772715102,12.500172356542329
767,12.188422799337028,12.09980583190918,12.148941683320519,12.132355427875765,12.137272598272244,12.127775926279483
768,11.982935344196433,12.083273887634277,12.11267738523689,12.071944086834831,11.91680788543152,12.029028410229726
769,12.28690580994122,12.374441146850586,12.37517065914666,12.340105203816771,12.309626420655496,12.339161379820574
770,13.195615697878253,13.141572952270508,13.091292184312444,13.107433041472547,13.282251327260994,13.166391274335156
771,11.812296455066814,11.802336692810059,11.77788554595503,11.80688212625067,11.783108736680383,11.797798574122847
772,11.532737896139919,11.681731224060059,11.672643841312222,11.693260280244006,11.73333591685975,11.702241581184799
773,11.580593459194764,11.8379487991333,11.841753378320742,11.849634553312619,11.758780648699698,11.819662073960721
774,11.648338835562747,11.710532188415527,11.685108956749904,11.716054522439654,11.665052344916775,11.698517416771498
775,12.886643575525625,12.571905136108398,12.559957544002453,12.564457325264142,12.591568040320027,12.573970006287063
776,11.995357787034976,12.001179695129395,12.005911013761208,11.993755698884716,11.9480835452043,11.981960434049926
777,12.308182383129823,12.30781078338623,12.311416870803725,12.300625777222958,12.340924673778757,12.314582261042153
778,11.86710429621008,11.810946464538574,11.806831402608209,11.85823193624444,11.769458499656977,11.820113201604256
779,11.87757552297847,11.814935684204102,11.73226608918104,11.798184509569559,11.857688422792,11.817195162930087
780,11.813037464800539,11.86038589477539,11.871735628138746,11.859563578077807,11.90989995896084,11.875288956970525
781,12.07824495582233,12.0636568069458,12.064503638381755,12.032790445319453,12.000021056324906,12.030333975797209
782,12.077676615757813,12.057931900024414,12.069940654682604,12.06163289311305,12.017045985745423,12.047762172855496
783,12.139403856983334,12.142377853393555,12.133504918905663,12.166074960209272,12.147877185700938,12.154639327669907
784,12.016732516077072,11.938821792602539,12.005860779106197,11.961205369782109,11.977009186457243,11.962948379195213
785,11.759793355371237,11.809845924377441,11.80207986511818,11.83480238128732,11.67817077525116,11.781483376489064
786,11.992266613576142,11.978789329528809,11.986865576462725,12.010562144355893,12.0542604096751,12.016398733044067
787,11.842236406331555,11.760026931762695,11.734930170377554,11.747327072483396,11.743779298375584,11.748417759248529
788,12.358798024384122,12.317861557006836,12.348042018875157,12.381036446146284,12.344299813736958,12.355964651884054
789,11.588969419043872,11.62104320526123,11.641573856379102,11.633182135973586,11.568310494573007,11.611495486683896
790,12.141539457711714,12.251959800720215,12.292592909626228,12.295846738696154,12.29836229570008,12.28754348327504
791,11.984184555794167,11.980951309204102,12.00060519727477,11.975246131893547,12.019724908936766,11.990664741881154
792,11.896833207128452,11.976849555969238,11.913622487890143,11.952388488877334,11.908434593654754,11.942810399924916
793,12.505402864156405,12.36858081817627,12.357451153864334,12.397018165697904,12.448796232312757,12.405411544459787
794,12.323860125621126,12.375723838806152,12.36747132648176,12.340798008168658,12.309889063910784,12.339552993746645
795,12.178192583415596,12.1849946975708,12.175252342434337,12.198230694558811,12.207528639873601,12.197528241918683
796,12.049424683420915,12.002464294433594,11.997179034778368,12.01395720869072,11.995886813025328,12.005597361129972
797,11.874097282798648,11.848891258239746,11.827971838325462,11.81990933283042,11.847069655566257,11.834263901916652
798,11.608244735642321,11.502238273620605,11.502640163048401,11.574283299413644,11.50093517167289,11.535050512191269
799,13.091906231773164,13.058439254760742,13.00955120695452,13.132322702948645,13.02258645746101,13.079995111590478
800,12.07254696717504,11.889071464538574,11.916994214013656,11.92219101151094,11.958849020550339,11.926280280327973
801,12.206077645517674,12.216551780700684,12.20415555187786,12.186942621464842,12.292106685206093,12.225196062410287
802,11.60733523953139,11.743285179138184,11.739925116448314,11.738147753623744,11.749525064372527,11.74267756784
803,12.149507585033072,12.144573211669922,12.12949442021021,12.125822002638362,12.165121670455537,12.141588041014797
804,13.275829251377,12.983787536621094,13.048506790478895,13.093612091510009,13.070886027005168,13.06282164855736
805,11.678448377988165,11.605409622192383,11.630047181017796,11.639246911646046,11.508603060097034,11.592749764335823
806,12.335700805443338,12.22864055633545,12.223346212971135,12.225456271375563,12.268626951752239,12.239011584721677
807,11.816734299348461,11.80673599243164,11.804911195962363,11.791430844299141,11.782012833800911,11.792188394433142
808,12.317171167298682,12.195191383361816,12.212485520464709,12.284292884816377,12.19342000033087,12.236308458058753
809,11.982622797311857,11.866362571716309,11.908397468963814,11.875780677516534,11.802947774988306,11.853098250713234
810,11.571203807011969,11.718555450439453,11.71030289404574,11.756419788745365,12.159879093635844,11.8683995517732
811,12.10625783509458,12.0935640335083,12.200964741614447,12.049563216278957,12.116712599070773,12.08399167049862
812,11.881041706925902,11.90469741821289,11.891273516655637,11.906431490196315,11.984664931372569,11.929071965192403
813,10.932999821119937,11.346341133117676,11.433093563783766,11.539418168856624,11.170365207314768,11.385399666362753
814,11.969723533345908,11.955035209655762,11.93003739826891,11.938078456240376,11.9556575827836,11.946540511076513
815,11.661354090741,11.671092987060547,11.688762733931537,11.65680632697748,11.725588304915714,11.681510872389852
816,12.323415584358154,12.279120445251465,12.24097416157043,12.27117764005011,12.23506709328544,12.260888523596643
817,11.827743504053695,11.824090003967285,11.779960621537299,11.809668145295797,11.82682572447139,11.81673257230352
818,12.509877789891931,12.561516761779785,12.564295326005784,12.569332254225461,12.453529063357099,12.532746503399366
819,11.951186847493476,11.884408950805664,11.929335661121637,11.880890403578276,11.941654326301666,11.901563108598012
820,12.319405795112926,12.312851905822754,12.324019007394032,12.301219403986353,12.311182186489638,12.307379670457276
821,12.117246896289503,12.15524959564209,12.141951564113095,12.152173652028427,12.107922413598804,12.139140355173296
822,11.440365524765756,11.366838455200195,11.413850776008092,11.45396414039611,11.563377630691921,11.467703520056777
823,12.323860125621126,12.10468578338623,12.167129011065164,12.206570093602735,12.193639712802483,12.180540578234181
824,11.845827048676645,11.90754222869873,11.91566423529134,11.884991907545853,11.928589502873287,11.903764393695877
825,12.357079818283598,12.37129020690918,12.410476526921054,12.361601565857303,12.364757289878643,12.366226586234855
826,12.861001210669146,13.051003456115723,13.05253642461275,13.054288076656713,12.957103504937818,13.024338143734427
827,11.603688960617083,11.571906089782715,11.59112353085,11.576631635191253,11.60821946382746,11.585669916552021
828,12.149507585033072,12.159822463989258,12.17602209785893,12.176250407682181,12.159801146813214,12.167948020740369
829,12.128116509451258,12.053502082824707,12.12590421910688,12.133155689422123,12.11356759788129,12.110776619650142
830,11.900912042974875,11.898860931396484,11.937386574368988,11.910667570041568,11.860914031089147,11.894231970247423
831,12.019749091416921,12.02466869354248,12.019575468989554,12.035168194984646,12.037774216578033,12.033268662558648
832,11.92504173829169,11.924474716186523,11.931013990333202,11.88418141275656,11.875393713290915,11.891383188273284
833,12.37581963951765,12.328601837158203,12.327583256905292,12.342166757862472,12.36554516046779,12.345922868880042
834,12.025755079404917,11.972990036010742,11.983849167501175,12.03938186091164,11.98058022834557,12.006235766091153
835,11.849047640327147,11.851052284240723,11.842193192140984,11.811287855408949,11.809517155039167,11.819937159724093
836,11.759793355371237,11.785093307495117,11.807319313635231,11.774793733206321,11.746493245663274,11.769516629230914
837,11.941462360646149,11.821569442749023,11.799085803155084,11.889163326226079,11.870300993617445,11.866577884624938
838,11.51293546492023,11.493324279785156,11.491640216480109,11.501428324832725,11.506316213297954,11.500905210478578
839,11.87757552297847,11.842132568359375,11.931499353900385,11.866465135878654,11.942366569918189,11.886589050982536
840,11.779136168550774,11.726984977722168,11.786472373118112,11.74044131459312,11.787447853070375,11.753433390872111
841,11.849404844423074,11.831513404846191,11.74929995633145,11.783210485219817,11.784553236716208,11.792280382135266
842,11.967187086434018,11.81860065460205,11.766744464165704,11.870564438342338,11.853468922053944,11.851218054547317
843,12.071975378543236,11.967421531677246,11.983564009059684,11.975730093036297,12.070489441754939,12.0027993056352
844,11.856522261533737,11.770488739013672,11.701669106617524,11.704401522423112,11.611412522104049,11.68982028992183
845,11.944064817531656,11.880681037902832,11.790849727625611,11.841029979131003,11.80765279148397,11.83733104161298
846,12.049424683420915,12.03998851776123,12.071165237934105,12.112217332725677,12.11784348148031,12.09775617901509
847,12.269052139516223,12.194208145141602,12.213705185018826,12.20466560083355,12.196355069211712,12.200349863886684
848,11.80186424743109,11.775924682617188,11.819165501871884,11.761987846452657,11.775460259421363,11.77086965537261
849,12.388398368982115,12.333321571350098,12.333073203962718,12.291617351776575,12.416643619416849,12.339151937318071
850,12.138869243416009,12.1078462600708,12.096893275286307,12.127255467543419,12.07398609242394,12.106226184727367
851,11.78676973513378,11.859138488769531,11.871727009902596,11.87413287636859,11.80519717403607,11.850266414568258
852,12.278397958261774,12.257299423217773,12.262708037423678,12.217299547404474,12.153185491881366,12.207757584479378
853,12.00762780434872,12.069344520568848,12.045629487520678,12.046180141137922,12.142749249938884,12.079917368459391
854,11.970356641102999,12.047372817993164,12.04440400787657,12.048160365517184,12.0901841593603,12.060503898863868
855,12.04355959836804,11.98981761932373,12.030418305499921,12.024463013833087,12.15713519801221,12.057496917880355
856,11.751950239425476,11.873290061950684,11.823596894938975,11.896496892083134,11.914389350996004,11.894608274389872
857,11.898194668458823,11.913555145263672,11.893622585297885,11.870816201903313,11.90171642725074,11.889612757794277
858,12.066816325306588,11.93476676940918,11.932573639079445,11.941531438958298,11.954384254203509,11.943704981324817
859,11.931642378754141,11.98366928100586,11.912694069851245,11.991845865946086,11.949838014267733,11.974793991494025
860,12.429220196836383,12.363824844360352,12.441311124271243,12.388353588989048,12.341555676588484,12.371126521626007
861,12.154521423145216,12.070416450500488,12.045836163367868,12.02290762898264,12.010335673362082,12.02961048004883
862,11.78676973513378,11.816408157348633,11.77335083806042,11.814637946376706,11.826899317168177,11.817248202315854
863,11.931642378754141,11.877988815307617,11.863062560755473,11.85396809500542,11.873294261420634,11.86499183749655
864,11.794345471549745,11.835501670837402,11.81957205822847,11.856911877880181,11.895443956121156,11.86283273414319
865,12.43153750053306,12.247530937194824,12.223475548527837,12.239759795073494,12.225984658982295,12.236635512296816
866,11.908346971208951,11.817157745361328,11.847558798622208,11.81501386162986,11.851451267050383,11.827538915460853
867,12.424810506025395,12.52281665802002,12.515333760954556,12.463772617236172,12.44398726149106,12.471654764300062
868,11.767575435251748,11.78737735748291,11.793368676100734,11.827131852649673,11.771228913842254,11.801045013679003
869,12.037659911047468,11.974533081054688,11.950893043675983,12.003436070731215,11.93087379603334,11.97389885397667
870,12.371591321286905,12.320549964904785,12.340907875847615,12.334850202288777,12.333324496874473,12.331687242451318
871,11.603688960617083,11.507208824157715,11.53086458319872,11.497424604208135,11.544476014593604,11.514729483213255
872,12.208574513247495,12.099074363708496,12.111692808070945,12.103825692155281,12.122476118975833,12.108738384046257
873,11.661354090741,11.648629188537598,11.708700446576621,11.693600812661657,11.81281718285333,11.720802402110696
874,11.798111925972618,11.772972106933594,11.741124450328728,11.738262619136234,11.392136841220031,11.641371982155398
875,11.104972264124868,11.421611785888672,11.4550273740861,11.430831271334277,11.426367119420412,11.428451897822185
876,12.623064399210183,12.730189323425293,12.673210593116625,12.702265090615722,12.731716159820566,12.71580084335618
877,11.792456911128632,11.829448699951172,11.791733512481335,11.83477683545346,11.88707155849281,11.847915348243111
878,12.765691290604371,12.769465446472168,12.737733314165233,12.736259559650115,12.783190454534559,12.757190040553395
879,11.904974309480183,11.936812400817871,11.925313513708106,11.919124507985064,11.879214251747728,11.910946226093083
880,11.824087219587643,11.78039264678955,11.858205595188423,11.854010462785135,11.837637178847583,11.834226769389122
881,11.964007453736912,11.980226516723633,11.966822022505122,11.95765701046351,11.945018627461177,11.958776956923622
882,12.141539457711714,12.275849342346191,12.292450553754493,12.259995506261452,12.281703200703499,12.270883578941598
883,12.08954444723597,12.048866271972656,12.045799691773992,12.055762847890483,12.079339269229393,12.061098653943176
884,11.682676678340282,11.732357025146484,11.754331850620172,11.753454512215644,11.764297578563562,11.752444404403636
885,11.51293546492023,11.636073112487793,11.656603191553012,11.667867200470246,11.576701832692073,11.633584259537797
886,12.70351207261035,12.578146934509277,12.531681400538973,12.502942758067963,12.447631469733139,12.502643566645212
887,11.884495917930655,12.009535789489746,11.980397759888499,12.039243813719287,11.948562217645488,12.003875367288032
888,11.816734299348461,11.831415176391602,11.894583141226045,11.832310838084705,11.91094001151659,11.85793633503838
889,12.498745990829315,12.589942932128906,12.603484749056284,12.605355446607241,12.51556988204918,12.575153683451457
890,11.915058360753719,11.98036003112793,11.9731001143309,12.01167464067247,12.016190379115008,12.00530620306155
891,11.719134432217524,11.635610580444336,11.652116271529627,11.654149578523484,11.624630024643954,11.641424329237717
892,12.058158312538197,12.030553817749023,12.001131730477555,12.05633767225829,12.021050619784095,12.038550723444512
893,11.947955847790901,11.910847663879395,11.900021953811526,11.915630480402784,11.939955424895004,11.921425725339786
894,12.013706813470414,11.927437782287598,11.93242313751979,11.92969249363542,11.920461380381107,11.926552503058504
895,11.685693195625964,11.641873359680176,11.668936712887291,11.70252359344328,11.609112250570242,11.660906077352568
896,11.849404844423074,12.02811050415039,12.011559969229546,12.011184400873448,11.974155539375896,12.00351479576805
897,11.575909653758895,11.441545486450195,11.448778826316737,11.484778279462008,11.443262992418614,11.462230327114387
898,11.870278179170796,11.90129566192627,11.869925594779406,11.869227173773458,11.889874626640038,11.881996461819522
899,13.323928581764989,13.118853569030762,13.048542791614452,13.076152119848503,13.045307311360098,13.074622015369522
900,11.813037464800539,11.807991027832031,11.810192607339891,11.810465923275235,11.796918938072992,11.805878884036716
901,11.608244735642321,11.659954071044922,11.621463125453719,11.639497750493566,11.613111667374032,11.635106815081794
902,11.938199736300925,11.909253120422363,11.915963530883147,11.915258780169319,11.910594065207688,11.912656573323549
903,12.100717685412471,12.099281311035156,12.0967967183314,12.09026686409157,12.069817995770652,12.086183607245898
904,12.388398368982115,12.336133003234863,12.380961848282395,12.389428271888695,12.416750306688236,12.386483984080083
905,11.74006900564972,11.706185340881348,11.696361873232195,11.711904246445707,11.68585864245718,11.70236662504998
906,11.759793355371237,11.764699935913086,11.757889376856848,11.782781933619978,11.712603042699303,11.757129589953674
907,12.449022745701502,12.494455337524414,12.4748927694997,12.472005619288593,12.456072400016259,12.471892010696306
908,12.429220196836383,12.378827095031738,12.34353473078096,12.409738917154385,12.340440866348004,12.380298111936396
909,11.782960235741939,11.78437328338623,11.762898131692857,11.786091615435268,11.734882039360745,11.76953742520811
910,12.066816325306588,12.121957778930664,12.121844978833769,12.138143972120325,12.075351855798374,12.115398103604548
911,11.946660519211651,11.900218963623047,11.940112530782795,11.91468709376603,12.032768140604915,11.94812486759632
912,11.874097282798648,11.889668464660645,11.8958280268518,11.920549672329695,11.971442349601423,11.928695397591373
913,11.385103457032141,11.58997631072998,11.638229048599383,11.592605778571567,11.550465621063385,11.580987973739953
914,11.884495917930655,11.954971313476562,11.84955443682571,11.9476669199955,12.020126734973095,11.967526573354794
915,12.065280672855897,12.075019836425781,12.057225407171073,12.074081377857869,12.060096046046125,12.069481159786664
916,11.225256725762893,11.256475448608398,11.321305731314718,11.26134845553034,11.388601018093539,11.300701642679487
917,10.471978128496518,10.877608299255371,11.108534333201595,11.064929576903568,10.737065120806989,10.929686691135615
918,11.813037464800539,11.77560043334961,11.76369010018302,11.79773254769418,11.828904972437485,11.801408271506757
919,12.380030154325457,12.482458114624023,12.441955813186732,12.436707428529417,12.533518688774794,12.47532351270852
920,12.081081821061819,12.072223663330078,12.09825149878131,12.101436535182238,12.113427249574528,12.098975762116511
921,12.211065162153215,12.16440200805664,12.169210880386553,12.156685458140036,12.132078134714742,12.151296038817717
922,11.890683588496984,12.049712181091309,11.975405098432917,12.077529251293443,11.95481738752277,12.031409703213743
923,12.043500773454495,12.043160438537598,12.077629775164946,12.049473592518376,12.137523881715182,12.075639791386877
924,12.170450649220749,12.188328742980957,12.192185909081156,12.186015233482841,12.144767615250226,12.174300166161979
925,12.242891437918386,12.149938583374023,12.186148821890335,12.201023880876226,12.213763878886084,12.193922810029495
926,12.07254696717504,11.921433448791504,11.92638455730675,11.94142712780989,11.953904794646846,11.940579359852036
927,12.560247968016562,12.496566772460938,12.525247064877169,12.538442653962777,12.62316905097135,12.554920717225688
928,12.07824495582233,12.103500366210938,12.116427670765052,12.130416598296202,12.066445555690802,12.105209370926367
929,12.373707715234994,12.401937484741211,12.417293207863992,12.433248797261953,12.422699144216203,12.423138791647904
930,12.310437165348775,12.351320266723633,12.356860116307343,12.287581207475002,12.321315413353444,12.313128263239715
931,12.211065162153215,12.294270515441895,12.300363237386591,12.270931877040448,12.240849958948143,12.267669473657046
932,11.674202123168433,11.756367683410645,11.7485743348556,11.722691344492123,11.753468541689472,11.73971059314121
933,12.676079399771027,12.567091941833496,12.561292321031752,12.632027458302426,12.593097806228565,12.604623761745543
934,12.154784614286667,12.186847686767578,12.182053124535798,12.19528974886534,12.16953219358061,12.185363874895792
935,12.396697137361691,12.357037544250488,12.377156580315024,12.361586588067684,12.372678716356937,12.3645361623689
936,11.288543647320601,11.272761344909668,11.338813187799488,11.318159207865557,11.54165015220192,11.37681830671691
937,12.127575825689417,12.087882995605469,12.087859306914556,12.086710277795452,12.150423283825631,12.106145204915173
938,12.441148720271016,12.33504867553711,12.322231888277841,12.331817080049015,12.318071518459737,12.328009480988104
939,12.387560521575551,12.427416801452637,12.392002489882898,12.399963524031586,12.401003244526871,12.405595355985263
940,12.406565597924235,12.402576446533203,12.372244061506601,12.32192725167216,12.284043542421593,12.328728854229118
941,11.924379271639218,12.094300270080566,12.139801825222182,12.07903742307682,12.029352748089408,12.069325649858406
942,12.273735966890268,12.316378593444824,12.324197005146694,12.324006042907943,12.333734281332978,12.325382719619636
943,11.918397239722838,11.743598937988281,11.761501373243684,11.76119777413464,11.659623638611293,11.727081674571899
944,11.870606902224587,11.858776092529297,11.841952303432135,11.851152924646126,11.83065242571135,11.846222999271802
945,11.83138646878959,11.967211723327637,12.030063049745534,11.974388660101031,12.074455120231736,12.004949376873686
946,11.735276702486741,11.802288055419922,11.797288814625205,11.857551370723849,11.798444243915188,11.826417332285173
947,11.870606902224587,11.911262512207031,11.93636677717615,11.942487035894874,11.833552390587643,11.903156750514508
948,12.506180941677357,12.56831169128418,12.593629797101428,12.57003358038229,12.509167048997721,12.552203835730237
949,12.167856627501678,12.225268363952637,12.225771958425689,12.235272091953735,12.23526001801909,12.232898535365692
950,12.193498926601634,12.09699535369873,12.091882529067117,12.05955389812595,12.11244762384953,12.084214546639375
951,11.767575435251748,11.846403121948242,11.851761964872518,11.84179490898947,11.801184948304753,11.83087147420005
952,11.694421681264394,11.71619701385498,11.652031497134988,11.709969986013947,11.669783167069069,11.697140164018037
953,11.804855999911272,11.799988746643066,11.800647129971823,11.761119653568551,11.819474410075141,11.787963803658116
954,12.055255569732177,11.992347717285156,11.954250969404777,12.020567530066439,12.101981683142803,12.036984525570624
955,11.755879486687116,11.77566909790039,11.709251816915966,11.798718932415,11.855856067480689,11.808084919525651
956,11.884495917930655,12.036312103271484,11.961131564142985,12.026412779805236,12.056210717574977,12.03511750476399
957,11.728044909070785,11.761068344116211,11.741441821024411,11.758688890911124,11.767577502508962,11.761246057556416
958,11.790564777297387,11.797586441040039,11.73950935028749,11.7634634679234,11.735086833819341,11.761053952830416
959,12.128116509451258,12.1908597946167,12.196200750767948,12.1753088621906,12.179072813544106,12.18033776285143
960,11.951186847493476,12.043384552001953,12.053255233454847,12.028059886801111,11.999864294267578,12.023583536844223
961,11.665655135642039,11.715518951416016,11.672204736184176,11.720247671815006,11.754530029975857,11.727918776677017
962,12.513561021741964,12.464141845703125,12.427699459437909,12.468303468570614,12.543371190711309,12.488611582102969
963,11.951186847493476,11.95323371887207,11.950171207839505,11.973387296162333,12.026002525571185,11.984290146393999
964,12.384223015005313,12.587027549743652,12.528737502540928,12.552257457351237,12.524462583242999,12.550169880341423
965,12.277932735946903,12.260113716125488,12.282718163596304,12.270096276402752,12.313385813573987,12.281516050458745
966,12.094587859196112,12.051376342773438,12.05426634077774,12.052062349030452,12.066107348506435,12.05622197437932
967,11.982935344196433,11.884183883666992,11.884331414553717,11.876407052764968,11.86585560523482,11.875095794131017
968,11.813037464800539,11.806385040283203,11.823251183316188,11.822187279861677,11.78187934775137,11.806884101562675
969,10.542732775946709,10.83220100402832,11.00332851638244,10.927380818918657,11.072552484831023,10.9542691413961
970,11.849404844423074,11.720911979675293,11.709665000067329,11.75170083216316,11.835915822245742,11.769281371397296
971,11.813037464800539,11.216922760009766,11.19659441582958,11.240604338561786,11.324719979299601,11.259535107994399
972,12.06105265381003,12.101961135864258,12.11281018172452,12.090401418180637,12.128512427889223,12.104996255348095
973,11.507922973347437,11.69474983215332,11.711413568361788,11.708990168702115,11.686860296952059,11.699518097079144
974,12.111767460549332,12.225055694580078,12.2317103903925,12.195443836105321,12.28151651106252,12.228621037126434
975,12.02874460037869,12.171516418457031,12.172899871993728,12.124726293188424,12.048347339634256,12.112977213798414
976,12.013706813470414,12.054994583129883,12.00881824045626,12.036314623977587,12.088676089952216,12.054908383329721
977,11.356283350762888,11.385009765625,11.390938906523033,11.347396824726246,11.457494769539478,11.389681690303508
978,12.20557752297723,12.226484298706055,12.195318656043762,12.208171420884762,12.210760468598473,12.212235539802704
979,11.608244735642321,11.602890014648438,11.629968240545823,11.625522327429376,11.519169350562864,11.589087538801
980,11.842236406331555,11.847872734069824,11.843495807074365,11.856134796834251,11.83984032578606,11.849111576995945
981,12.091789104493502,12.085977554321289,12.110338683640672,12.079496311245782,12.229540970463427,12.127003290056294
982,12.724869415131389,12.664528846740723,12.71604519610933,12.739392395453903,12.691155266363005,12.708815943527494
983,11.982278882874377,12.070337295532227,12.083274161416893,12.058545948023033,12.047739778105813,12.058561356652957
984,12.45254592991672,12.462848663330078,12.467050642800386,12.480062939610612,12.410596727625153,12.45521527230841
985,11.744045122410057,11.729928970336914,11.728327742313855,11.693586875135379,11.776419279199608,11.727108709597927
986,11.736077016252437,11.787627220153809,11.753664193795789,11.734883484862964,11.92198481363199,11.80254262210547
987,11.669937760751914,11.834275245666504,11.789194592546625,11.794380282902505,11.751615742436101,11.789474810286475
988,12.887129532148373,12.87502670288086,12.90032332617867,12.925410929755325,12.871280509175305,12.897992122770699
989,12.180759965737863,12.143342018127441,12.15152212229653,12.135128848321234,12.091375053974447,12.12421873912205
990,12.190964083849375,12.130510330200195,12.178360909428433,12.149329714654286,12.207590405553894,12.164020479145272
991,12.759960632315702,12.622286796569824,12.652208450939435,12.633367448970748,12.628095394988083,12.630179378826089
992,12.031725210748633,12.099721908569336,12.164015382936237,12.071239005958118,11.942111652894603,12.041451240969302
993,12.138869243416009,12.187602996826172,12.169039928861194,12.173474418803718,12.240298136040348,12.196291305282081
994,12.066241450757124,12.054924964904785,12.074422684390838,12.056809218883425,12.096237401014779,12.068892619897193
995,12.729323752253295,12.775123596191406,12.794199263941582,12.764922621070562,12.799236335823064,12.778337841136997
996,11.7085004721646,11.683920860290527,11.574192648696613,11.650711069808496,11.684432106659983,11.664955996288281
997,11.824087219587643,11.830400466918945,11.831183978831222,11.809237367680923,11.782765109703877,11.806356234843944
998,12.128116509451258,11.937989234924316,12.000886122164466,11.968182257134343,11.909247330404003,11.945446456774299
999,11.418625774449598,11.28262996673584,11.395817328867079,11.369504331822183,11.344674083416855,11.345245500342507
1000,12.235636302128867,12.097078323364258,12.116769972246093,12.114632737262765,12.151810992064151,12.122306641759694
1001,11.314486721293981,11.142510414123535,11.255230556967074,11.285711491777944,10.777384451901149,11.102626101951222
1002,11.362114203075018,11.417313575744629,11.372335611040313,11.40319455608555,11.402259493396464,11.40471746010568
1003,12.354496960983985,12.403948783874512,12.424070487255076,12.405008159838177,12.339554221912676,12.3857764119224
1004,11.827049837927534,11.903068542480469,11.876383077033948,11.884876919808773,11.924216506567648,11.900117415233812
1005,12.10625783509458,12.162429809570312,12.171248832894626,12.158420892584436,12.13958156802839,12.154020404097796
1006,11.917730355182513,11.812521934509277,11.81831409059633,11.804782729380463,11.857595422224083,11.822709950137064
1007,12.004574385508691,12.00838851928711,11.935029987552246,12.004692956423876,12.04486005228463,12.015098110760292
1008,11.385103457032141,11.350849151611328,11.397179573797846,11.346073811268992,11.388431246871411,11.361561245469133
1009,12.388398368982115,12.340208053588867,12.315825407764292,12.340156176170582,12.345984877433747,12.341072315318037
1010,11.532737896139919,11.624332427978516,11.581776106781467,11.631641080462115,11.662309951015184,11.63763642103539
1011,11.813037464800539,11.720427513122559,11.756376439539737,11.741357914316547,11.79808660450691,11.754669997999176
1012,11.51293546492023,11.575451850891113,11.623688980636992,11.596240218330937,11.614592532136644,11.598475722788116
1013,12.013706813470414,12.006604194641113,12.010312277218727,11.998168652237673,12.016333124822582,12.005772225903604
1014,11.350418300109132,11.528337478637695,11.454310448443008,11.523175809898428,11.233840834727165,11.434839899652179
1015,11.688566422839942,11.659822463989258,11.725024560410962,11.657047651311887,11.57670781708675,11.635824505026964
1016,12.33270970174018,12.258111000061035,12.235992131550582,12.247443071446622,12.246770312963982,12.249016875511206
1017,12.220966184120165,12.29783821105957,12.284102110916844,12.278656911390598,12.303917267271007,12.290351286611378
1018,12.141539457711714,12.097359657287598,12.09269243205716,12.145443178560164,12.189919472812209,12.147177466852787
1019,11.982935344196433,12.005775451660156,12.06229529023225,12.072172965635758,11.964916272705185,12.02604639558262
1020,12.271349956195543,12.157745361328125,12.163725348355298,12.16068842909771,12.163243831309854,12.160962497515976
1021,12.07824495582233,11.89577865600586,11.96345288690611,11.917548597380714,11.939275951448721,11.92124112962869
1022,12.175618592671356,12.185282707214355,12.192796486248964,12.187785920119945,12.205947755890653,12.192910561133052
1023,11.373674891823535,11.642139434814453,11.608750897824434,11.621406407756718,11.59518333662348,11.617308121777022
1024,12.160033942617156,12.144834518432617,12.134136785719663,12.144780875518737,12.112156329634495,12.134612463208745
1025,12.567240979056246,12.672331809997559,12.680564825929402,12.65684152573747,12.6034153806118,12.644761912034303
1026,11.630717389475995,11.745182991027832,11.755653180748375,11.746769386558476,11.7098294945556,11.735648918027518
1027,12.02874460037869,11.836861610412598,11.84568131638197,11.868851468627629,11.830033755347415,11.849852982497788
1028,12.588194064175278,12.746190071105957,12.791311696920268,12.637822019319321,12.629450114033304,12.662738235502312
1029,11.561725152903833,11.726418495178223,11.706844741020435,11.739667379556215,11.633408754202616,11.703876549705619
1030,11.678448377988165,11.70641803741455,11.703574782538865,11.697241492913017,11.67795782422781,11.693534765184546
1031,11.982935344196433,11.857806205749512,11.72446389252384,11.798454948367091,11.87906503037409,11.832214369232002
1032,12.190964083849375,12.346583366394043,12.29141764697879,12.32927567562725,12.287809727534707,12.319019002831444
1033,12.644330802262578,12.687884330749512,12.683409572584338,12.679467607706217,12.687884694393562,12.683851230936249
1034,12.345838935721968,12.380776405334473,12.379997062718052,12.388550406971147,12.383688829070525,12.385206287748463
1035,11.693169865968983,11.664220809936523,11.704627236873193,11.72004551721393,11.783459900204573,11.72719511176086
1036,11.338583982516495,11.255276679992676,11.313945799657692,11.344765291012513,11.245915374927357,11.295730261275036
1037,12.66191713053049,12.68256664276123,12.73000481482282,12.648447758731498,12.67904258445952,12.667440247435254
1038,12.567240979056246,12.504660606384277,12.467678006986421,12.459852691433069,12.420434187942483,12.457407613111792
1039,11.48247656671073,11.584160804748535,11.507590568530151,11.551512826388604,11.421792237607887,11.517637649161646
1040,11.289794413577894,11.190743446350098,11.173068275471755,11.198320955859929,11.244590230453722,11.209808573962809
1041,11.951186847493476,11.991631507873535,11.973870327254916,11.944170373768918,11.776788574188451,11.90455425868941
1042,12.06105265381003,12.028179168701172,12.075026532821306,12.02463467379758,12.021514221600206,12.026173025570888
1043,12.185875040240456,12.144843101501465,12.16244538642852,12.182305851972659,12.186158080653334,12.175136014217692
1044,12.47717172708952,12.434242248535156,12.476025941641508,12.440488728497536,12.446431541241912,12.442239097955515
1045,12.535379989788607,12.757523536682129,12.650116302834665,12.607425009426423,12.709470842220298,12.67018943490433
1046,11.846543632608535,11.680922508239746,11.661115851064558,11.708588717847485,11.84276704410284,11.74163847358307
1047,13.229569788348705,13.064043998718262,13.02017862464507,13.06265609712989,13.043869420823329,13.055812118231227
1048,11.884495917930655,11.861100196838379,11.882619549936548,11.852498160169311,11.933372310418255,11.879615644873088
1049,11.652696102959753,11.714564323425293,11.717242180720646,11.753772277477264,11.82995712668815,11.767413895401765
1050,11.349241150793087,11.543904304504395,11.588129332334185,11.51848263329054,11.496781315811784,11.519564339834428
1051,12.080996832096167,12.132107734680176,12.114480846872576,12.134981169991425,12.134516813923465,12.133542250259893
1052,12.206782393599413,12.157423973083496,12.121831681872397,12.13400084500293,12.172321733893266,12.14987357118929
1053,12.013706813470414,12.034369468688965,12.041643021610076,12.04583138066194,11.999723669558396,12.029486404127413
1054,11.881041706925902,11.863564491271973,11.886768974359631,11.860276989536201,11.850364601381838,11.858889010189632
1055,12.449022745701502,12.53111457824707,12.500154996367645,12.513150722867177,12.45264253348747,12.498167979160955
1056,12.100717685412471,11.992682456970215,11.99061228749254,11.970046076832842,12.040704534100287,11.996620426097035
1057,12.13270055639427,12.238422393798828,12.263635427288225,12.227862005609909,12.287452519188857,12.24917631814121
1058,12.421188057397055,12.353289604187012,12.358701672070243,12.35759585612085,12.422879351959754,12.376384576341433
1059,12.721888795877375,12.764429092407227,12.741857500906935,12.704350474327448,12.777250499767844,12.739821008560206
1060,12.301387370778713,12.137227058410645,12.155939847745971,12.181937045713697,12.282369626108059,12.202113992050293
1061,12.271396795480596,12.27236557006836,12.232694871964439,12.249372074473884,12.292971629602235,12.26658738544265
1062,11.302216779257382,11.337082862854004,11.404005915645724,11.59953226905486,11.09512135618713,11.387570833868038
1063,11.407576060361786,11.704694747924805,11.76406479086782,11.663434134639958,11.78183514049875,11.7109460582498
1064,11.612779849672751,11.808168411254883,11.813100443367182,11.802873143991302,11.662283488255078,11.762039049643025
1065,11.944714374881176,11.921067237854004,11.92051867167966,11.940473003821324,11.938258514474553,11.935156791005955
1066,12.700771936142122,12.5344820022583,12.562736226069973,12.577960473143213,12.568873732463361,12.565835493860883
1067,12.08954444723597,12.07095718383789,12.093175877181784,12.059356013242704,12.072987404204492,12.066996476781961
1068,12.031129798974042,12.022082328796387,12.059598418539908,12.048349893209974,12.186345853984838,12.084876495238916
1069,11.927687224983487,12.01620864868164,12.020310066299041,12.010784950943423,12.079474693966137,12.032874285397497
1070,11.813037464800539,11.738127708435059,11.774746303540246,11.742227066457328,11.79940478635796,11.759714302800232
1071,11.813037464800539,11.779563903808594,11.785802861169753,11.791265350357214,11.780016342850804,11.785307771350928
1072,11.944714374881176,11.960960388183594,11.970802022915995,11.947790128737392,11.9150307134722,11.941426451318733
1073,11.424105180165641,11.56740665435791,11.605427537293792,11.545109733594387,11.60119994533762,11.56861845551838
1074,11.979805470779858,11.900882720947266,11.896024941708259,11.927002292386515,11.838960736816237,11.89412913293757
1075,12.175618592671356,12.140188217163086,12.137161363326689,12.159800905040562,12.12595831643648,12.144839780826581
1076,12.299112067295642,12.203775405883789,12.154280113688737,12.172627851274603,12.224516462666996,12.19393939262893
1077,12.04355959836804,11.96125602722168,11.982832654941735,11.957331476217805,11.984074027654446,11.967059501279563
1078,11.840796531639839,11.819064140319824,11.849965734621708,11.816665521121696,11.833206084918883,11.823286631484008
1079,11.956976469393481,11.85657024383545,11.879301931160812,11.866142017000188,11.848771070487663,11.859426149734437
1080,11.744045122410057,11.789148330688477,11.812492079655916,11.802478621830783,11.832858378115086,11.809243732011744
1081,11.884495917930655,12.085759162902832,12.05679011426049,12.071080561626133,12.048826941257783,12.066884627613764
1082,11.798111925972618,11.800966262817383,11.788484173981448,11.808695890110087,11.716634809733877,11.778737724803849
1083,12.165255859329688,12.162267684936523,12.177058450915547,12.173954501930647,12.153559792873011,12.165548343493905
1084,11.982935344196433,11.921331405639648,11.918594694223897,11.914699754614789,11.912027262384626,11.915383675982193
1085,12.141539457711714,12.121021270751953,12.135788540258718,12.115093633661376,12.114769685068966,12.11692491257514
1086,11.898194668458823,11.960702896118164,11.954749142448634,11.937422225059198,11.976697785117482,11.954579618131891
1087,11.332613886815139,11.462424278259277,11.405074829552657,11.42423035387354,11.446730853536282,11.43811438227983
1088,12.437188334739655,12.453269958496094,12.508052165065918,12.486642129748782,12.467048818536446,12.474693557488209
1089,11.83138646878959,11.81712532043457,11.807870848520839,11.81839076392051,11.84296915585602,11.825156344580822
1090,12.190964083849375,12.265312194824219,12.280157254125651,12.270631237621881,12.223070734250477,12.255579045314912
1091,11.439289689006644,11.399333953857422,11.370510458726313,11.395720303891757,11.389851330361527,11.3938149011111
1092,11.982935344196433,11.911067008972168,11.938855427708285,11.96601125227584,11.956431988898528,11.950985596696425
1093,11.824087219587643,11.999414443969727,12.014007376866363,11.983871735577802,12.074327270920795,12.015285295218955
1094,11.891368749982085,11.96284008026123,11.973869656570997,11.952735245760147,12.003852351420427,11.970899546278678
1095,11.767575435251748,11.79926872253418,11.78255800174538,11.771161158545764,11.805609527710129,11.787644763817742
1096,12.080696479888447,12.053475379943848,12.043293131978992,12.083614695620113,12.062505134961299,12.069720560128532
1097,11.751950239425476,11.707103729248047,11.677960721934259,11.682876215134257,11.66197925892168,11.68136102965752
1098,12.04355959836804,11.986593246459961,11.940247900192938,11.98556660719485,11.999050821887986,11.988252616579958
1099,11.759793355371237,11.576949119567871,11.597177023106063,11.613279549893361,11.714135126359267,11.635636246745415
1100,11.964007453736912,12.010147094726562,12.02039763827536,12.063867762311379,12.009271244070467,12.034988843438652
1101,11.002116507732017,10.812812805175781,10.91993996842565,10.920259456918266,11.039002668281622,10.934046597650138
1102,11.691080018519527,11.701146125793457,11.673994103277794,11.688357545899224,11.621868121364836,11.670473908468615
1103,11.813037464800539,11.753682136535645,11.720625702853978,11.790050840623637,11.735665523856657,11.763869185788494
1104,11.979805470779858,11.891298294067383,11.854235694901947,11.885642287063815,11.83990500741978,11.871950769494394
1105,11.571203807011969,11.635133743286133,11.655906103374955,11.668553471549343,11.637012720934479,11.651817658901859
1106,12.691583538230217,12.708013534545898,12.665483204277026,12.656455918674721,12.672214123470653,12.672017961589194
1107,12.100161978566867,12.133357048034668,12.169833248474353,12.180203253619828,12.119653284969571,12.152087854996942
1108,12.52352951631214,12.365876197814941,12.369219104839132,12.398465445905176,12.45880496174985,12.40894577121189
1109,12.10625783509458,12.086456298828125,12.038376216155054,12.074841695981023,12.052590184012333,12.069249950745741
1110,12.54254845357358,12.611737251281738,12.641058522049141,12.67632190382641,12.652013528941414,12.654620419036567
1111,12.144202560946876,12.110673904418945,12.096411257493239,12.116672467648533,12.11501188175224,12.114245158528668
1112,12.230770136157428,12.191191673278809,12.194888267927467,12.179658891527891,12.126344839440506,12.166510595514886
1113,11.774527900858468,11.691702842712402,11.70042660313572,11.694054158396536,11.734957681022937,11.706094654657607
1114,11.80932691294063,11.795846939086914,11.814294116778742,11.770701024819509,11.821545574765485,11.79263121725483
1115,11.669937760751914,11.648787498474121,11.708542575859118,11.679053147220147,11.669865912672856,11.671147737019094
1116,12.669809806411457,12.63076400756836,12.570711243578046,12.618996172017896,12.729118376520047,12.652823581628986
1117,12.123239799036943,12.075007438659668,12.109143011673297,12.154997700276045,12.11939931983812,12.126392699147438
1118,11.775297421715827,11.841591835021973,11.86019691519149,11.818975059599016,11.78512035456972,11.814841577688975
1119,11.849404844423074,11.872797966003418,11.857379585377222,11.856476559914796,11.865247301153605,11.862472099838946
1120,11.803361242493628,11.710347175598145,11.662581925546053,11.72173342736132,11.744754065523669,11.724274805627763
1121,11.681832447342321,11.674325942993164,11.59500241435054,11.612813457183668,11.676024124327398,11.643737625845736
1122,12.268582547911404,12.303817749023438,12.283320702472265,12.292326276708218,12.316705884843875,12.301685290038703
1123,11.626263078808801,11.34972858428955,11.357638175591863,11.322484671441387,11.430765820672551,11.361817599007978
1124,11.678448377988165,11.579984664916992,11.522989268322544,11.490654120431046,11.623990868187727,11.550078453043355
1125,12.007017865994577,12.062371253967285,12.056630308500912,12.064672559990601,11.974629462546936,12.036851263802609
1126,11.652696102959753,11.640689849853516,11.669461555978097,11.630474113001124,11.528166747939732,11.60315402049992
1127,12.066816325306588,12.18928050994873,12.18073987073988,12.197275899419234,12.181272288234382,12.190258845259311
1128,12.464587201678082,12.273476600646973,12.341988185880833,12.436442244376517,12.368751211585662,12.379582220531066
1129,12.278397958261774,12.284003257751465,12.285013790761736,12.280067160157454,12.25077819563882,12.272235725016515
1130,11.849404844423074,11.801119804382324,11.78281416669919,11.773569452878482,11.786333605063797,11.78334501083571
1131,11.813037464800539,11.868803024291992,11.888942328225612,11.873817918557057,11.872582677005148,11.872950688049377
1132,11.445727410406752,11.507905006408691,11.518493826410024,11.540256820809919,11.76788621601787,11.601343192854998
1133,11.674202123168433,11.832979202270508,11.817944812437492,11.758990662114313,11.817672352875586,11.793768372093023
1134,12.386312871189734,12.445680618286133,12.436587704724094,12.383366492472849,12.31687105579974,12.377929230446485
1135,12.037659911047468,12.10221004486084,12.077354547684338,12.08745453995536,12.096921285888573,12.092957147501856
1136,11.532737896139919,11.578397750854492,11.549035830649219,11.54975647931297,11.5601362016955,11.558690654324716
1137,11.686887175419702,11.737859725952148,11.728398740786552,11.73192179955344,11.733327531973988,11.733432259824545
1138,11.451060699493427,11.380812644958496,11.399002264348033,11.406313447844122,11.348777870879015,11.383562067705988
1139,12.185875040240456,12.180654525756836,12.222039808262387,12.222932070663914,12.26938830666425,12.228250239586883
1140,11.87757552297847,11.773144721984863,11.757093954187376,11.767901285417265,11.588839155482802,11.714757381246027
1141,11.842236406331555,11.755959510803223,11.765893103941572,11.706591936040244,11.728112819476728,11.72519003425946
1142,12.193498926601634,12.091744422912598,12.080739331882963,12.083874202144456,12.187411377769807,12.116498786545865
1143,12.959540872420414,12.886187553405762,12.788855536880586,12.870217791598819,12.86890745853552,12.870247260334619
1144,11.289794413577894,11.419022560119629,11.443310710246623,11.480218935095058,11.527557525415343,11.480692185408252
1145,11.289794413577894,11.365711212158203,11.355499859687125,11.3456315816761,11.283383844090729,11.331352959159933
1146,11.91170829631447,11.755900382995605,11.745732458946536,11.805274326713771,11.789186223786583,11.788299965273561
1147,12.100717685412471,12.022703170776367,12.067399635239312,12.063649692088129,12.054076692746282,12.052555089795433
1148,12.069685751267224,12.098481178283691,12.092489369850632,12.085124306052949,12.117403598780983,12.097808505768306
1149,11.669082701743504,11.64419174194336,11.59432917293297,11.60942215248837,11.605450179566745,11.614790356971117
1150,11.870606902224587,11.765518188476562,11.868317781201561,11.839673158064477,11.926337058444691,11.851610019394409
1151,11.728044909070785,11.680159568786621,11.71005243827401,11.705660839946962,11.623487655570326,11.675909192512922
1152,11.917730355182513,11.903605461120605,11.928820972019624,11.928843715620896,11.9545097994686,11.931414856192431
1153,12.345838935721968,12.27181625366211,12.21088379707213,12.275129381576862,12.378086570415782,12.303172775993406
1154,11.699413330633599,11.660926818847656,11.692464775206725,11.724968664735398,11.676895750264023,11.696328863398806
1155,12.215037342290755,12.291431427001953,12.297586845541455,12.26096817442347,12.299644077339021,12.280080931954593
1156,12.292254928916668,12.16353988647461,12.199955716787649,12.175237209589447,12.285668702372122,12.206915298709585
1157,12.100161978566867,12.066664695739746,12.052840048976165,12.128026335249698,12.130576672664606,12.113667562201325
1158,12.345838935721968,12.248448371887207,12.248991867338804,12.246233484331768,12.237382918651793,12.244119998999391
1159,12.367889578686164,12.408419609069824,12.41603592389777,12.384393174707826,12.216088650108164,12.339790109656128
1160,12.128116509451258,12.086602210998535,12.099720685293653,12.13057809065614,12.07014465807575,12.102369734328994
1161,11.891368749982085,11.890649795532227,11.909074165487755,11.902854201999515,11.952412642964033,11.91548302205271
1162,12.319405795112926,12.230186462402344,12.209636675398137,12.293835340462588,12.329949377452518,12.28878784064471
1163,11.767575435251748,11.75561809539795,11.773057337684133,11.760189762859516,11.742741532469928,11.754459752208756
1164,11.59873612138334,11.729120254516602,11.862349006475242,11.780745426097319,11.672981191737392,11.74066179902577
1165,12.175618592671356,12.102489471435547,12.168307988118642,12.126941122858423,12.160306367294945,12.13342808916535
1166,12.359527368950229,12.260730743408203,12.319549008291348,12.293755465735861,12.295256389618448,12.288372465439409
1167,12.41044511731981,12.461512565612793,12.484232906603577,12.475739614688827,12.374332762727587,12.442646207330514
1168,12.06105265381003,12.155574798583984,12.16188133674014,12.119994251850146,12.17152200782593,12.144197567687726
1169,12.367345048436391,12.25579833984375,12.250816387338432,12.171585251684204,12.19273763973603,12.19786949982059
1170,13.345508528717259,13.286751747131348,13.294517804907413,13.310267319768569,13.243464181578402,13.284840539004225
1171,12.049424683420915,11.95305347442627,11.960602504942855,11.903166568725728,12.148724546079523,11.989164328767838
1172,12.001511614739405,11.976670265197754,11.977240451049685,12.017527617819107,12.057534301987047,12.019824950722345
1173,12.05467400868968,11.975715637207031,11.992095540632056,11.990432181409007,11.99681055427653,11.989407834425212
1174,12.208574513247495,12.26563835144043,12.258139197626141,12.262345479569321,12.335337418639734,12.284815987939725
1175,12.384223015005313,12.308954238891602,12.33487344100635,12.373381318325999,12.34758834034927,12.35115266389993
1176,12.560247968016562,12.586627960205078,12.619263289071522,12.592287438799868,12.630165035383593,12.603460944160911
1177,11.691080018519527,11.8103609085083,11.785370694029151,11.789336152234775,11.724764515180741,11.774069978378119
1178,11.652696102959753,11.611092567443848,11.620945343529025,11.605819900036098,11.6580697652639,11.623130585221631
1179,11.950541482162043,11.783417701721191,11.766806203947793,11.757387351358542,11.755244506307784,11.762377199731356
1180,11.440365524765756,11.522249221801758,11.535954798973135,11.533803443780808,11.41397925020831,11.495496809772911
1181,12.429220196836383,12.383694648742676,12.415408595585108,12.411134153135224,12.17147658029386,12.333634255653187
1182,12.880294363972055,12.611271858215332,12.56558971519207,12.574015617857041,12.623209013736844,12.596107421936168
1183,13.521140839642674,13.16148567199707,13.156361772856354,13.204314083593893,13.307113982494279,13.224822146677797
1184,11.695255355062795,11.906023979187012,11.887876426045827,11.881733542773611,11.901610231470737,11.892875049710817
1185,12.137263685701864,12.223033905029297,12.218572881985626,12.23655814205204,12.223986700605291,12.229395504280737
1186,11.560772327227417,11.740941047668457,11.743652763667583,11.746512082352695,11.666253618956807,11.721146493778939
1187,11.461642696843066,11.574047088623047,11.61941353886959,11.604027867704986,11.418405655663953,11.542642889823146
1188,12.476103599529843,12.523832321166992,12.562146826671821,12.554332985244429,12.497767096246847,12.531380391922497
1189,12.180759965737863,12.15898323059082,12.137163070911171,12.132960215512991,12.120231013056674,12.134584132925703
1190,12.149507585033072,12.228015899658203,12.218735225934456,12.194811475133474,12.152393215923283,12.189659471809781
1191,12.031725210748633,12.021318435668945,11.878761909142636,12.01235394105349,12.160819698930409,12.054168914996644
1192,12.066816325306588,12.0706205368042,12.068626092521768,12.080775884434974,12.042141423796187,12.066667033265073
1193,11.736077016252437,11.762216567993164,11.699305701216494,11.731202877406353,11.756840887165602,11.744123038513175
1194,12.013706813470414,12.015681266784668,11.97927659181178,11.991258642611946,11.997215324421173,11.997611045144083
1195,11.970356641102999,11.933863639831543,11.913770948479248,11.889442828016278,11.949978141441019,11.917545248621433
1196,12.07824495582233,12.026214599609375,12.024201819896843,11.99396531250147,11.992286631966271,12.001087046679485
1197,12.29779001527865,12.307428359985352,12.31605792823947,12.343850249242239,12.330973073921086,12.33158666230857
1198,11.87757552297847,11.910477638244629,11.977177200681332,11.900940432002994,12.344075479274775,12.038770618800651
1199,12.08954444723597,12.120013236999512,12.086831685062574,12.11349194067954,12.040620219361161,12.09198381029088
1200,11.904974309480183,11.804717063903809,11.825459469429706,11.808803503497323,11.890680798889385,11.83316736129737
1201,11.6617850286409,11.57064151763916,11.518409664702864,11.520456760309422,11.557109008972606,11.541635456379314
1202,12.19552218463499,12.205047607421875,12.188777783044845,12.198821662608472,12.211298595539398,12.20349251731234
1203,11.669937760751914,11.822352409362793,11.765609277097296,11.76869188773055,11.814933940712544,11.793426331538665
1204,12.269052139516223,12.25798511505127,12.247784353551491,12.244943171652753,12.227550864967261,12.242471506965778
1205,11.941462360646149,11.914570808410645,11.92792694383198,11.900663193938822,11.898732512523338,11.903866750711686
1206,12.513193308436527,12.49978256225586,12.570329540785409,12.52368430379323,12.483996244519538,12.508502976865808
1207,11.580593459194764,11.660134315490723,11.674225245045143,11.68516635762927,11.747087603699079,11.698299929411512
1208,12.206077645517674,12.217606544494629,12.251184946617412,12.228236460135212,12.265354889310768,12.238028313560957
1209,11.849404844423074,11.879960060119629,11.882956141382392,11.868414645933099,11.836642593423862,11.861721773197788
1210,12.577639650232573,12.597794532775879,12.581521060102464,12.581538423244263,12.605736588175473,12.592127006783013
1211,12.149507585033072,12.16299819946289,12.146346156022606,12.154075319406564,12.21480134516582,12.173883024926361
1212,12.00762780434872,12.26676082611084,12.271264159655802,12.204022948070785,12.292668678239941,12.245804619234269
1213,11.635151947212842,11.220210075378418,11.259304052631508,11.31296044836659,11.382811558003063,11.31318706675315
1214,11.884495917930655,11.775460243225098,11.776164742234322,11.750496939337003,11.90014670720869,11.80147263400561
1215,11.80932691294063,11.770530700683594,11.774603633979348,11.765570543348925,11.79792600499028,11.776624038558381
1216,11.736077016252437,11.699371337890625,11.660428971517353,11.683479299643913,11.618039293328746,11.666241450649677
1217,11.626263078808801,11.749242782592773,11.764076310512703,11.774800526708198,11.715852420551016,11.751494051670946
1218,12.343470927093518,12.414531707763672,12.453302527086457,12.397598960829724,12.374015510493834,12.39589900444692
1219,11.296024885689746,11.188776016235352,11.16234936284861,11.114336732555536,11.242153343631546,11.169611503499638
1220,11.424105180165641,11.46717643737793,11.518390981530574,11.524148287022637,11.406953164479454,11.477098474791541
1221,11.652696102959753,11.603668212890625,11.573407946495713,11.647627706267423,11.552935047593644,11.60761303029367
1222,11.80560254159177,11.718527793884277,11.73559616620746,11.731137476696997,11.741947778181249,11.73197240792559
1223,11.870606902224587,11.96440601348877,11.951690868631438,11.97304122627711,11.909746819474762,11.95150777811033
1224,11.834291315386718,11.772638320922852,11.749786768263386,11.80444758116633,11.766100166147112,11.784531206954675
1225,12.122696471358964,12.179850578308105,12.16442728295853,12.169492924742267,12.22256098652168,12.187383383517146
1226,11.884495917930655,11.894380569458008,11.888253589246261,11.875987604984116,11.891797902184754,11.884917447969858
1227,12.273735966890268,12.218725204467773,12.177170281012591,12.309040726463177,12.309675990007735,12.286230922369583
1228,11.898194668458823,11.853972434997559,11.853397994372262,11.886334487005733,11.918678527677988,11.888315596683373
1229,12.813920618864572,12.793174743652344,12.803161160542041,12.75668828441987,12.831985310609216,12.788382328394539
1230,11.751950239425476,11.857682228088379,11.83732512845128,11.876561893698735,11.917607542654842,11.883688298865144
1231,12.154784614286667,12.137413024902344,12.169069895741652,12.177685960967422,12.168835667328239,12.166515530096397
1232,11.794345471549745,11.878999710083008,11.90231733746083,11.876275933979331,11.757573099366347,11.842048552788592
1233,11.530775206233024,11.584842681884766,11.54275419732613,11.561483720691616,11.544850211371505,11.56059249613485
1234,11.863589378812122,11.827897071838379,11.80600789361112,11.816832819553708,11.767519994286312,11.803885140435229
1235,11.775297421715827,11.669022560119629,11.609741492076429,11.619209441108772,11.69671132682629,11.652335881899033
1236,11.841423131921784,11.840315818786621,11.879809088614135,11.952001078234895,11.863187979609046,11.900018872464944
1237,12.075400019877522,12.011597633361816,12.00439214414737,12.009842917554872,12.041314475033582,12.019473089145563
1238,12.180759965737863,12.267860412597656,12.264658468939537,12.26306197678429,12.208149647919527,12.247585830179178
1239,11.86710429621008,11.82614517211914,11.775549388928168,11.837128155447171,11.774594826175653,11.813944701636153
1240,12.490879338036375,12.335028648376465,12.35799974608275,12.310091978556533,12.323369890330596,12.320834958759953
1241,12.323415584358154,12.246747970581055,12.244592264168165,12.256416705256026,12.2311256253221,12.246430178976162
1242,12.42250975887691,12.430428504943848,12.426370109821352,12.39637136771957,12.47608027047,12.428323246757529
1243,12.04355959836804,11.920997619628906,11.979763089206141,12.044372091701037,12.007293740831988,12.00582549671287
1244,13.049794835104816,13.052336692810059,13.006937046884959,13.00358370655472,13.015478863814568,13.017215074195803
1245,12.345838935721968,12.27117919921875,12.195864844392093,12.226471573020222,12.241195079855663,12.23894660947327
1246,12.08954444723597,12.17223072052002,12.139464388180366,12.200060659460684,12.225115275563107,12.199811248007746
1247,12.136191879981927,12.162090301513672,12.171526518521807,12.181474783970609,12.21492825206574,12.18723507777615
1248,12.042971193457888,11.914149284362793,11.917056763080414,11.90697486445595,11.885946609506776,11.902465958417226
1249,11.771443882099637,11.842386245727539,11.821837571355768,11.91043729107024,11.85994534693841,11.878300375028003
1250,11.686887175419702,11.744414329528809,11.721808560727398,11.718675427759283,11.664938126067584,11.707874749583917
1251,12.404927602627597,12.43739128112793,12.391858275165722,12.475083424545044,12.503472398792264,12.473038465157302
1252,12.053801032483948,12.084176063537598,12.10586442818195,12.095160977167682,12.150155577313217,12.109828876736088
1253,11.775297421715827,11.687758445739746,11.660109632681086,11.675415366233393,11.588442556261793,11.651249605580322
1254,12.591338447675579,12.48373031616211,12.497635723329243,12.446282861017648,12.487773150683797,12.46817836981923
1255,12.016128107502665,12.09026050567627,12.12378800398357,12.084996979602021,12.09326793764246,12.089906889541599
1256,11.755879486687116,11.805740356445312,11.798242613400483,11.78846466041425,11.77197278208338,11.78736821474316
1257,12.616528611893463,12.644953727722168,12.683796340256942,12.632035613061223,12.601816269815199,12.627384897838864
1258,11.511934974596555,11.37199878692627,11.43988550880903,11.395954265824175,11.40337845805969,11.394832230220125
1259,12.154784614286667,12.125691413879395,12.124448611599494,12.117293494160755,12.165305437595347,12.133689666689449
1260,11.92504173829169,11.920562744140625,11.94796954973144,11.947316263419967,12.000068321729506,11.95774568512252
1261,12.10625783509458,12.115200996398926,12.1218098961747,12.12998552927412,12.18423320063993,12.142997179979531
1262,11.766799946849087,11.755964279174805,11.759820901588956,11.7567650084809,11.74884236575799,11.754326135349705
1263,11.992266613576142,11.832353591918945,11.906026836997416,11.840456508943655,11.95645263806131,11.875962310201398
1264,12.103491596905931,12.011805534362793,12.011257675005641,12.041358031038083,12.013898312019274,12.026030059080975
1265,12.10625783509458,12.049476623535156,11.974659072337001,12.047063870279505,11.978926226019373,12.024549317910253
1266,12.12215284831553,12.02246379852295,12.04724085763799,12.054947528209215,12.010085192225489,12.034569238515974
1267,11.711784520403112,11.772212982177734,11.79373279236105,11.780977842342635,11.646107038958482,11.739085004072116
1268,12.843973993864076,12.67923355102539,12.724076891078038,12.666410426024985,12.670544104592496,12.67227444724635
1269,12.850557278777309,12.919422149658203,12.924935166865222,12.829539043948047,12.902021197007027,12.872974524240757
1270,11.87757552297847,11.842745780944824,11.810845622044749,11.807416369802695,11.907959074510803,11.84496665666173
1271,12.468440756144114,12.316990852355957,12.4308159508669,12.366427046008411,12.101626911107271,12.278976222938793
1272,12.132162346145595,12.091821670532227,12.077051173156642,12.078989863884042,12.100334435200928,12.087955571521887
1273,11.827743504053695,11.816617012023926,11.800232439018188,11.817457593097553,11.794695314217595,11.809843002511094
1274,12.083910661257521,12.050965309143066,12.090464987265594,12.025465703083485,12.028871072919205,12.033950079091788
1275,11.842236406331555,11.693734169006348,11.776749111519818,11.75613250956792,11.87390122276847,11.779538454003065
1276,11.827743504053695,11.843057632446289,11.88391624684747,11.847290291430744,11.859587683051625,11.85139963298921
1277,11.995357787034976,11.988597869873047,11.99633802729972,11.998712715515733,11.989100472351751,11.993678149369421
1278,12.19552218463499,12.144881248474121,12.153776315292756,12.116333521648745,12.191119360691857,12.145941255404987
1279,12.37581963951765,12.51492691040039,12.544185091640745,12.485442879988701,12.403566775679927,12.468881062722948
1280,11.133142723386813,11.179000854492188,11.377140070944579,11.460332152643705,11.109847205854013,11.294710893093416
1281,12.33270970174018,12.276922225952148,12.267794301743544,12.266423514852963,12.25544984816197,12.265312054097572
1282,12.100717685412471,12.139654159545898,12.140242189648449,12.135878729003007,12.211993375879137,12.15968476502918
1283,11.921725007667265,11.922468185424805,11.940918282870555,11.896060717215997,11.94880971928726,11.918864679645226
1284,11.842236406331555,11.869735717773438,11.866505932394798,11.857018421390089,11.780232391603818,11.836854673300083
1285,12.037659911047468,12.12252140045166,12.137833555884663,12.098816570071447,12.165514164917543,12.125060074204775
1286,11.794345471549745,11.731127738952637,11.726969662430713,11.728064539508335,11.78226078870637,11.744945439393772
1287,11.870606902224587,11.956854820251465,12.001805109392336,11.961393356298835,11.856285179775105,11.930273102818099
1288,12.154784614286667,12.067773818969727,12.089195854452633,12.17675528360722,12.066525244139156,12.118350155473511
1289,12.535379989788607,12.440377235412598,12.447657144785595,12.471952989137428,12.48847661168224,12.469638594422097
1290,12.546113507028412,12.531643867492676,12.51253975923446,12.519549329647965,12.58425556158095,12.541225306462334
1291,12.103491596905931,11.95997142791748,11.964421508396512,11.959526997743449,11.944995978290788,11.955419080187767
1292,11.691080018519527,11.692280769348145,11.63890307068154,11.67351701495118,11.699492568526189,11.68394695712982
1293,11.58525542883217,11.659869194030762,11.680365527022872,11.649203699947861,11.869554582309581,11.71871293837042
1294,12.000897933306716,12.098101615905762,12.122834425463859,12.118878707909259,12.07514037127609,12.10163068400665
1295,11.652696102959753,11.695639610290527,11.707106515235038,11.709635131509659,11.679967393599334,11.697774273781839
1296,11.83863282480007,11.843501091003418,11.820818371978635,11.82812054059913,11.757320228675608,11.809714951743398
1297,11.951186847493476,11.907059669494629,11.909347273746597,11.897886289028554,11.911545518404077,11.904261968743388
1298,11.849404844423074,11.86760139465332,11.87576234507523,11.901583757512077,11.913068279296184,11.897210626453216
1300,11.944714374881176,12.029059410095215,11.98809162931135,12.004977037229589,11.98982508821315,12.004742912298376
1301,12.323860125621126,12.300089836120605,12.299101399991665,12.314726162708252,12.33876031588317,12.318424782099482
1302,12.086731521684555,11.984665870666504,11.996373471069544,11.990990596568535,11.971996963903566,11.984178065792285
1303,12.577639650232573,12.609576225280762,12.661868972380102,12.65014373146524,12.653367228982578,12.643251368224664
1304,12.354496960983985,12.321247100830078,12.320843422141591,12.330275231105572,12.298055282157243,12.31841934713524
1305,11.775297421715827,11.891302108764648,11.94019027701704,11.85464464948335,11.828704576652715,11.857295742300627
1306,12.691583538230217,12.7074613571167,12.689255595138917,12.636889546301838,12.737151207899165,12.683242828270172
1307,12.218500103788143,12.205413818359375,12.209350611099481,12.17701486924153,12.220740481905843,12.197075982644861
1308,11.835016210489899,11.838532447814941,11.86843973367899,11.836488600021218,11.862828742088254,11.845936762038683
1309,11.898194668458823,11.866649627685547,11.881843585377137,11.890966860176551,11.882953202173308,11.883282876126422
1310,12.09626335986454,12.08512020111084,12.089100038233262,12.068116726158356,12.057921502219337,12.069247960180991
1311,12.721888795877375,12.645336151123047,12.61356615728506,12.709584356803822,12.704388447862051,12.691583081304021
1312,12.220966184120165,12.266894340515137,12.240626926996557,12.234636148723398,12.237229074060298,12.242200067660395
1313,12.618185607609803,12.65925121307373,12.674744953458571,12.656024945937535,12.729472423394947,12.67941683885522
1314,12.716405147731708,12.701645851135254,12.714710254851592,12.696996496098732,12.681985426146856,12.694047620580168
1315,11.686887175419702,11.737994194030762,11.718889009678566,11.739541682205653,11.63505409224272,11.70709225411407
1316,12.239995696974733,12.107619285583496,12.102088602159775,12.1250719749899,12.182247107310621,12.137904474452897
1317,12.596403811053621,12.563167572021484,12.492147290644944,12.561775597264802,12.533757828155055,12.55121199465711
1318,12.249615734512616,12.155152320861816,12.160880709342054,12.128248438878888,12.211353931385652,12.15985501194034
1319,12.524530013005734,12.469805717468262,12.463735296901687,12.468682689512491,12.500195400566703,12.478213986423466
1320,11.6172944892629,11.656233787536621,11.629401911854998,11.70235842077243,11.567124383648867,11.64975723120775
1321,11.960817678718287,11.997026443481445,11.944534426532886,11.983481526885539,12.03227031662984,11.999555787202578
1322,11.19135563385109,11.191140174865723,11.113395562538242,11.183346958438781,11.27344397226886,11.209589245765066
1323,12.154784614286667,12.264891624450684,12.26266688664451,12.279422047420343,12.326605568838582,12.290062970077086
1324,11.320565693461432,11.283127784729004,11.160335214660202,11.233613780784932,11.518343546550522,11.326763059657303
1325,11.898194668458823,12.580129623413086,12.534186591258232,12.541889852531204,12.551512726964,12.552310076950718
1326,10.915106645867503,11.011096000671387,11.027128898835326,10.986206099488392,11.12903202482439,11.035646166794356
1327,11.277215789596893,11.155844688415527,11.300562921672734,11.249382935260773,11.41417920496323,11.281644104771035
1328,11.779136168550774,11.691876411437988,11.768682217946198,11.784724352207528,11.823574734993226,11.776919688293962
1329,12.45293662970407,12.22348690032959,12.188398300482714,12.302218871709204,12.32578447429469,12.2892928403446
1330,12.081081821061819,12.14841365814209,12.131305103550075,12.145904543521604,12.097537253134412,12.131365808351765
1331,12.33270970174018,12.426847457885742,12.424763626101702,12.409082159516368,12.386905225915807,12.406581742015035
1332,11.794345471549745,11.775650024414062,11.7870567235183,11.766137773418473,11.792994301403633,11.776879620831512
1333,11.51293546492023,11.648869514465332,11.678284723316525,11.614059139449553,11.559652567387829,11.607032911028453
1334,11.74006900564972,11.795774459838867,11.798157515495186,11.756499581284121,11.76604927134838,11.76882693387698
1335,11.736077016252437,11.707719802856445,11.695401749132161,11.70659867418401,11.659199040257938,11.692186365484169
1336,12.031129798974042,11.981278419494629,11.969469613394258,12.020047590349138,11.97472356094622,11.996756974758028
1337,11.813037464800539,11.888766288757324,11.902240502338516,11.865082960466637,11.850538365278833,11.866831181340402
1338,10.868587496017359,11.018756866455078,10.965848413440519,10.999751041483716,10.991317040204388,10.9999095536262
1339,12.206077645517674,12.29768180847168,12.319513877966662,12.281722458132556,12.361870455199066,12.310388374360464
1340,11.763691965388299,11.720290184020996,11.757176310133339,11.704869302541088,11.785140564235807,11.733967760012376
1341,11.719947764402807,11.555329322814941,11.594004951137071,11.577066200249238,11.610510270525877,11.583279996500762
1342,11.951186847493476,11.965012550354004,12.006964246713144,11.980281532590286,11.93117524820242,11.963333475975704
1343,12.339295865674435,12.451233863830566,12.469214029369677,12.433778398905801,12.396552949200743,12.427377940927988
1344,12.083910661257521,12.054767608642578,12.035322367496608,12.044869578656355,12.029849854918487,12.042039161774902
1345,11.95655945119582,12.141273498535156,12.107140383869108,12.118629688742931,12.171032635002465,12.13860110962357
1346,11.59451466851004,11.334555625915527,11.333475544949605,11.420912779716,11.467861026889683,11.414380887913662
1347,12.47801017053037,12.510099411010742,12.464636119573258,12.498065581467765,12.530359438957007,12.509064515057087
1348,12.554840409959793,12.567752838134766,12.559102827234264,12.558281744644596,12.63001457117102,12.581808104674108
1349,12.278397958261774,12.405810356140137,12.434853746942911,12.393396438855536,12.321905140536263,12.37587553422441
1350,11.711784520403112,11.925646781921387,11.94821144794945,11.80048697347046,11.791568055804923,11.828461043303706
1351,12.206077645517674,12.087930679321289,12.141331804291724,12.090624377946696,12.183887338933236,12.11988058189364
1352,12.049424683420915,11.983721733093262,11.977686189144132,12.029044913900215,12.022342153987474,12.016002915995704
1353,11.812296455066814,11.782115936279297,11.787127723926261,11.817313575159403,11.823786894121238,11.81103413479681
1354,12.923914877701906,12.940401077270508,13.004357275821794,12.968892847767217,12.885062648489058,12.939114951586
1355,12.367345048436391,12.365238189697266,12.354011997336872,12.354803547658719,12.356074467485186,12.357285204018881
1356,12.04355959836804,12.181615829467773,12.177486943839742,12.162001802676988,12.171307732860491,12.169337013209876
1357,11.608244735642321,11.61368465423584,11.583025990979593,11.65570500924305,11.594349183773929,11.626162265961586
1358,11.917730355182513,11.997673988342285,11.95087675455328,11.989719551507928,12.013859962436674,11.99724707518324
1359,12.086731521684555,12.050750732421875,12.058426164081327,12.054352058167506,12.02624563824403,12.045309296576892
1360,12.660331092405906,12.81541919708252,12.835660630225819,12.83939302441983,12.793293635847157,12.820515875400298
1361,12.149507585033072,12.141087532043457,12.106334612872292,12.123236892700685,12.239223367133809,12.161159764628428
1362,12.468440756144114,12.397640228271484,12.394146133534543,12.379860583938886,12.543075740772693,12.433054263218878
1363,11.560772327227417,11.729513168334961,11.657179965779125,11.663996310670411,11.672272825492767,11.679603027264609
1364,11.963574241653713,11.978248596191406,12.045174155133287,12.012176810704203,12.056460822998503,12.019723489710213
1365,11.878630514504515,11.894537925720215,11.893444525532809,11.89398011284549,11.829084933706289,11.874563874721977
1366,12.283038316285214,12.262980461120605,12.293449629077703,12.239540584341023,12.26722667475954,12.254519277483052
1367,12.170450649220749,12.2388916015625,12.231649852604706,12.248932166810699,12.187104163483852,12.22769472282615
1368,11.751950239425476,11.831990242004395,11.829829112057356,11.824947805448096,11.757693522646996,11.806332715281144
1369,11.87757552297847,11.869531631469727,11.854821991404258,11.86308306607321,11.8132386202285,11.849123886387954
1370,12.354496960983985,12.450899124145508,12.43000949694509,12.421530191165868,12.33834278641482,12.402801145655001
1371,11.561725152903833,11.585611343383789,11.611368571487443,11.640136058908984,11.614844379848428,11.620415750511079
1372,12.016732516077072,12.065791130065918,12.066523784713064,12.075295060826193,12.109430081821895,12.083315381083665
1373,12.521981322562505,12.429220199584961,12.449123473715874,12.429684169205059,12.502058997137967,12.452026345046987
1374,13.05301544288996,13.058151245117188,13.085592702368976,13.101459715490435,13.072562809311126,13.083390917547115
1375,12.429220196836383,12.39264965057373,12.463865774572838,12.411648346958366,12.429787611462455,12.415046747752331
1376,12.384223015005313,12.522716522216797,12.489989167836685,12.419215420826854,12.41475583846188,12.441436675583063
1377,11.418625774449598,11.4251070022583,11.496243214358284,11.486922055539003,11.430646676669216,11.457725854825695
1378,11.669937760751914,11.78486156463623,11.820081874324094,11.831555389887162,11.75864639736643,11.799716794690603
1379,11.326607934898927,11.506458282470703,11.474214025458176,11.49869103846781,11.478793923635111,11.493440167007776
1380,12.02874460037869,11.893980979919434,11.899862873187969,11.93285932317043,11.938204523561868,11.925392565810668
1381,10.97679912709094,11.075876235961914,11.190590054328062,11.112864009802799,11.23300080142844,11.144149685458645
1382,12.377927112974284,12.268413543701172,12.243136745851,12.351881012287265,12.361191298838397,12.333880359030601
1383,11.964007453736912,11.899277687072754,11.95140471115088,11.930582580725025,11.940764694846848,11.927987201445632
1384,11.626263078808801,11.889992713928223,11.899552777596554,11.931547272360561,11.92794586983814,11.920879970845519
1385,11.561725152903833,11.664177894592285,11.659160068591431,11.619692622231486,11.604638348382453,11.625608467488746
1386,11.74006900564972,11.66042423248291,11.61343106838914,11.626797901209793,11.631579698637573,11.634625033576784
1387,12.429220196836383,12.556641578674316,12.648410832338591,12.533141669910867,12.590809863331248,12.559282757882809
1388,11.820417517632333,11.9553804397583,11.961138248810638,11.994132105412495,12.052119605696241,12.00251863130151
1389,12.84132849667433,12.76794719696045,12.77399934198635,12.738156223074574,12.734974435136497,12.744520059826826
1390,11.782960235741939,11.811116218566895,11.79527681914444,11.814634888289964,11.767896619748669,11.799191538408952
1391,12.367345048436391,12.3084135055542,12.319329583021636,12.318415399688604,12.291674183408032,12.308368358870482
1392,11.728044909070785,11.71194076538086,11.775426926166556,11.817449399729902,11.72666827183356,11.76718470637458
1393,11.719947764402807,11.789739608764648,11.71134767799846,11.792168821046852,11.727644341880808,11.769460617532435
1394,12.001511614739405,11.829085350036621,11.812049611054096,11.903643106635991,11.8182843479837,11.859592582819383
1395,12.415437707935368,12.321942329406738,12.346095049291122,12.297692354983687,12.33067149214196,12.314235926265228
1396,12.546871224308068,12.5752592086792,12.598526339243518,12.60996116824628,12.53275628857228,12.579276857229498
1397,11.982935344196433,11.991588592529297,12.081256105438493,12.010286781421476,11.852022660894555,11.961361914618555
1398,11.83138646878959,11.829768180847168,11.805338771652016,11.818992126700794,11.82547538042997,11.822662830072648
1399,11.835016210489899,11.806769371032715,11.784867247479722,11.8658456479738,11.911879063325003,11.864824706508188
1400,11.831022768939789,11.951440811157227,11.93102477368118,11.912595547193554,11.900666596487865,11.917569054539696
1401,11.695255355062795,11.768630981445312,11.721697694506377,11.709773772881528,11.712934392585604,11.723137082115812
1402,12.170450649220749,12.126021385192871,12.138593483641378,12.081898429538715,12.175162992427808,12.120907071469091
1403,12.174994689959313,12.153977394104004,12.159141568669876,12.169667326183157,12.153318352902895,12.161187109296321
1404,12.552930054797935,12.443745613098145,12.423208530342391,12.413750562526255,12.470565022518052,12.437276005483763
1405,11.561725152903833,11.206975936889648,11.30238562870318,11.347959423449394,11.376624627394467,11.32625218236374
1406,12.524530013005734,12.51895523071289,12.520044993194222,12.588149872284278,12.565435637051934,12.564844815376576
1407,11.798111925972618,11.76179027557373,11.770062555752327,11.76633413371947,11.779772708312334,11.769578072740007
1408,11.626263078808801,11.7091703414917,11.674617049978474,11.706008601074783,11.605535224912892,11.675352264281724
1409,11.74006900564972,11.66414737701416,11.55962544432173,11.63094653017903,11.654717258877282,11.64237889071914
1410,12.278397958261774,12.251163482666016,12.293169212794563,12.323113602822866,12.241294490456628,12.28280470330226
1411,12.345838935721968,12.30229663848877,12.314705297083657,12.299128792315607,12.286303191784773,12.296460600924942
1412,11.849404844423074,11.939108848571777,11.923976861214953,11.911021356723639,12.00459871493212,11.94533277286523
1413,11.407576060361786,11.506754875183105,11.491879639141292,11.498853669134206,11.513825366044077,11.504722950335596
1414,12.456835254920371,12.45426082611084,12.460622487397504,12.456919048638106,12.478796348753507,12.46308368057076
1415,12.240478903153711,12.143543243408203,12.163693208672267,12.17396964217881,12.149140698942265,12.159944507220205
1416,12.077676615757813,12.290557861328125,12.288681532465036,12.270506600802282,12.270210506090965,12.275137632131058
1417,11.715874472198905,11.688802719116211,11.654480891912987,11.65254560193845,11.723177407964148,11.681240025983366
1418,12.73670383776449,12.692279815673828,12.723396242688572,12.680521579465262,12.659811763447202,12.678184247551886
1419,11.728044909070785,11.792437553405762,11.757641463109099,11.766047716454771,11.811580422540047,11.784824476852677
1420,12.314931534737134,12.25910472869873,12.266914774325356,12.290776523938074,12.365799813666575,12.30604609961275
1421,12.100161978566867,12.024187088012695,12.040443022590821,12.018991099178365,12.037623641304512,12.026399017165275
1422,11.755879486687116,11.862492561340332,11.861123309902236,11.850307200220149,11.842049776201733,11.850684989533136
1423,11.824087219587643,11.854247093200684,11.864028463774416,11.87165676507794,11.821213646433073,11.85267612849573
1424,12.524420916542532,12.13029670715332,12.121278032434816,12.193246059271953,12.33774931655512,12.221355042889467
1425,11.87757552297847,11.878774642944336,11.860718977616028,11.888837050990894,11.798775097261323,11.858729206603094
1426,11.863589378812122,11.890328407287598,11.885347444299821,11.898694333437177,11.880650262783877,11.891099268623543
1427,12.509877789891931,12.435434341430664,12.455217871601889,12.422227364017486,12.512002142867118,12.453059480980812
1428,11.849404844423074,11.816556930541992,11.829545477098442,11.832289650738103,11.806896880253152,11.821352469712226
1429,11.686887175419702,11.637612342834473,11.670561410141495,11.655426417114194,11.62860647951071,11.644258187096703
1430,12.116700301832573,12.121481895446777,12.13242026003608,12.14159262647813,12.153430136175857,12.140732854127236
1431,12.165984756488543,12.102399826049805,12.102898956362065,12.103116545230064,12.171569060766036,12.1235437188778
1432,11.87583791515714,11.815361976623535,11.804000446156769,11.797582942163029,11.77854160858238,11.795705617714383
1433,11.07443600653965,11.571015357971191,11.573886032275619,11.555658366830047,11.5628881980009,11.56159704571408
1434,12.136191879981927,12.138014793395996,12.115585085352336,12.107175916996589,12.18063735087409,12.135841926412986
1435,11.982935344196433,11.988073348999023,11.998183498386194,11.979929695318255,11.937321959415634,11.969414747674808
1436,12.066816325306588,12.003732681274414,12.036895138612586,12.066991662069857,12.041081458084713,12.045258654535283
1437,11.699413330633599,11.691710472106934,11.706178221215495,11.706009193102064,11.624546412911425,11.678607791393414
1438,12.885673487343764,12.748286247253418,12.762985278756194,12.739182133975964,12.801979127354251,12.760746990165892
1439,11.916395250412128,11.940459251403809,11.940771368991388,11.914061648067513,11.898789226833586,11.915780685265316
1440,12.190964083849375,12.10571002960205,12.109727513030812,12.091941476604267,12.108514587599949,12.10035012070196
1441,12.160033942617156,12.28016185760498,12.200239678449433,12.321407810380025,12.3356486097684,12.313063946779245
1442,11.913719681428494,11.882098197937012,11.872418707016356,11.882513722150843,11.832365717152001,11.867000200297408
1443,12.644330802262578,12.797277450561523,12.713105413348778,12.692606611323912,12.77777230025268,12.74026301061862
1444,11.703554089007538,11.617342948913574,11.59995154180519,11.605468088582612,11.162159438044359,11.474412115802233
1445,12.098493002763465,12.172115325927734,12.166083169678014,12.170642545392043,12.099348803099893,12.14934898173927
1446,11.767575435251748,11.740253448486328,11.764290456166629,11.731800310009502,11.82363983127108,11.762266726833827
1447,11.969723533345908,11.880915641784668,11.930769832247016,11.939242966556536,11.869585113323216,11.906114808744409
1448,12.388398368982115,12.540484428405762,12.501446730122279,12.533103332517747,12.4487827219664,12.508154353678876
1449,11.626263078808801,11.651928901672363,11.646872219006253,11.59424945668774,11.559682402551324,11.597446136340952
1450,11.429554725537322,11.341164588928223,11.347195671853655,11.372299661258678,11.291910571558807,11.340909311721735
1451,11.820417517632333,11.835830688476562,11.792688382964558,11.807627634406444,11.740634530818436,11.792714749412779
1452,12.567554517655415,12.451440811157227,12.47432688912899,12.454933480386737,12.42658705695204,12.446373931440737
1453,11.884495917930655,11.823668479919434,11.834048410098577,11.796393002105837,11.813975565433719,11.808550121984991
1454,11.344518647594766,11.691328048706055,11.7196582751316,11.77883435825541,11.801593832562899,11.76577933675059
1455,12.128116509451258,12.14233684539795,12.13139094687227,12.118816123805779,12.18027708996641,12.142527281062158
1456,12.07254696717504,12.08710765838623,12.076046408816762,12.075987548573478,12.105587981574557,12.087156054467362
1457,12.25486757159303,12.181676864624023,12.25890371267126,12.22384973770695,12.22288022189848,12.216181463446556
1458,12.493133274926212,12.515839576721191,12.467865769673953,12.434728388695856,12.692750835765436,12.529992985133081
1459,11.864469267087891,11.832985877990723,11.84876982783383,11.818492798020577,11.920883817093447,11.853285820965947
1460,11.901590234400047,11.880268096923828,11.923819466015118,11.938063240572154,11.897102424687354,11.913470723951583
